{"type":"FeatureCollection","features":[{"type":"Feature","properties":{"name":"<at><openparen>Alabama<closeparen>","STATEFP":"01","STATENS":"01779775","GEOIDFQ":"0400000US01","GEOID":"01","STUSPS":"AL","NAME":"Alabama","LSAD":"00","ALAND":"131186429591","AWATER":"4580729056"},"geometry":{"type":"Polygon","coordinates":[[[-88.4686624840513,31.8938557116156],[-88.468669,31.790722],[-88.4636253046849,31.6979423713502],[-88.459478,31.621652],[-88.4494460690171,31.4358368612776],[-88.44866,31.421277],[-88.432007,31.114298],[-88.4260209637871,30.9982813574303],[-88.4150475999783,30.7856042566701],[-88.4124674313592,30.7355974592153],[-88.41227,30.731771],[-88.403931,30.543359],[-88.395023,30.369425],[-88.364022,30.388006],[-88.311608,30.368908],[-88.257764,30.318933],[-88.195664,30.321242],[-88.136173,30.320729],[-88.105699,30.401865],[-88.103768,30.500903],[-88.081617,30.546317],[-88.064898,30.588292],[-88.061998,30.644891],[-88.0094372213328,30.6841777355192],[-88.008396,30.684956],[-87.93107,30.652694],[-87.914956,30.585893],[-87.901711,30.550879],[-87.933355,30.487357],[-87.914136,30.446144],[-87.865017,30.38345],[-87.796717,30.324198],[-87.806466,30.279798],[-87.893201,30.239237],[-87.818867,30.228314],[-87.656888,30.249709],[-87.518324,30.280435],[-87.452282,30.344097],[-87.431784,30.403193],[-87.366601,30.436643],[-87.414685,30.457289],[-87.444722,30.507484],[-87.43145,30.550252],[-87.401189,30.604383],[-87.400189,30.657201],[-87.442291,30.692661],[-87.523621,30.738285],[-87.542268,30.767481],[-87.634943,30.865857],[-87.592064,30.95146],[-87.598937,30.997422],[-87.5988289462621,30.9974221769053],[-87.519533,30.997552],[-87.425791,30.998058],[-87.312206,30.998404],[-87.163645308459,30.999021835748],[-87.162644,30.999026],[-86.927851,30.997678],[-86.831979,30.997354],[-86.7856919760059,30.9969829935168],[-86.6882409642461,30.9962018900015],[-86.563494,30.995202],[-86.3886446620004,30.9945282152752],[-86.364974,30.994437],[-86.1872480489813,30.9940667234622],[-86.1327206705317,30.9939531204189],[-86.0350381049506,30.9937496073023],[-85.893632,30.993455],[-85.749715,30.995282],[-85.4980015850895,30.9978650493614],[-85.4882982889391,30.9979646232873],[-85.333319,30.999555],[-85.145959,31.000693],[-85.031285,31.000647],[-85.002499,31.000682],[-85.011392,31.053546],[-85.0211075623628,31.0754638723064],[-85.035615,31.108192],[-85.107516,31.186451],[-85.108192,31.258591],[-85.089774,31.295026],[-85.0888299635305,31.3086477554966],[-85.087929,31.321648],[-85.092487,31.362881],[-85.066005,31.431363],[-85.071621,31.468384],[-85.0516814295062,31.5195403291417],[-85.041881,31.544684],[-85.05796,31.57084],[-85.058169,31.620227],[-85.12553,31.694965],[-85.11893,31.732664],[-85.1254405773425,31.7629687034183],[-85.1291593155832,31.7802782680766],[-85.141831,31.839261],[-85.114031,31.89336],[-85.067829,31.967358],[-85.0635905429847,31.991857],[-85.0514111279128,32.062256083622],[-85.047063,32.087389],[-85.058749,32.136018],[-84.997765,32.185445],[-84.930127,32.219051],[-84.9199421479259,32.2308482009333],[-84.891841,32.263398],[-84.955704,32.30591],[-85.008096,32.336677],[-84.983466,32.363186],[-84.9811502941337,32.3790400766818],[-84.971831,32.442843],[-84.9997867563101,32.5070669687837],[-85.0011308391237,32.5101547883978],[-85.0071,32.523868],[-85.069848,32.583146],[-85.0760723726048,32.6080674751571],[-85.088533,32.657958],[-85.11425,32.730447],[-85.1245332227506,32.7516296067514],[-85.160963,32.826672],[-85.1844,32.861317],[-85.1861174017892,32.8701382699716],[-85.232441,33.108075],[-85.2365953712528,33.1295440282507],[-85.2943468643453,33.4279931463646],[-85.3049438332249,33.4827563368455],[-85.314048,33.529805],[-85.3381162999059,33.6531143916014],[-85.360532,33.767957],[-85.3866705737728,33.9017014940033],[-85.398871,33.964128],[-85.4210731752288,34.0808126526072],[-85.429499,34.125095],[-85.4631408247758,34.2861909885055],[-85.502471,34.474526],[-85.5130442292733,34.5239464713237],[-85.526894818161,34.5886856927335],[-85.5344052578154,34.6237903384358],[-85.561424,34.750079],[-85.5828123337853,34.8604354744776],[-85.595165,34.924171],[-85.605165,34.984678],[-85.8639461118069,34.9870308587481],[-86.311274,34.991098],[-86.3187607654651,34.9910785804428],[-86.467798,34.990692],[-86.783628017169,34.991924921992],[-86.783648,34.991925],[-86.8362863159495,34.992803004217],[-87.2107585799823,34.9990491809997],[-87.216683,34.999148],[-87.2240536418757,34.9992307419721],[-87.424908998267,35.0014855209409],[-87.6060978676533,35.0035195262043],[-87.625025,35.003732],[-87.851886,35.005656],[-87.9849160436989,35.0059101243258],[-88.000032,35.005939],[-88.202959,35.008028],[-88.200064,34.995634],[-88.154617,34.922392],[-88.097888,34.892202],[-88.134263,34.62266],[-88.1395594412474,34.5816967458839],[-88.1549021840087,34.46303430044],[-88.1732617345949,34.3210395343343],[-88.2035834952194,34.0865277314681],[-88.207229,34.058333],[-88.2483874739095,33.7449075948817],[-88.254445,33.698779],[-88.2745163342439,33.534002598714],[-88.3044428135104,33.28832],[-88.317135,33.184123],[-88.3400849921393,32.991264337875],[-88.3474902478349,32.9290347868805],[-88.373338,32.711825],[-88.3892485641243,32.5781223959586],[-88.4213122213943,32.3086791230113],[-88.428278,32.250143],[-88.4311453634628,32.2276362346889],[-88.46866,31.933173],[-88.4686624840513,31.8938557116156]]]}},{"type":"Feature","properties":{"name":"<at><openparen>Alaska<closeparen>","STATEFP":"02","STATENS":"01785533","GEOIDFQ":"0400000US02","GEOID":"02","STUSPS":"AK","NAME":"Alaska","LSAD":"00","ALAND":"1479893380150","AWATER":"244326118163"},"geometry":{"type":"MultiPolygon","coordinates":[[[[179.481318,51.975301],[179.484634,51.921268],[179.543516,51.890926],[179.649484,51.87367],[179.743012,51.911749],[179.773922,51.970693],[179.636846,52.025712],[179.582857,52.016841],[179.481318,51.975301]]],[[[178.600493,51.655256],[178.604866,51.616015],[178.7724,51.554119],[178.869249,51.556986],[178.930219,51.530089],[179.031533,51.449884],[179.253271,51.337239],[179.480418,51.36386],[179.41824,51.416195],[179.295785,51.419232],[179.195247,51.477871],[178.92533,51.623904],[178.6606,51.683065],[178.600493,51.655256]]],[[[178.463385,51.987849],[178.432461,51.965533],[178.502493,51.899644],[178.539395,51.903246],[178.591597,51.952652],[178.552612,51.973968],[178.463385,51.987849]]],[[[178.204442,51.83089],[178.270955,51.765186],[178.374074,51.747856],[178.378009,51.792626],[178.329699,51.836792],[178.204442,51.83089]]],[[[178.093673,52.055141],[178.079214,52.01896],[178.120941,51.977012],[178.2009,51.991156],[178.201313,52.031502],[178.154769,52.061421],[178.093673,52.055141]]],[[[177.213086,51.920358],[177.178789,51.879219],[177.262195,51.861891],[177.311768,51.825971],[177.334229,51.866769],[177.371263,51.901945],[177.409536,51.930821],[177.49928,51.922033],[177.601005,51.922254],[177.611553,51.950829],[177.572068,52.001812],[177.609087,52.028518],[177.675952,52.092167],[177.648654,52.1309],[177.581271,52.144927],[177.521006,52.063062],[177.460539,51.999751],[177.367363,51.968375],[177.310827,51.933273],[177.213086,51.920358]]],[[[173.863992,52.792483],[173.819039,52.759805],[173.975116,52.707459],[174.158146,52.706059],[174.140115,52.750737],[174.067293,52.757637],[173.863992,52.792483]]],[[[173.439026,52.470528],[173.319948,52.412058],[173.48638,52.368613],[173.543778,52.392666],[173.651293,52.35637],[173.725696,52.356579],[173.748301,52.392346],[173.702252,52.434804],[173.772799,52.509905],[173.638061,52.524209],[173.555739,52.479472],[173.439026,52.470528]]],[[[172.458911,52.954548],[172.472857,52.890234],[172.585075,52.921327],[172.669943,52.913011],[172.754236,52.87749],[172.763366,52.823656],[172.809387,52.78929],[172.903628,52.761667],[172.9826,52.79108],[173.096237,52.786782],[173.166899,52.795229],[173.204948,52.848911],[173.284417,52.827933],[173.423819,52.828799],[173.425362,52.868345],[173.251326,52.944362],[173.121988,52.990352],[172.792872,53.008568],[172.643266,53.004979],[172.458911,52.954548]]],[[[-133.935016,55.920689],[-133.92025,55.860295],[-133.861039,55.848844],[-133.700468,55.837421],[-133.701152,55.78516],[-133.643324,55.729037],[-133.716665,55.660223],[-133.728549,55.593128],[-133.75287,55.544282],[-133.789055,55.457892],[-133.697898,55.454759],[-133.630945,55.416114],[-133.633006,55.361299],[-133.690174,55.304409],[-133.658359,55.232674],[-133.596762,55.218233],[-133.586605,55.3088],[-133.468217,55.281678],[-133.471938,55.247527],[-133.404497,55.214992],[-133.341259,55.205701],[-133.281979,55.217117],[-133.232491,55.198828],[-133.215086,55.136876],[-133.239695,55.092415],[-133.197719,55.033404],[-133.164788,54.976909],[-133.099047,54.919007],[-132.990589,54.820994],[-132.918751,54.783253],[-132.87721,54.753772],[-132.866355,54.700386],[-132.753019,54.673244],[-132.674324,54.674652],[-132.639032,54.753251],[-132.509371,54.781258],[-132.403533,54.784596],[-132.366389,54.751197],[-132.307943,54.718714],[-132.228223,54.72517],[-132.165182,54.69405],[-132.029747,54.701189],[-131.999591,54.731975],[-131.957914,54.791239],[-131.983324,54.897813],[-131.984592,55.027978],[-132.027513,55.104675],[-131.977397,55.180949],[-132.037122,55.275144],[-132.126398,55.288418],[-132.258056,55.416142],[-132.142945,55.457941],[-132.301119,55.55096],[-132.382505,55.665336],[-132.462531,55.673854],[-132.470697,55.782162],[-132.618464,55.911476],[-132.837592,56.024327],[-132.85978295117,56.0527693270234],[-132.896433,56.099744],[-132.833864,56.103904],[-132.887585,56.172938],[-132.966922,56.224276],[-133.039877412399,56.2390403800957],[-133.07823,56.246802],[-133.158233,56.314768],[-133.197009,56.333016],[-133.41837,56.332132],[-133.582116,56.352506],[-133.656415,56.326909],[-133.656889,56.281228],[-133.6721,56.222734],[-133.643817,56.127739],[-133.659241,56.083818],[-133.7314,56.028857],[-133.816363,55.964025],[-133.935016,55.920689]]],[[[-134.392983,56.864284],[-134.418534,56.822333],[-134.376274,56.668608],[-134.30112,56.620317],[-134.320134,56.554484],[-134.241938,56.555531],[-134.197967,56.531028],[-134.25192,56.44455],[-134.243126,56.395778],[-134.294679,56.335888],[-134.282212,56.254789],[-134.259749,56.13444],[-134.202178,56.035175],[-134.291804,55.926219],[-134.374965,55.928492],[-134.344652,55.846312],[-134.311763,55.812285],[-134.255096,55.844614],[-134.208251,55.876709],[-134.118062,55.914642],[-134.099805,55.98414],[-134.121868,56.029895],[-134.087446,56.094939],[-134.018043,56.088176],[-133.960525,56.091359],[-133.927725,56.145949],[-133.941986,56.180095],[-133.88114,56.223197],[-133.876624,56.275884],[-133.834555,56.319801],[-133.821628,56.391602],[-133.655468,56.442279],[-133.460634,56.45412],[-133.415081566935,56.4564601889074],[-133.300571,56.462343],[-133.183493,56.454241],[-133.041726,56.518356],[-132.933042,56.5222],[-132.806838,56.505492],[-132.671154,56.543071],[-132.611326,56.599913],[-132.619258,56.660778],[-132.743207,56.71372],[-132.796602,56.776932],[-132.903211,56.80361],[-132.98137,56.92738],[-133.104611,57.005701],[-133.317871026437,57.0026747376997],[-133.334272,57.002442],[-133.536258,57.0387],[-133.739433,57.072184],[-133.887957,57.097744],[-134.008856,57.074578],[-134.049218,57.029203],[-133.921451,56.961511],[-133.86904,56.845938],[-133.942936,56.805551],[-134.006635,56.851587],[-134.047753,56.923],[-134.147103,56.95697],[-134.193751,56.933598],[-134.270459,56.93558],[-134.392983,56.864284]]],[[[-134.960502,58.403758],[-134.958171,58.322057],[-134.864299,58.180489],[-134.783772,58.082292],[-134.752398,57.938956],[-134.709024,57.780498],[-134.695428,57.685335],[-134.607557,57.513042],[-134.55554,57.407428],[-134.640169,57.239852],[-134.634565,57.109863],[-134.565687,57.023737],[-134.497718,57.031194],[-134.443786,57.062292],[-134.386052,57.087392],[-134.378359,57.115016],[-134.302721,57.136562],[-134.193629,57.184879],[-134.100118,57.266285],[-133.983501,57.302838],[-133.875673,57.267613],[-133.840895,57.271074],[-133.786398,57.311528],[-133.866931,57.367869],[-133.871581,57.484158],[-133.8176,57.568353],[-133.808285,57.609604],[-133.896846,57.685524],[-133.904874,57.807406],[-133.999948,57.91481],[-134.087572,57.996475],[-134.138231,58.047103],[-134.183983,58.077295],[-134.174352,58.125284],[-134.256223,58.144793],[-134.262050642365,58.1440173156308],[-134.329872,58.13499],[-134.46176,58.159289],[-134.608911,58.171637],[-134.699956,58.161494],[-134.724372268416,58.2112501528181],[-134.735829,58.234597],[-134.788441,58.28909],[-134.865084,58.357276],[-134.960502,58.403758]]],[[[-136.563223,58.035052],[-136.573288,57.926844],[-136.484259,57.89646],[-136.458829,57.853901],[-136.372377,57.832587],[-136.371913581412,57.8321657315344],[-136.304684,57.771051],[-136.250818,57.684831],[-136.238166,57.625991],[-136.163059,57.558861],[-136.088071,57.555291],[-136.047547,57.513762],[-135.943766,57.45878],[-135.892131,57.408048],[-135.85816,57.321358],[-135.837719,57.282068],[-135.870519,57.221639],[-135.832253,57.170647],[-135.753581,57.167168],[-135.755007,57.123972],[-135.844612,57.083568],[-135.856021,56.995636],[-135.825598,56.989032],[-135.63688,57.009874],[-135.604555,57.045834],[-135.571504,57.105697],[-135.457907,57.070165],[-135.353447,57.020905],[-135.442339,56.942355],[-135.476817,56.891232],[-135.506869,56.865978],[-135.550718,56.841228],[-135.467177,56.77141],[-135.362241,56.758742],[-135.305077,56.726382],[-135.21583,56.66534],[-135.175826,56.677876],[-135.123389,56.602823],[-135.058238,56.529453],[-134.977082,56.437294],[-134.915911,56.360555],[-134.839411,56.309403],[-134.810171,56.244987],[-134.763535,56.210363],[-134.674028,56.166925],[-134.653827,56.198385],[-134.634668,56.265832],[-134.634828,56.345297],[-134.64177,56.445479],[-134.669778,56.524129],[-134.626943,56.553868],[-134.615955,56.637289],[-134.62967,56.709596],[-134.663434,56.804687],[-134.695735,56.900791],[-134.738223,56.975741],[-134.854948,57.264766],[-134.825579,57.372143],[-134.824891,57.500067],[-134.939924,57.763612],[-134.950745937855,57.783703180253],[-135.004952,57.884338],[-134.926395,57.921919],[-134.950844,58.036993],[-135.108896,58.08827],[-135.275797,58.097024],[-135.497911,58.168882],[-135.712398,58.231892],[-135.78338,58.286709],[-135.877468,58.259852],[-136.033678,58.276728],[-136.176442,58.265111],[-136.290349,58.251761],[-136.387113,58.252414],[-136.365544,58.148854],[-136.446286,58.11334],[-136.538708,58.093482],[-136.563223,58.035052]]],[[[-152.064099,60.417137],[-152.079995,60.341191],[-151.956263,60.367841],[-151.891542,60.440177],[-151.839194,60.485862],[-151.952456,60.510609],[-152.064099,60.417137]]],[[[-153.597411,59.386827],[-153.546695,59.331348],[-153.515286,59.320878],[-153.386898,59.33075],[-153.347772,59.377985],[-153.412493,59.415105],[-153.489005,59.41523],[-153.597411,59.386827]]],[[[-154.779663,57.366335],[-154.79384,57.288862],[-154.691855,57.28411],[-154.594977,57.257161],[-154.523432,57.129106],[-154.528538,57.001892],[-154.40749,56.968334],[-154.312888,56.918673],[-154.305713,56.846871],[-154.129017,56.742168],[-154.153147,56.681697],[-154.017042,56.689311],[-153.97178,56.744861],[-153.90215,56.771208],[-153.83964,56.822099],[-153.776468,56.830315],[-153.699409,56.855382],[-153.603624,56.887336],[-153.541492,56.887875],[-153.543429,56.995245],[-153.580831,57.049048],[-153.48652,57.085915],[-153.404263,57.080511],[-153.342018,56.982825],[-153.266822,56.999643],[-153.200217,57.042039],[-153.06433,57.10379],[-152.90054,57.132076],[-152.880321,57.164798],[-152.949333,57.187346],[-152.943463,57.256956],[-152.818187,57.265368],[-152.695698,57.281318],[-152.630441,57.322668],[-152.601148,57.382165],[-152.570527,57.448909],[-152.474883,57.434204],[-152.323687,57.34266],[-152.253603,57.384019],[-152.323683,57.467861],[-152.259641,57.527156],[-152.159677,57.593614],[-152.161617,57.623287],[-152.313974,57.63642],[-152.386805,57.667923],[-152.440182,57.72664],[-152.298762,57.745925],[-152.212247,57.791433],[-152.351152,57.834768],[-152.324103,57.916604],[-152.422573,57.948662],[-152.432608,57.976029],[-152.526283,57.913266],[-152.635378,57.91861],[-152.681204,57.875675],[-152.753437,57.834452],[-152.790211,57.858058],[-152.804807,57.899175],[-152.751978,57.933466],[-152.722524,57.987364],[-152.766673,58.029887],[-152.656801,58.061049],[-152.529036,58.093779],[-152.482674,58.129813],[-152.374399,58.120014],[-152.265111,58.135732],[-152.112205,58.148559],[-152.03412,58.183737],[-151.862321,58.168265],[-151.795696,58.211096],[-151.817111,58.263444],[-151.981781,58.347971],[-152.08925,58.367644],[-152.129257,58.396414],[-152.227835,58.376424],[-152.301713,58.428697],[-152.35609,58.42347],[-152.34486,58.39163],[-152.387343,58.359499],[-152.432235,58.355221],[-152.49848,58.372351],[-152.512483,58.427349],[-152.467197,58.476609],[-152.38761,58.52287],[-152.337212,58.589095],[-152.354709,58.63828],[-152.453817,58.618515],[-152.560171,58.61968],[-152.61613,58.601852],[-152.66622,58.544087],[-152.640313,58.469868],[-152.733845,58.460662],[-152.787776,58.411313],[-152.883107,58.400443],[-152.925586,58.339686],[-153.044316,58.306336],[-153.101841,58.257938],[-153.202801,58.20808],[-153.223709,58.16212],[-153.316127,58.14039],[-153.362281,58.106786],[-153.419783,58.059638],[-153.365574,58.039052],[-153.299009,57.985626],[-153.386422,57.936526],[-153.484603,57.9765],[-153.533204,57.941117],[-153.512024,57.909156],[-153.648798,57.880103],[-153.721176,57.890615],[-153.781408,57.876417],[-153.93522,57.813047],[-153.930279,57.696791],[-153.994572,57.656905],[-154.196959,57.664639],[-154.292471,57.644223],[-154.411385,57.598452],[-154.52206,57.577786],[-154.618704,57.514972],[-154.69331,57.446085],[-154.779663,57.366335]]],[[[-154.840415,56.42032],[-154.742887,56.401678],[-154.624282,56.475181],[-154.529507,56.502655],[-154.266332,56.496366],[-154.02093,56.482025],[-153.887678,56.533637],[-153.878764,56.565925],[-154.025041,56.572517],[-154.095833,56.617786],[-154.210336,56.609684],[-154.514078,56.604059],[-154.70614,56.521273],[-154.840415,56.42032]]],[[[-155.750002,55.821849],[-155.718593,55.772356],[-155.591002,55.761725],[-155.566307,55.789488],[-155.554245,55.84646],[-155.530591,55.912213],[-155.605373,55.928826],[-155.688098,55.864886],[-155.750002,55.821849]]],[[[-156.733628,56.077593],[-156.735292,56.02264],[-156.681814,55.994337],[-156.618202,56.017802],[-156.614757,56.065178],[-156.683003,56.09881],[-156.733628,56.077593]]],[[[-157.288702,56.566039],[-157.326059,56.525169],[-157.168777,56.53021],[-157.047173,56.519931],[-156.975549,56.540446],[-157.091146,56.581134],[-157.172027,56.598039],[-157.288702,56.566039]]],[[[-160.252749,54.913251],[-160.226967,54.864075],[-160.099295,54.962853],[-160.027035,55.02091],[-159.813625,55.027467],[-159.752779,55.066139],[-159.635226,55.037294],[-159.504434,55.027316],[-159.447982,54.941374],[-159.309681,54.865813],[-159.272354,54.864204],[-159.203228,54.914842],[-159.33847,55.046683],[-159.488766,55.188812],[-159.521096,55.253393],[-159.670305,55.182337],[-159.816419,55.178051],[-159.843859,55.249367],[-159.870591,55.284889],[-160.025257,55.203914],[-160.137102,55.171565],[-160.187261,55.118376],[-160.192058,55.038157],[-160.252749,54.913251]]],[[[-160.856621,55.318488],[-160.841917,55.20444],[-160.821381,55.117851],[-160.734942,55.151311],[-160.655577,55.160261],[-160.525226,55.129871],[-160.486511,55.181951],[-160.527617,55.256374],[-160.468262,55.288925],[-160.341217,55.251799],[-160.30655,55.303275],[-160.154038,55.377518],[-160.137032,55.450709],[-160.260565,55.463674],[-160.333421,55.436928],[-160.517513,55.379378],[-160.687442,55.402198],[-160.808929,55.370122],[-160.856621,55.318488]]],[[[-161.078486,58.635577],[-161.07563,58.549916],[-160.961416,58.553723],[-160.880515,58.581325],[-160.679309,58.780226],[-160.700627,58.817368],[-160.918586,58.746935],[-161.056595,58.702202],[-161.078486,58.635577]]],[[[-161.426005,55.216563],[-161.451286,55.178027],[-161.344152,55.158504],[-161.329875,55.219418],[-161.356726,55.221262],[-161.426005,55.216563]]],[[[-161.697129,55.249148],[-161.691553,55.198479],[-161.560207,55.207045],[-161.523434,55.271659],[-161.697129,55.249148]]],[[[-162.844362,54.510428],[-162.861736,54.424771],[-162.760247,54.372193],[-162.608608,54.369147],[-162.46695,54.342692],[-162.388754,54.367623],[-162.34484,54.401336],[-162.585315,54.447995],[-162.844362,54.510428]]],[[[-165.602225,54.045267],[-165.555768,54.023551],[-165.287665,54.038349],[-165.088283,54.072491],[-164.956139,54.060988],[-164.816166,54.158754],[-164.7637,54.223153],[-164.824183,54.225527],[-164.883134,54.196187],[-165.00791,54.134934],[-165.140978,54.131079],[-165.28077,54.115625],[-165.468221,54.079641],[-165.602225,54.045267]]],[[[-166.06155,54.185092],[-166.112242,54.122528],[-166.046438,54.044186],[-165.901649,54.06287],[-165.875129,54.03642],[-165.784434,54.069435],[-165.549217,54.112196],[-165.383719,54.196731],[-165.478452,54.295333],[-165.62555,54.298964],[-165.868192,54.214884],[-165.959751,54.220982],[-166.06155,54.185092]]],[[[-167.430619,60.197006],[-167.343509,60.126287],[-167.333289,60.066626],[-167.225739,60.04088],[-167.06578,59.98796],[-166.939572,59.965483],[-166.795194,59.913185],[-166.665528,59.878168],[-166.512819,59.846425],[-166.36213,59.838604],[-166.272168,59.811455],[-166.190406,59.750206],[-166.084282,59.776059],[-166.084995,59.839649],[-165.982317,59.871637],[-165.856822,59.869728],[-165.769832,59.900495],[-165.706609,59.883564],[-165.582302,59.908242],[-165.532633,59.953425],[-165.633879,60.019597],[-165.709223,60.066003],[-165.666679,60.124304],[-165.723484,60.163824],[-165.683554,60.198335],[-165.722533,60.236468],[-165.67987,60.292435],[-165.883086,60.343368],[-166.03734,60.319456],[-166.103296,60.367321],[-166.149763,60.4367],[-166.241032,60.38882],[-166.371874,60.355156],[-166.490358,60.389466],[-166.548589,60.361856],[-166.616566,60.319221],[-166.713539,60.327341],[-166.835825,60.268751],[-166.813127,60.249768],[-166.842599,60.21047],[-166.93866,60.214704],[-167.112841,60.231482],[-167.317602,60.231541],[-167.430619,60.197006]]],[[[-167.790928,53.33552],[-167.851511,53.308668],[-167.747754,53.273564],[-167.622173,53.250362],[-167.539247,53.277864],[-167.488215,53.269121],[-167.417713,53.329856],[-167.308126,53.33433],[-167.291831,53.364102],[-167.166348,53.412793],[-167.075386,53.424979],[-166.994329,53.429201],[-166.878087,53.429884],[-166.749158,53.440944],[-166.656234,53.487119],[-166.581011,53.530449],[-166.508982,53.5838],[-166.444909,53.640646],[-166.320262,53.674276],[-166.244056,53.710708],[-166.138657,53.731082],[-166.09753,53.826933],[-166.113037,53.853716],[-166.198751,53.8361],[-166.336768,53.78709],[-166.404896,53.809345],[-166.320004,53.869527],[-166.250935,53.876851],[-166.210685,53.915922],[-166.160924652199,53.9356380521939],[-166.075283,53.969571],[-166.172365,53.998124],[-166.225644,53.986229105085],[-166.264519,53.97755],[-166.357117,54.002343],[-166.437083,53.955644],[-166.508388,53.923949],[-166.587393,53.959831],[-166.644627,54.014495],[-166.742587,54.015501],[-166.879488,53.988716],[-167.031252,53.945204],[-167.140992,53.866774],[-167.141966,53.826932],[-167.098135,53.799987],[-167.005778,53.755446],[-167.041245,53.707929],[-167.071823,53.66556],[-167.107836,53.633056],[-167.16164,53.605909],[-167.135695,53.551227],[-167.188033,53.524073],[-167.278827,53.478565],[-167.369791,53.450646],[-167.457366,53.442793],[-167.591219,53.393346],[-167.694484,53.388034],[-167.790928,53.33552]]],[[[-168.12893,65.655744],[-168.04762,65.569149],[-167.851234,65.538181],[-167.684378,65.489079],[-167.474024,65.412744],[-167.348739,65.397891],[-167.067707,65.385117],[-166.899681,65.360642],[-166.750702,65.333172],[-166.596964,65.336246],[-166.439404,65.319058],[-166.347189,65.276341],[-166.451711,65.236178],[-166.479913,65.167249],[-166.634449,65.125873],[-166.886677,65.138763],[-166.911922,65.125965],[-166.73725,65.027526],[-166.697808,64.991201],[-166.586066,64.955712],[-166.432246,64.88316],[-166.407315,64.852281],[-166.478978,64.797036],[-166.482682,64.755101],[-166.413926,64.651229],[-166.236939,64.583558],[-165.819595,64.540171],[-165.291644,64.480731],[-165.001961,64.433917],[-164.807747,64.449432],[-164.548298,64.516738],[-164.307273,64.561488],[-164.147059,64.564552],[-163.974352,64.55137],[-163.829739,64.574965],[-163.686337,64.568798],[-163.4129,64.524986],[-163.249092,64.456223],[-163.133172,64.381844],[-163.091486,64.437736],[-163.027158,64.477945],[-163.033231,64.519314],[-162.940776,64.542417],[-162.857562,64.49978],[-162.83654,64.436702],[-162.768424,64.333516],[-162.632242,64.385734],[-162.603236,64.479904],[-162.539996,64.530931],[-162.234477,64.619336],[-162.188146,64.672395],[-162.060291,64.692872],[-161.878363,64.709476],[-161.772978,64.749258],[-161.64552,64.776452],[-161.518211,64.75325],[-161.376985,64.773036],[-161.327848,64.829836],[-161.213756,64.883324],[-161.133062,64.898219],[-161.079718,64.869549],[-160.935974,64.82237],[-160.783398,64.71716],[-160.793356,64.619317],[-160.992894,64.541295],[-161.198029,64.496626],[-161.389879,64.547833],[-161.469046,64.506575],[-161.504903,64.423074],[-161.263519,64.398166],[-161.177712,64.343541],[-160.962007,64.220575],[-160.941096,64.066319],[-160.900464,63.99834],[-160.76562,63.828714],[-160.783304,63.752893],[-161.073573,63.5617],[-161.191163,63.490072],[-161.421085,63.46015],[-161.676526,63.465003],[-161.982168,63.446313],[-162.073156,63.513768],[-162.252411,63.541753],[-162.401203,63.634367],[-162.587527,63.625115],[-162.707559,63.577607],[-162.562007,63.537105],[-162.352274,63.454069],[-162.42153,63.409014],[-162.526588,63.316551],[-162.602860986157,63.277182503469],[-162.72408,63.214615],[-162.821122,63.205596],[-162.844559,63.154191],[-162.919727,63.120153],[-163.053996,63.058334],[-163.316203,63.037763],[-163.529938,63.1354],[-163.616272,63.141213],[-163.73265,63.213257],[-163.885059,63.222308],[-164.066991,63.262276],[-164.209475,63.251472],[-164.442368,63.202672],[-164.607425,63.112899],[-164.685213,63.022191],[-164.813007,62.903919],[-164.87564,62.806254],[-164.864367,62.752042],[-164.837703,62.685267],[-164.962432,62.658246],[-165.052202,62.598217],[-165.096155,62.522452],[-165.26927,62.427352],[-165.458499,62.282847],[-165.672037,62.13989],[-165.754295,62.055955],[-165.743528,61.962533],[-165.650103,61.874153],[-165.639516,61.847006],[-165.803979,61.825685],[-165.940864,61.84908],[-166.094312,61.813859],[-166.050997,61.766689],[-166.143757,61.724352],[-166.211787,61.608373],[-166.149577,61.513288],[-166.075398,61.49298],[-165.999535,61.53972],[-165.912496,61.5562],[-165.865668,61.535046],[-165.746352,61.489304],[-165.791085,61.449852],[-165.877104,61.431149],[-165.921194,61.40308],[-165.831365,61.306719],[-165.787442,61.310063],[-165.623317,61.278431],[-165.63288,61.227965],[-165.640289,61.138066],[-165.55514,61.092674],[-165.459236,61.083424],[-165.385437,61.079574],[-165.325552,61.169306],[-165.203757,61.150341],[-165.139403,61.092946],[-165.057842,61.059746],[-165.133937,61.01125],[-165.194945,60.9739],[-165.108494992779,60.9265753986229],[-165.08509,60.913763],[-165.030183,60.83805],[-165.040843,60.77266],[-165.010452,60.744789],[-164.991665,60.69884],[-165.073091,60.684217],[-165.206433,60.610227],[-165.367676,60.581158],[-165.420349,60.550692],[-165.362975,60.506866],[-165.274867,60.499021],[-165.190449,60.498001],[-165.093939,60.531862],[-164.986952,60.542406],[-164.956788,60.527837],[-165.015155,60.471414],[-165.069693,60.460893],[-165.129403,60.433707],[-164.984527,60.349929],[-164.777233,60.293833],[-164.698889,60.296298],[-164.619501,60.234938],[-164.517647,60.199493],[-164.411016,60.097675],[-164.272808,60.046194],[-164.13181,59.991177],[-164.178705,59.96181],[-164.208475,59.934461],[-164.133393,59.845612],[-163.930798,59.803853],[-163.772229,59.795624],[-163.458092,59.809958],[-163.172633,59.845058],[-162.929135,59.908054],[-162.808513,59.933933],[-162.737447,59.972254],[-162.622569,59.971809],[-162.515276,59.976183],[-162.487649,60.028082],[-162.495608,60.078949],[-162.49418,60.130271],[-162.45128,60.174367],[-162.37224,60.167009],[-162.228371,60.056313],[-162.143049,59.967506],[-162.108772,59.920107],[-162.046547,59.849688],[-161.88552,59.69839],[-161.873944,59.649487],[-161.772979,59.566243],[-161.70253,59.490906],[-161.790375,59.468197],[-161.848988,59.432494],[-161.992903,59.338385],[-162.048584,59.254177],[-161.996859,59.174126],[-161.910267,59.093503],[-161.804034,58.991717],[-161.764791,58.846235],[-161.824107,58.734549],[-161.994644,58.688828],[-162.171722,58.648441],[-162.027363,58.60705],[-161.802156,58.612318],[-161.751999,58.551842],[-161.550537,58.61116],[-161.372314,58.666172],[-161.339580659244,58.739338625003],[-161.337982,58.742912],[-161.221942,58.777741],[-161.073748442441,58.8260238046127],[-161.031441005292,58.8398079512056],[-161.001101,58.849693],[-160.872003,58.878472],[-160.823489,58.829136],[-160.730971,58.921186],[-160.516426,59.01124],[-160.31778,59.070477],[-160.256592,58.99448],[-160.322922,58.953953],[-160.232788,58.901127],[-160.150528,58.866062],[-159.979344,58.835535],[-159.908386,58.779903],[-159.792923,58.823971],[-159.748183,58.875827],[-159.712114,58.929468],[-159.61612,58.931601],[-159.601899,58.884671],[-159.643549,58.845063],[-159.532347,58.833609],[-159.409779,58.773611],[-159.228398,58.603047],[-159.063346,58.423139],[-158.880927,58.39067],[-158.795316,58.408032],[-158.704052,58.482759],[-158.827852,58.626432],[-158.861207,58.69558],[-158.780136,58.75379],[-158.790378,58.804712],[-158.767748,58.864264],[-158.619684,58.911048],[-158.520327,58.857105],[-158.564833,58.802715],[-158.423828,58.769847],[-158.376873,58.748043],[-158.332093,58.665313],[-158.232276,58.619902],[-158.140307,58.61502],[-157.777937,58.703288],[-157.572524,58.750839],[-157.388651,58.805346],[-157.196292140099,58.8493595416621],[-157.116866,58.867533],[-157.095372270939,58.866670717095],[-157.016088,58.86349],[-156.993548,58.836798],[-157.06223,58.740187],[-157.135927,58.680731],[-157.235465257438,58.6159085624056],[-157.313572,58.565043],[-157.481487,58.480771],[-157.541041,58.377302],[-157.547209,58.277535],[-157.48013,58.217354],[-157.556556,58.148445],[-157.596601,58.08867],[-157.642226,57.868777],[-157.683349,57.753695],[-157.709179,57.657459],[-157.684282,57.609974],[-157.678891,57.563888],[-157.772496,57.547055],[-157.931624,57.476208],[-158.083785,57.357181],[-158.229883,57.321534],[-158.32018,57.281558],[-158.531328,57.132156],[-158.679293,56.988625],[-158.686184,56.911555],[-158.646812,56.846992],[-158.656355,56.810012],[-158.744534,56.795112],[-158.853294,56.79262],[-158.893547986565,56.8093085483772],[-158.972735,56.842138],[-159.219956,56.73953],[-159.534961,56.626529],[-159.828049,56.543935],[-159.985615,56.449743],[-160.146252,56.400176],[-160.222878,56.346868],[-160.385922,56.279706],[-160.405869,56.207938],[-160.488708,56.077214],[-160.589569,55.983048],[-160.533685,55.95995],[-160.457194,55.917233],[-160.508433,55.869379],[-160.564014,55.863719],[-160.793215,55.88596],[-160.811041,55.94723],[-160.807119,56.02398],[-160.964744,56.023754],[-161.15687,56.012216],[-161.450442,55.954485],[-161.712283,55.904232],[-161.807833,55.891954],[-161.898956,55.833464],[-162.05063,55.790897],[-162.120886,55.749089],[-162.219551,55.710867],[-162.365467,55.604586],[-162.565411,55.466849],[-162.64165,55.392576],[-162.813255,55.299458],[-162.900027,55.252466],[-162.86152,55.198339],[-163.032256,55.172147],[-163.132007,55.179629],[-163.314652,55.126312],[-163.280771,55.032959],[-163.343768,54.974439],[-163.429548,54.954759],[-163.527109,55.040871],[-163.774093,55.05578],[-163.894695,55.039115],[-163.994179,54.983315],[-164.119196,54.969416],[-164.204897,54.93124],[-164.343534,54.894139],[-164.43528,54.933126],[-164.57626,54.895342],[-164.576896,54.824564],[-164.674836,54.702596],[-164.741815,54.645441],[-164.864333,54.620188],[-164.948789,54.579877],[-164.944636,54.532903],[-164.904077,54.499195],[-164.861475,54.431353],[-164.743977,54.394216],[-164.640457,54.391166],[-164.456554,54.419856],[-164.352704,54.465023],[-164.337538,54.524259],[-164.257585,54.572722],[-164.03827,54.624688],[-163.80359,54.636498],[-163.572383,54.623211],[-163.392198,54.658496],[-163.223179,54.676895],[-163.037788,54.646995],[-163.068952,54.712605],[-163.184295,54.774912],[-163.281379,54.77673],[-163.352997,54.810174],[-163.254588,54.838907],[-163.14958,54.885906],[-163.065602,54.926172],[-162.962205,54.993538],[-162.913684,54.950273],[-162.834245,54.926851],[-162.708453,54.95848],[-162.587967,54.97201],[-162.569291,55.004599],[-162.471364,55.051932],[-162.41351,55.03656],[-162.435473,54.929249],[-162.428237,54.895434],[-162.349315,54.836049],[-162.282944,54.841216],[-162.236806,54.88163],[-162.235675,54.962601],[-162.219326,55.028975],[-162.190348,55.066981],[-162.11874,55.102911],[-162.053281,55.074212],[-161.956595,55.112174],[-161.906434,55.10032],[-161.792297,55.052278],[-161.690346,55.0785],[-161.550357,55.065734],[-161.576643,55.103831],[-161.718614,55.154166],[-161.817232,55.176529],[-161.863339,55.266989],[-161.777414,55.329377],[-161.686495,55.408041],[-161.700069,55.51439],[-161.658262,55.560447],[-161.587047,55.62006],[-161.482064,55.633979],[-161.392613,55.628221],[-161.376102,55.569794],[-161.469271,55.49683],[-161.478303,55.4406],[-161.514211,55.385254],[-161.486114,55.359322],[-161.253977,55.355896],[-161.080549,55.408498],[-160.976551,55.472736],[-160.836725,55.473135],[-160.781401,55.45178],[-160.666917,55.459776],[-160.654117,55.512596],[-160.521335,55.47442],[-160.462745,55.506654],[-160.464301,55.533243],[-160.392587,55.602771],[-160.279827,55.641384],[-160.130445,55.681419],[-160.058443,55.721734],[-160.026282,55.792295],[-159.937089,55.803306],[-159.847359,55.80253],[-159.770298,55.852357],[-159.679792,55.838765],[-159.627482,55.803248],[-159.673191,55.750961],[-159.679201,55.655895],[-159.760365,55.615203],[-159.733899,55.569985],[-159.696713,55.573306],[-159.572125,55.627684],[-159.561438320694,55.6409137566581],[-159.532754,55.676424],[-159.394595,55.714944],[-159.086217,55.834869],[-159.096187,55.91475],[-158.898116,55.951041],[-158.74856,55.959365],[-158.653214,55.958615],[-158.638211,55.994743],[-158.50984,55.979617],[-158.431471,55.994452],[-158.394922,56.064721],[-158.374324,56.134522],[-158.283191,56.173212],[-158.117797,56.230742],[-158.207387,56.294354],[-158.288369,56.316089],[-158.415095,56.336228],[-158.489546,56.341865],[-158.438414,56.427471],[-158.371953,56.467334],[-158.284699,56.481089],[-158.246144,56.466124],[-158.12744,56.460805],[-157.971711,56.476737],[-157.869124,56.456612],[-157.817826,56.51421],[-157.869897,56.566837],[-157.918541,56.643137],[-157.791844,56.670692],[-157.719048,56.653084],[-157.674587,56.609507],[-157.605231,56.621315],[-157.496523,56.616897],[-157.45216,56.64322],[-157.563802,56.703426],[-157.530765,56.753775],[-157.411488,56.778351],[-157.290511,56.804713],[-157.183636,56.769079],[-157.073453,56.838345],[-157.034624,56.884487],[-156.935629,56.920087],[-156.825982,56.897667],[-156.704216,56.987079],[-156.63784,56.993905],[-156.55052,56.98461],[-156.479111,57.068395],[-156.44301,57.119533],[-156.342103143093,57.1778504105251],[-156.334404,57.1823],[-156.342943,57.248056],[-156.336427,57.336081],[-156.362039,57.400474],[-156.220105,57.445295],[-156.091668,57.439829],[-156.012841,57.451394],[-156.046804,57.525724],[-155.915261,57.535331],[-155.732779,57.549732],[-155.724167,57.633445],[-155.629912,57.656376],[-155.615203,57.688074],[-155.609353,57.777699],[-155.506533,57.76097],[-155.354011,57.715261],[-155.285339,57.758726],[-155.272917,57.823981],[-155.097095,57.865356],[-155.061806,57.90433],[-155.118648,57.953925],[-155.026275,57.999302],[-154.876559,58.027722],[-154.765287,58.00371],[-154.581547,58.019285],[-154.477979,58.052379],[-154.340449,58.090921],[-154.222465,58.132566],[-154.145277,58.210931],[-154.103412,58.280161],[-154.074145,58.352661],[-153.985416,58.390877],[-154.07066,58.440018],[-154.001918,58.492346],[-153.930473,58.497482],[-153.909994,58.561213],[-153.851432,58.611872],[-153.731019,58.608224],[-153.591635,58.640084],[-153.55265,58.687176],[-153.445002,58.70931],[-153.402472,58.742607],[-153.369389,58.821255],[-153.294436234906,58.855036],[-153.267407,58.867218],[-153.322843,58.907849],[-153.393101,58.951097],[-153.479939,58.995286],[-153.596489,59.000192],[-153.695664,59.073994],[-153.793972,59.071416],[-153.932824,59.062677],[-154.063489,59.07214],[-154.180691,59.123235],[-154.172944,59.172496],[-154.141192,59.216598],[-154.122681,59.287622],[-154.030807,59.32704],[-153.998506,59.384723],[-153.925307,59.405254],[-153.862199,59.424124],[-153.747201,59.429657],[-153.699025,59.463603],[-153.76148,59.543411],[-153.684925,59.552865],[-153.577828,59.555991],[-153.553163,59.597046],[-153.542466,59.630236],[-153.409422,59.636328],[-153.308837,59.625706],[-153.240018,59.632426],[-153.155019,59.654344],[-153.051559,59.691562],[-153.016353,59.751127],[-153.009084,59.830643],[-152.967267,59.881494],[-152.860867,59.875033],[-152.700822,59.920309],[-152.679402,59.968054],[-152.575153,60.04826],[-152.550177,60.113715],[-152.57873,60.16987],[-152.574938,60.206451],[-152.539843,60.241644],[-152.411281,60.287864],[-152.376743,60.345613],[-152.234199,60.393888],[-152.30195,60.414328],[-152.331365,60.473525],[-152.261497,60.538237],[-152.13616,60.578475],[-152.039381,60.660517],[-151.89792,60.72175],[-151.716379,60.710415],[-151.703802,60.732376],[-151.77731,60.810461],[-151.800264,60.853672],[-151.720815,60.904257],[-151.600126,60.965589],[-151.4803,61.010902],[-151.349004,61.010004],[-151.252384,61.039968],[-151.166606,61.046404],[-151.121692,61.083574],[-151.047736,61.16089],[-150.974011916343,61.1944672986995],[-150.939251,61.210299],[-150.827295,61.22839],[-150.679902,61.265888],[-150.535997,61.269724],[-150.425,61.245552],[-150.204894,61.259548],[-150.221244434269,61.1931555142492],[-150.228774,61.162581],[-150.265894,61.127365],[-150.065646,61.151079],[-150.005041,61.138556],[-149.831922,61.076197],[-149.717167,61.011303],[-149.748463763199,61.0012376770684],[-149.853693,60.967395],[-149.900135,60.940043],[-149.985374,60.879033],[-150.109276,60.890357],[-150.194128,60.90134],[-150.341709,61.024201],[-150.401859,61.036227],[-150.501923,61.007957],[-150.705812,60.937792],[-150.895508,60.853166],[-151.062558,60.787429],[-151.261319,60.769801],[-151.370515,60.733572],[-151.410273,60.711023],[-151.350154,60.63466],[-151.303125,60.561326],[-151.28181,60.496034],[-151.30609,60.387257],[-151.366874,60.372655],[-151.381959,60.296951],[-151.421702,60.212931],[-151.606881,60.099558],[-151.71801,60.009473],[-151.757693,59.917637],[-151.813619,59.844297],[-151.869468,59.769159],[-151.746815,59.686234],[-151.643061,59.646966],[-151.448669,59.648171],[-151.296895,59.696861],[-151.205459,59.630284],[-151.327803,59.573047],[-151.516339,59.52352],[-151.742915,59.468286],[-151.886513,59.421033],[-151.96313,59.344958],[-151.984101,59.278696],[-151.915684,59.227522],[-151.858124,59.144234],[-151.662368,59.089735],[-151.43339,59.135517],[-151.470623,59.242621],[-151.341601,59.222231],[-151.287771,59.219417],[-151.126247,59.209923],[-151.001196,59.224149],[-150.942212,59.233136],[-150.887821,59.26792],[-150.912817,59.305214],[-150.822768,59.330763],[-150.721799,59.292087],[-150.680872,59.305412],[-150.609488,59.386314],[-150.581182,59.445233],[-150.4989,59.456298],[-150.477717,59.422111],[-150.430144,59.343357],[-150.385341,59.341963],[-150.358992,59.399684],[-150.297108,59.424747],[-150.280838,59.466833],[-150.133747,59.556786],[-150.002337,59.630563],[-149.919444,59.691836],[-149.842672,59.7013],[-149.74622,59.637585],[-149.731966,59.706783],[-149.626311,59.73441],[-149.527793,59.706846],[-149.506758,59.770927],[-149.595531,59.79772],[-149.572714,59.852317],[-149.472227,59.903693],[-149.376593,59.835879],[-149.270623,59.872067],[-149.221067,59.938748],[-149.123262,59.968559],[-149.036467,59.942137],[-148.936406,59.953429],[-148.859556,59.924398],[-148.801325,59.952794],[-148.689496,59.944701],[-148.649529585787,59.9235531800999],[-148.634777,59.915747],[-148.478881,59.935806],[-148.401666,59.977836],[-148.313962,60.033859],[-148.220554,59.97635],[-148.25406,59.932357],[-148.101239,59.952794],[-147.956775,59.9594],[-147.855084,59.871915],[-147.913316,59.837181],[-147.92924,59.783875],[-147.876475,59.763893],[-147.765122,59.795954],[-147.646045,59.817828],[-147.508309,59.841957],[-147.391846,59.87776],[-147.470281,59.906732],[-147.452217,59.954011],[-147.339794,59.962102],[-147.376397,60.016192],[-147.257795,60.107883],[-147.145205,60.171321],[-146.993353,60.24008],[-146.916487,60.290973],[-146.694034,60.279608],[-146.650852,60.242982],[-146.607692,60.241182],[-146.490804,60.294939],[-146.393256,60.327476],[-146.232681,60.338851],[-146.197229,60.348294],[-146.088134,60.364987],[-145.988546,60.387427],[-145.831202,60.350293],[-145.639204,60.301971],[-145.51081,60.318296],[-145.380064,60.352829],[-145.254749,60.311448],[-145.136728,60.296219],[-145.089139,60.320014],[-144.957848,60.288152],[-144.929327,60.228253],[-144.654899,60.204882],[-144.555093,60.178485],[-144.429249,60.14802],[-144.348913,60.091184],[-144.186745,60.116967],[-144.1103,60.098939],[-144.052539,60.041759],[-144.005879,60.012981],[-143.897029,59.985938],[-143.893326,59.9867216058936],[-143.781649,60.010354],[-143.624152,60.037257],[-143.267818,60.058655],[-143.0687,60.068603],[-142.908859,60.090328],[-142.744868,60.09413],[-142.426572,60.071066],[-142.062454,60.023781],[-141.912218,60.009779],[-141.73624,59.961905],[-141.595376,59.961905],[-141.485207,59.925024],[-141.392811,59.870028],[-141.156497,59.813582],[-140.922635,59.751687],[-140.792511,59.728573],[-140.4119,59.699649],[-140.242577,59.687888],[-140.176224,59.735965],[-140.080423,59.756299],[-139.871222,59.802611],[-139.776836,59.833835],[-139.608545,59.821961],[-139.588777,59.708968],[-139.585789,59.642765],[-139.74266,59.623871],[-139.861306,59.546678],[-139.632896,59.459906],[-139.420168,59.37976],[-139.271031,59.337421],[-139.07148,59.28715],[-138.919749,59.248531],[-138.807186,59.208772],[-138.636702,59.130585],[-138.357909,59.069394],[-138.224323,59.032216],[-138.066332,58.957126],[-137.951995,58.886029],[-137.924608,58.843928],[-137.936162994919,58.8106412939646],[-137.941828,58.794322],[-137.836448,58.741563],[-137.681633,58.656452],[-137.653709,58.608324],[-137.568216,58.587989],[-137.355328,58.492374],[-137.239366,58.453159],[-137.078109,58.397474],[-136.986384,58.404043],[-136.911713,58.370252],[-136.857605,58.31636],[-136.717093,58.273508],[-136.70125,58.219416],[-136.591924,58.217886],[-136.567956,58.245153],[-136.576799,58.277951],[-136.544776,58.316665],[-136.437152,58.302417],[-136.265906,58.314499],[-136.11193,58.34253],[-136.041818,58.380161],[-135.917917,58.381237],[-135.728054,58.397067],[-135.649861,58.324517],[-135.544213,58.330228],[-135.455105374771,58.3385861347723],[-135.408059,58.342999],[-135.306507,58.242916],[-135.227736,58.2369],[-135.087872,58.200073],[-135.10121,58.292607],[-135.049062,58.309295],[-135.068437,58.374157],[-135.104413,58.449263],[-135.062870569361,58.4512992526444],[-134.936897,58.457474],[-134.750586,58.391533],[-134.631203,58.247446],[-134.464635,58.227388],[-134.375579,58.208705],[-134.234572,58.197234],[-134.146685,58.199084],[-134.078155,58.152046],[-134.049603,58.062027],[-133.848776,57.93544],[-133.703097,57.792152],[-133.702862448018,57.7917730667286],[-133.699124476434,57.7857341418546],[-133.65453,57.713689],[-133.676449,57.625192],[-133.62076,57.578919],[-133.519598,57.530705],[-133.514964,57.473345],[-133.472039,57.368651],[-133.489738,57.305192],[-133.544817,57.24257],[-133.466932,57.159356],[-133.322359,57.112727],[-133.247414,57.136802],[-133.161448,57.086264],[-132.93752,57.048321],[-132.892388,56.993016],[-132.792089,56.856152],[-132.556758,56.757242],[-132.54582226332,56.7136212358796],[-132.542885,56.701905],[-132.529037,56.63797],[-132.45079,56.564098],[-132.528637,56.529269],[-132.627544,56.46287],[-132.791872,56.449169],[-132.896342,56.457978],[-132.977163,56.439673],[-133.060361,56.358378],[-133.0696,56.346323],[-133.070056,56.330951],[-133.029712,56.3157],[-132.961082,56.296167],[-132.926759,56.266188],[-132.877582,56.240322],[-132.843716,56.238933],[-132.718342,56.217704],[-132.708697,56.112124],[-132.594235,56.021858],[-132.492795,56.066436],[-132.449834,55.956186],[-132.397304,55.878867],[-132.323242,55.851878],[-132.279962,55.924839],[-132.170198,55.919231],[-132.067412,55.875078],[-132.130413,55.811419],[-132.265071,55.762174],[-132.224167,55.701766],[-132.199868105748,55.6343519925533],[-132.183207,55.588128],[-132.114654,55.550623],[-131.971792,55.498279],[-131.844157,55.456742],[-131.854297,55.421074],[-131.862162,55.289284],[-131.828395,55.198482],[-131.748334,55.128588],[-131.68413198565,55.1190936140756],[-131.605302,55.107436],[-131.589387,55.08894],[-131.646276,55.035579],[-131.605661,55.004403],[-131.611889743272,54.9822706348831],[-131.621948,54.946531],[-131.594567,54.93113],[-131.491504,54.930392],[-131.433473,54.896535],[-131.327624,54.859122],[-131.253671,54.866779],[-131.195197,54.919767],[-131.245988,54.940491],[-131.246018,54.989555],[-131.190033,55.043173],[-131.190628,55.108013],[-131.160492,55.197481],[-131.093806,55.191335],[-131.087497,55.163036],[-131.052298,55.11816],[-131.013215,55.090069],[-130.997057,55.044256],[-131.012061,54.996238],[-130.97503,54.974853],[-130.9604,54.933685],[-130.947338,54.886733],[-130.932454,54.806938],[-130.866866,54.769068],[-130.844145,54.765801],[-130.792122,54.784784],[-130.737423,54.753545],[-130.686192,54.71691],[-130.62807,54.739341],[-130.636745,54.778456],[-130.529228,54.8109],[-130.339504,54.921376],[-130.221512,55.02599],[-130.169294,55.105424],[-130.104749,55.188975],[-130.001735,55.264557],[-129.982348,55.302079],[-130.023558,55.338259],[-130.039928,55.429422],[-130.085413,55.491517],[-130.120132,55.563919],[-130.111677,55.682051],[-130.150061,55.727099],[-130.138221721229,55.7630294424374],[-130.12372,55.80704],[-130.08451,55.823997],[-130.013198,55.916382],[-130.00426,55.993379],[-130.102761,56.116696],[-130.24554,56.096876],[-130.246029016793,56.0970268552252],[-130.343716,56.127162],[-130.425575,56.140676],[-130.466874,56.239789],[-130.622482,56.267939],[-130.740619,56.342953],[-130.810707,56.371063],[-131.085704,56.40654],[-131.086794696282,56.4070947732236],[-131.167925,56.448361],[-131.461806,56.547904],[-131.581221,56.613275],[-131.835133,56.601849],[-131.90176,56.753158],[-131.871725,56.804965],[-132.125934,56.874698],[-132.118917918329,56.8912294023685],[-132.051044,57.051155],[-132.371312,57.095229],[-132.252187,57.215655],[-132.367984,57.348685],[-132.559178,57.503927],[-132.655278650447,57.6017446104835],[-132.756813,57.705093],[-132.869318,57.842941],[-133.076421,57.999762],[-133.176444,58.150151],[-133.176902640205,58.1504821029092],[-133.343725,58.270915],[-133.461475,58.385526],[-133.379908,58.427909],[-133.699835,58.60729],[-133.840392,58.727991],[-134.250526,58.858046],[-134.328964,58.919593],[-134.328006718063,58.9623275474089],[-134.327982,58.963431],[-134.401042,58.976221],[-134.379771,59.034961],[-134.481241,59.128071],[-134.566689,59.128278],[-134.66407,59.181172],[-134.702383,59.247836],[-134.961972,59.280376],[-135.029245,59.345364],[-135.029120466615,59.3455968616136],[-135.010033,59.381288],[-135.067356,59.421855],[-135.026328,59.474658],[-135.027456,59.563692],[-135.114588,59.623415],[-135.214344,59.664343],[-135.231148,59.697176],[-135.477436,59.799626],[-135.723077801338,59.7284066620612],[-135.945905,59.663802],[-136.190352,59.639854],[-136.350622,59.599326],[-136.23734,59.558734],[-136.234229,59.524731],[-136.358141,59.449799],[-136.474326,59.464194],[-136.466815,59.284252],[-136.490034614875,59.2600937301797],[-136.581521,59.164909],[-136.826633,59.158389],[-136.863896,59.138472],[-137.264752,59.002352],[-137.447383,58.909513],[-137.526131029392,58.9068439298878],[-137.526424,58.906834],[-137.498558,58.986694],[-137.604277,59.243057],[-138.584819,59.752453],[-138.643422,59.792502],[-138.702053,59.910245],[-139.046426,59.998235],[-139.200346,60.090701],[-139.082246,60.323825],[-139.086669,60.357654],[-139.698361,60.340421],[-139.989142,60.18524],[-140.472292,60.31059],[-140.53509,60.224224],[-141.00184,60.306105],[-141.001849665529,60.391686999338],[-141.002020469672,61.904047],[-141.002464924679,65.8394080836135],[-141.002465,65.840075],[-141.002609596123,68.498362265375],[-141.002672,69.645609],[-141.210456,69.68419],[-141.43084,69.695144],[-141.713369,69.789497],[-142.015641,69.837976],[-142.239873,69.896598],[-142.404366,69.916511],[-142.452927,69.958125],[-142.746807,70.042531],[-142.99979,70.088305],[-143.281878,70.151052],[-143.425199,70.124928],[-143.5173,70.138418],[-143.914244,70.115696],[-144.274904,70.048711],[-144.455421,70.035244],[-144.672305,69.966876],[-144.792614,69.979796],[-144.902304,69.96451],[-145.175073,69.991707],[-145.43483,70.036994],[-145.623306,70.084375],[-145.858297,70.165996],[-146.006411,70.140402],[-146.129579,70.158948],[-146.508133,70.186044],[-146.885771,70.185917],[-146.991109,70.14761],[-147.161601,70.155612],[-147.233327,70.207553],[-147.431532,70.188826],[-147.765104,70.219806],[-147.863719,70.293317],[-147.9615,70.314201],[-148.203477,70.348188],[-148.351437,70.304453],[-148.46615,70.313609],[-148.477044,70.359068],[-148.667017,70.430084],[-148.928979,70.426835],[-149.179148,70.4857],[-149.461755,70.518271],[-149.740188,70.498151],[-149.866698,70.510769],[-150.074461,70.439333],[-150.301516,70.418392],[-150.414358,70.459694],[-150.557415,70.481643],[-150.786327,70.463271],[-150.903765,70.46091],[-151.020441,70.433841],[-151.175187,70.375558],[-151.297598,70.400748],[-151.504417,70.431103],[-151.739862,70.436207],[-151.734287,70.503492],[-151.697258,70.547741],[-151.975785,70.563215],[-152.078663,70.584504],[-152.29669,70.602287],[-152.433781,70.616926],[-152.473348,70.683669],[-152.352196,70.697802],[-152.348417,70.744382],[-152.19246,70.795294],[-152.223053,70.824594],[-152.423534,70.858708],[-152.696868,70.882086],[-152.904243,70.883877],[-153.049207,70.913102],[-153.23848,70.922467],[-153.426265,70.890131],[-153.666363,70.883448],[-153.89048,70.885719],[-154.127487,70.778133],[-154.290317,70.821495],[-154.430229,70.831258],[-154.572458,70.82594],[-154.608314,70.942405],[-154.581129,71.007321],[-154.942864,71.126264],[-155.060764,71.145422],[-155.262602,71.079149],[-155.36416,70.994195],[-155.513293,70.940579],[-155.485915,70.885905],[-155.543031,70.847175],[-155.731842,70.83116],[-155.924955,70.85272],[-155.979264,70.918524],[-155.95205,70.964831],[-155.762068,70.985644],[-155.705487,71.020153],[-155.533347,71.067683],[-155.520737,71.102476],[-155.587702,71.17256],[-155.895105,71.193899],[-156.044615,71.184701],[-156.074411,71.242489],[-156.309908,71.259881],[-156.531124,71.296338],[-156.56865,71.352561],[-156.809653,71.286886],[-156.906165,71.239616],[-157.176077,71.095549],[-157.421001,70.976805],[-157.768452,70.875842],[-158.032397,70.832263],[-158.366302,70.819712],[-158.573913,70.79495],[-158.85342,70.792352],[-159.114972,70.817402],[-159.17181,70.875103],[-159.648383,70.794368],[-159.869172,70.706397],[-160.214828,70.559087],[-160.81279,70.376696],[-161.288197,70.296772],[-161.581911,70.302877],[-161.879266,70.329269],[-162.302314,70.204227],[-162.503572,70.100393],[-162.78808,69.929097],[-162.989084,69.82525],[-163.071903,69.737605],[-163.151261,69.61263],[-163.151351,69.430262],[-163.244656,69.306081],[-163.574034,69.124077],[-163.926999,69.000802],[-164.253157,68.930938],[-164.526887,68.917909],[-164.967542,68.88303],[-165.522358,68.855839],[-165.923734,68.868432],[-166.224187,68.873175],[-166.193421,68.726649],[-166.229761,68.613771],[-166.28312,68.521247],[-166.328459,68.442261],[-166.591802,68.405551],[-166.838969,68.337186],[-166.60089,68.333637],[-166.313138,68.289164],[-166.089453,68.221299],[-165.97497,68.14091],[-165.872088,68.110047],[-165.688137,68.090396],[-165.396520296503,68.0347305186982],[-165.35005,68.02586],[-165.094228,67.931963],[-164.533937,67.725606],[-164.256634,67.651651],[-164.051288,67.566351],[-163.878781,67.416125],[-163.74082,67.20996],[-163.702045,67.109375],[-163.591216,67.092373],[-163.299266,67.060748],[-163.011676,67.029538],[-162.842979,66.991177],[-162.63547,66.998434],[-162.468441,66.980604],[-162.466702,66.950998],[-162.582856,66.904292],[-162.626696,66.859572],[-162.501415,66.742503],[-162.349774,66.726713],[-162.175398,66.687789],[-162.105641,66.622584],[-161.87488,66.511446],[-161.86369,66.459487],[-161.916309,66.349481],[-161.694404,66.396174],[-161.575413,66.396806],[-161.322126,66.368554],[-161.089161,66.31514],[-160.993965,66.234444],[-161.198971,66.210949],[-161.320778,66.223591],[-161.341189,66.2551],[-161.484539,66.262426],[-161.548429,66.239912],[-161.613943,66.176693],[-161.775537,66.073732],[-161.838018,66.022582],[-162.137424,66.078547],[-162.331284,66.031403],[-162.423726,66.048984],[-162.622284,66.039526],[-162.750705,66.09016],[-162.997473,66.076845],[-163.146726,66.059487],[-163.372072,66.085029],[-163.495845,66.085388],[-163.695394,66.059552],[-163.80358,66.100059],[-163.916551,66.190494],[-163.925152,66.225078],[-163.843108,66.259869],[-163.849163,66.307639],[-163.873106,66.389015],[-163.798687,66.436875],[-163.728308,66.498552],[-163.603956,66.558089],[-163.824166,66.59168],[-164.395943591522,66.5811976389151],[-164.400724,66.58111],[-164.816093,66.525025],[-165.407204,66.420441],[-166.038082,66.269512],[-166.768944,66.068582],[-167.282753,65.897386],[-167.650051,65.795703],[-167.979889,65.727972],[-168.12893,65.655744]]],[[[-169.28652,52.784747],[-169.261765,52.754897],[-169.170371,52.776663],[-169.005038,52.829992],[-168.851017,52.90804],[-168.755531,52.907507],[-168.688468,52.9664],[-168.613964,53.008776],[-168.457103,53.055839],[-168.412522,53.110683],[-168.343075,53.170553],[-168.296229,53.227235],[-168.092011,53.28827],[-167.959096,53.341788],[-167.842328,53.386489],[-167.856837,53.428609],[-167.808117,53.473861],[-167.789164,53.519329],[-167.914669,53.522716],[-168.027006,53.562755],[-168.238321,53.521902],[-168.342127,53.475992],[-168.395355,53.397776],[-168.420521,53.322743],[-168.445083,53.26533],[-168.581891,53.286521],[-168.763331,53.182812],[-168.804901,53.120015],[-168.785236,53.045038],[-168.861061,53.016384],[-168.95946,52.936739],[-169.044466,52.893927],[-169.28652,52.784747]]],[[[-169.81831,56.633612],[-169.685825,56.539717],[-169.582624,56.536939],[-169.453786,56.583786],[-169.474322,56.625183],[-169.613691,56.622761],[-169.81831,56.633612]]],[[[-170.170683,52.784918],[-170.207887,52.708899],[-170.077734,52.720416],[-169.951498,52.788615],[-169.818548,52.791577],[-169.703873,52.777117],[-169.666512,52.864349],[-169.662385,52.951752],[-169.680033,53.035075],[-169.747457,53.0932],[-169.820198,53.06679],[-169.76274,52.97805],[-169.857567,52.908533],[-170.026342,52.944912],[-170.092221,52.919387],[-170.170683,52.784918]]],[[[-170.420047,57.212917],[-170.421867,57.161202],[-170.286318,57.128169],[-170.133884,57.181329],[-170.143996,57.242804],[-170.303091,57.238029],[-170.420047,57.212917]]],[[[-170.817943,52.636275],[-170.841936,52.558171],[-170.788495,52.54024],[-170.685914,52.581228],[-170.58496,52.587186],[-170.532144,52.679971],[-170.671545,52.698082],[-170.817943,52.636275]]],[[[-171.312658,52.493502],[-171.30417,52.449952],[-171.226729,52.434269],[-171.196013,52.500106],[-171.256768,52.52858],[-171.312658,52.493502]]],[[[-171.83683,63.564883],[-171.849984,63.485039],[-171.760112,63.381633],[-171.667115,63.356166],[-171.528084,63.324933],[-171.433319,63.307578],[-171.285411,63.366464],[-171.226326,63.395108],[-171.067663,63.424579],[-170.896167,63.417745],[-170.663536,63.376109],[-170.430656,63.314284],[-170.30363,63.238692],[-170.263032,63.179147],[-170.186485,63.181618],[-170.049622,63.163377],[-169.88123,63.105848],[-169.788466,63.043015],[-169.757249,62.960087],[-169.638309,62.937527],[-169.568016,62.976879],[-169.576965,63.027025],[-169.534984,63.074355],[-169.436748,63.113579],[-169.230523,63.172948],[-169.07503,63.177689],[-168.93915,63.137653],[-168.841654,63.153844],[-168.751537,63.217962],[-168.685145,63.296427],[-168.937385,63.333789],[-169.087914,63.340937],[-169.462733,63.360458],[-169.566562,63.388725],[-169.656474,63.429929],[-169.857078,63.441975],[-170.007943,63.475428],[-170.048963,63.537958],[-170.095833,63.612701],[-170.176413,63.625489],[-170.26748,63.675816],[-170.344855,63.694225],[-170.488192,63.696723],[-170.606282,63.672732],[-170.859032,63.587503],[-170.950817,63.570127],[-171.309333,63.621085],[-171.552856,63.666251],[-171.58305,63.715557],[-171.613182,63.785065],[-171.743398,63.782971],[-171.802824,63.716391],[-171.791881,63.620625],[-171.83683,63.564883]]],[[[-172.612274,52.306828],[-172.639992,52.244765],[-172.528095,52.254336],[-172.414419,52.27674],[-172.301445,52.329951],[-172.326444,52.366472],[-172.448182,52.391439],[-172.545116,52.357863],[-172.612274,52.306828]]],[[[-173.074642,60.704657],[-173.115569,60.658971],[-173.0638,60.502589],[-172.895998,60.450587],[-172.630272,60.334922],[-172.416534,60.314347],[-172.254263,60.297375],[-172.238862,60.336642],[-172.380946,60.382764],[-172.545912,60.412225],[-172.847344,60.516742],[-172.912636,60.604129],[-173.074642,60.704657]]],[[[-175.301556,52.055602],[-175.323322,52.007488],[-175.155673,52.011512],[-175.014807,52.007],[-174.892306,52.019687],[-174.736592,52.007308],[-174.556278,52.036733],[-174.408693,52.012811],[-174.382661,52.081658],[-174.278279,52.089489],[-174.099836,52.072078],[-173.901075,52.049435],[-173.820692,52.043312],[-173.695316,52.055319],[-173.513047,52.02531],[-173.39397,52.028674],[-173.169557,52.04385],[-172.980222,52.064049],[-172.947811,52.107371],[-173.174403,52.126278],[-173.375229,52.108228],[-173.529923,52.159364],[-173.654404,52.146192],[-173.899966,52.139949],[-174.022638,52.133713],[-174.046994,52.236262],[-173.985203,52.3176],[-174.068248,52.390331],[-174.185347,52.417788],[-174.329818,52.373548],[-174.455979,52.31369],[-174.462962,52.213031],[-174.55467,52.160405],[-174.715205,52.127375],[-174.887242,52.128602],[-175.031213,52.092109],[-175.301556,52.055602]]],[[[-176.950128,51.686719],[-176.987383,51.606872],[-176.938917,51.590982],[-176.809,51.616235],[-176.715424,51.620422],[-176.656005,51.658306],[-176.543948,51.698719],[-176.46705,51.726668],[-176.289921,51.741678],[-176.158185,51.768901],[-175.998464,51.801542],[-175.963041,51.846253],[-175.789118,51.919323],[-175.639739,51.933645],[-175.424859,51.972332],[-175.45047,52.012742],[-175.664274,51.993862],[-175.807848,51.989665],[-175.887514,51.995142],[-176.007589,52.066228],[-176.055983,52.109469],[-176.14951,52.11757],[-176.211188,52.064706],[-176.183023,51.998904],[-176.168643,51.948025],[-176.173871,51.882449],[-176.311573,51.872463],[-176.431673,51.861169],[-176.576381,51.842275],[-176.554661,51.909834],[-176.549119,51.955561],[-176.579975,52.003238],[-176.698771,51.964454],[-176.774023,51.965895],[-176.810433,51.927089],[-176.762478,51.867878],[-176.781889,51.832373],[-176.917088,51.797016],[-176.950128,51.686719]]],[[[-177.670119,51.743381],[-177.707802,51.703268],[-177.651386,51.653604],[-177.483959,51.682278],[-177.34801,51.696513],[-177.275121,51.68051],[-177.18994,51.697217],[-177.105188,51.719333],[-177.098661,51.829647],[-177.04509,51.898605],[-177.099266,51.936119],[-177.181271,51.943167],[-177.199539,51.910239],[-177.228177,51.803783],[-177.313149,51.778223],[-177.492124,51.770306],[-177.670119,51.743381]]],[[[-178.19709,51.905464],[-178.224129,51.864881],[-178.086074,51.808047],[-177.995272,51.781535],[-177.98163,51.715617],[-178.054798,51.704768],[-178.117864,51.677831],[-178.04566,51.630062],[-177.909185,51.596671],[-177.86796,51.679374],[-177.827524,51.712086],[-177.755022,51.772834],[-177.649278,51.801851],[-177.615311,51.85508],[-177.757429,51.847042],[-177.887423,51.85089],[-177.952094,51.915348],[-178.090632,51.919399],[-178.19709,51.905464]]],[[[-178.889347,51.570352],[-178.825956,51.547085],[-178.734585,51.542326],[-178.584789,51.56386],[-178.551475,51.610175],[-178.678149,51.62601],[-178.889347,51.570352]]],[[[-178.876843,51.837917],[-178.895958,51.779219],[-178.792409,51.746071],[-178.733355,51.783947],[-178.779657,51.851547],[-178.876843,51.837917]]],[[[-179.174265,51.279057],[-179.126856,51.219862],[-179.07232,51.250963],[-178.908883,51.340582],[-178.926874,51.38364],[-178.995591,51.414484],[-179.174265,51.279057]]]]}},{"type":"Feature","properties":{"name":"<at><openparen>Arizona<closeparen>","STATEFP":"04","STATENS":"01779777","GEOIDFQ":"0400000US04","GEOID":"04","STUSPS":"AZ","NAME":"Arizona","LSAD":"00","ALAND":"294366238828","AWATER":"853868947"},"geometry":{"type":"Polygon","coordinates":[[[-114.799683,32.593621],[-114.814185,32.564788],[-114.795635,32.550956],[-114.811536,32.522834],[-114.813613,32.494277],[-113.750756,32.169005],[-113.333767973058,32.0402490801033],[-112.365043,31.74113],[-111.366782684389,31.4247651231261],[-111.074825,31.332239],[-110.459751627493,31.333141997042],[-109.829689,31.334067],[-109.494489186036,31.3333941454202],[-109.050044,31.332502],[-109.049195,31.796551],[-109.048296,32.084093],[-109.047612,32.426377],[-109.047117,32.77757],[-109.04711706231,32.7777940009477],[-109.047236980528,33.2088950007083],[-109.047237,33.208965],[-109.047298,33.409783],[-109.046609005136,33.7774067975977],[-109.046426,33.875052],[-109.046182,34.522393],[-109.046138935363,34.5792910128179],[-109.045851,34.959718],[-109.045851235183,34.9598185158367],[-109.046355894384,35.1755071883512],[-109.046796,35.363606],[-109.046296,35.614251],[-109.046024,35.8798],[-109.045871168205,36.002701630519],[-109.045729,36.117028],[-109.045433,36.874589],[-109.045223,36.999084],[-109.495338,36.999105],[-110.000677,36.997968],[-110.47019,36.997997],[-110.75069,37.003197],[-111.066496,37.002389],[-111.250762024167,37.0007150407456],[-111.278286,37.000465],[-111.405869,37.001481],[-111.413013987341,37.0014775769675],[-112.35769,37.001025],[-112.538571,37.000744128882],[-112.545094,37.000734],[-112.829501944372,37.0003864013144],[-112.899190897616,37.0003012286284],[-112.966471,37.000219],[-113.965907,37.000025],[-114.0506,37.000396],[-114.050160776088,36.8431415396894],[-114.049493,36.604059],[-114.047584,36.325573],[-114.048226,36.268874],[-114.046838,36.194069],[-114.09987,36.121654],[-114.138203,36.053161],[-114.151725,36.024563],[-114.21369,36.015613],[-114.270645,36.03572],[-114.316109,36.063109],[-114.337273,36.10802],[-114.372106,36.143114],[-114.41695,36.145761],[-114.448654,36.12641],[-114.487034,36.129396],[-114.511721,36.150956],[-114.572031,36.15161],[-114.627855,36.141012],[-114.666538,36.117343],[-114.736165,36.104367],[-114.743342,36.070535],[-114.743299245886,36.0659351737601],[-114.742779,36.009963],[-114.731159,35.943916],[-114.700271,35.901772],[-114.669687,35.865084],[-114.70371,35.814585],[-114.697309,35.733686],[-114.689407,35.651412],[-114.653406,35.610789],[-114.655967476877,35.5879979564327],[-114.663105,35.524491],[-114.6645,35.449497],[-114.627137,35.409504],[-114.587129,35.262376],[-114.572747,35.138725],[-114.59912,35.12105],[-114.619905,35.121632],[-114.625069,35.068478],[-114.633487,35.001857],[-114.629769,34.94304],[-114.634382,34.87289],[-114.576452,34.8153],[-114.490971,34.724848],[-114.465246,34.691202],[-114.422382,34.580711],[-114.378223,34.516521],[-114.378852,34.450376],[-114.335372,34.450038],[-114.264317,34.401329],[-114.172845,34.344979],[-114.14093,34.305919],[-114.14081715128,34.3031275138817],[-114.139055,34.259538],[-114.17805,34.239969],[-114.229715,34.186928],[-114.292806,34.166725],[-114.348052,34.134458],[-114.405941,34.11154],[-114.428026,34.092787],[-114.43009113852,34.0789314062795],[-114.435504,34.042615],[-114.454807,34.010968],[-114.509568,33.957264],[-114.534987,33.928499],[-114.508708,33.90064],[-114.505638,33.864276],[-114.520465,33.827778],[-114.504863,33.760465],[-114.496565,33.719155],[-114.504993,33.693022],[-114.525201,33.661583],[-114.529186,33.60665],[-114.524599,33.552231],[-114.597283,33.490653],[-114.629146518189,33.4335449999998],[-114.635183,33.422726],[-114.673901,33.418299],[-114.725282,33.405048],[-114.707348,33.376628],[-114.707962,33.323421],[-114.723259,33.288079],[-114.674491,33.255597],[-114.678097,33.2303],[-114.679359,33.159519],[-114.706175,33.105335],[-114.670803,33.037984],[-114.628293,33.031052],[-114.575161,33.036542],[-114.517492069319,33.0247159744928],[-114.511343,33.023455],[-114.481315,32.972064],[-114.47664,32.923628],[-114.463127,32.901884],[-114.468971,32.845155],[-114.531746,32.782503],[-114.540260338478,32.7748291815141],[-114.570675,32.747417],[-114.615724877807,32.7412791646992],[-114.667493,32.734226],[-114.705717,32.741581],[-114.719633,32.718763],[-114.76495,32.649391],[-114.809393,32.617119],[-114.799683,32.593621]]]}},{"type":"Feature","properties":{"name":"<at><openparen>Arkansas<closeparen>","STATEFP":"05","STATENS":"00068085","GEOIDFQ":"0400000US05","GEOID":"05","STUSPS":"AR","NAME":"Arkansas","LSAD":"00","ALAND":"134658642291","AWATER":"3122591253"},"geometry":{"type":"Polygon","coordinates":[[[-94.617919,36.499414],[-94.5862,36.299969],[-94.5622679285528,36.1619726146264],[-94.5518886566514,36.1021239714216],[-94.532071,35.987852],[-94.494549,35.768303],[-94.4930532906959,35.7592465106763],[-94.4731193906467,35.6385471525294],[-94.449696,35.496719],[-94.4348090628047,35.3926242553894],[-94.4340725641195,35.387474395379],[-94.431515,35.369591],[-94.435316,35.275893],[-94.4363568693981,35.2467061646578],[-94.4475060874703,34.9340729057232],[-94.449058,34.890556],[-94.4543955288439,34.7289436942281],[-94.4575,34.634945],[-94.4611686861559,34.5074566515725],[-94.465425,34.359548],[-94.470143947319,34.1901776556377],[-94.474895,34.019655],[-94.4772691832212,33.9408298614626],[-94.481842,33.789008],[-94.485875,33.637867],[-94.419057,33.577217],[-94.388052,33.565511],[-94.354165,33.556452],[-94.338422,33.567082],[-94.303742,33.564486],[-94.238868,33.576722],[-94.213605,33.570622],[-94.183395,33.592212],[-94.143024,33.577725],[-94.07267,33.572234],[-94.043428,33.551425],[-94.042988,33.435824],[-94.043067,33.330498],[-94.0429458450603,33.2712410493864],[-94.042719,33.160291],[-94.042964,33.019219],[-93.8145980610549,33.0193890113342],[-93.8071252110518,33.0193945746385],[-93.723273,33.019457],[-93.5209925078522,33.0187422898925],[-93.4905581209888,33.0186347572102],[-93.377134,33.018234],[-93.2386468140122,33.0180159427056],[-93.197402,33.017951],[-92.9887760560898,33.0172511697504],[-92.971137,33.017192],[-92.7247431731793,33.0143417676748],[-92.723553,33.014328],[-92.501383,33.01216],[-92.222825,33.00908],[-92.0690147239268,33.0084819174935],[-92.0689280885167,33.0084815806166],[-91.875128,33.007728],[-91.489176,33.006182],[-91.4603762339211,33.0059969558674],[-91.4359307415474,33.0058398887954],[-91.2645640502205,33.0047388242705],[-91.166073,33.004106],[-91.1596060796211,33.0112423416025],[-91.120379,33.05453],[-91.180836,33.098364],[-91.153015,33.135093],[-91.104317,33.131598],[-91.084366,33.180856],[-91.068708,33.232936],[-91.086137,33.273652],[-91.125539,33.280255],[-91.142219,33.348989],[-91.113764,33.393124],[-91.147663,33.427172],[-91.171799,33.462342],[-91.189375,33.493005],[-91.2156615141091,33.5294098627481],[-91.215671,33.529423],[-91.206415960587,33.5456284081563],[-91.188942,33.576225],[-91.130902,33.610919],[-91.178311,33.651109],[-91.10098,33.660551],[-91.075389,33.714403],[-91.143287,33.747141],[-91.111494,33.774568],[-91.08551,33.77641],[-91.026782,33.763642],[-91.025173,33.805953],[-91.052819,33.824181],[-91.061247,33.877505],[-91.026382,33.90798],[-91.035961,33.943758],[-91.088696,33.961334],[-91.048367,33.985078],[-91.004981,33.977011],[-90.979945,34.000106],[-90.942662,34.01805],[-90.89242,34.02686],[-90.874541,34.072041],[-90.90113,34.094667],[-90.946323,34.109374],[-90.9448449522363,34.1164215264479],[-90.9440807601938,34.1200652947774],[-90.938064,34.148754],[-90.894385,34.160953],[-90.882701,34.184364],[-90.89456,34.22438],[-90.839981,34.236114],[-90.812829,34.279438],[-90.752681,34.289266],[-90.765174,34.342818],[-90.729131,34.364206],[-90.660404,34.33576],[-90.641398,34.383869],[-90.575336,34.415152],[-90.583717,34.458829],[-90.5694607451505,34.5243442788972],[-90.569347,34.524867],[-90.549244,34.568101],[-90.587224,34.615732],[-90.5748549582232,34.6316539794501],[-90.550158,34.663445],[-90.546053,34.702076],[-90.505494,34.764568],[-90.473527,34.788835],[-90.463795,34.834923],[-90.4079823819208,34.835265981566],[-90.401633,34.835305],[-90.313476,34.871698],[-90.3114467159881,34.872838517743],[-90.250095,34.90732],[-90.244476,34.937596],[-90.309297,34.995694],[-90.300697,35.028793],[-90.265296,35.040293],[-90.197146,35.050731],[-90.181387,35.091401],[-90.160058,35.12883],[-90.09061,35.118287],[-90.099777,35.164474],[-90.093285,35.203282],[-90.097947,35.249983],[-90.166594,35.274588],[-90.121864,35.304535],[-90.087903,35.36327],[-90.112504,35.410153],[-90.070549,35.423291],[-90.045306,35.415435],[-90.022064,35.457375],[-90.045805,35.496533],[-90.037615,35.550329],[-89.958498,35.541703],[-89.944754,35.560308],[-89.9325,35.607865],[-89.876548,35.626653],[-89.898916,35.650904],[-89.956589,35.695486],[-89.915491,35.754917],[-89.863874,35.747592],[-89.797053,35.782648],[-89.723426,35.809382],[-89.729517,35.847632],[-89.722634,35.873718],[-89.64727,35.89492],[-89.6491186188564,35.9047155762998],[-89.652279,35.921462],[-89.686924,35.947716],[-89.733095,36.000608],[-89.901183,35.999365],[-89.9593746319162,35.9990141141563],[-90.103842,35.998143],[-90.2890769140827,35.9965128689775],[-90.368718,35.995812],[-90.339343,36.047112],[-90.294492,36.112949],[-90.235585,36.139474],[-90.220425,36.184764],[-90.1891019136628,36.1989984552544],[-90.155928,36.214074],[-90.114922,36.265595],[-90.06398,36.303038],[-90.063526,36.356911],[-90.066136,36.386272],[-90.131038,36.415069],[-90.141399,36.459874],[-90.153871,36.495344],[-90.2207490539154,36.4959375921945],[-90.494575,36.498368],[-90.5761790655673,36.498405927798],[-90.765672,36.498494],[-90.784029207405,36.4984625681699],[-91.017974,36.498062],[-91.1265376607175,36.4977977039745],[-91.404915,36.49712],[-91.4068712895641,36.4971382315405],[-91.450023110521,36.4975403827277],[-91.64259,36.499335],[-91.6723336435146,36.4992566570116],[-91.985802,36.498431],[-92.120391964917,36.4981931896223],[-92.150306261007,36.4981403333038],[-92.350277,36.497787],[-92.5291361751611,36.498165682126],[-92.564238,36.49824],[-92.7723338933721,36.4980831540794],[-92.838876,36.498033],[-92.8540081073941,36.4980234071379],[-93.125969,36.497851],[-93.2930675065906,36.4982584490195],[-93.3153233371857,36.4983127171069],[-93.426989,36.498585],[-93.5842625342512,36.4989016403491],[-93.700171,36.499135],[-93.8666892118508,36.4988662760355],[-93.95919,36.498717],[-94.0770881248555,36.49897595691],[-94.361203,36.4996],[-94.617919,36.499414]]]}},{"type":"Feature","properties":{"name":"<at><openparen>California<closeparen>","STATEFP":"06","STATENS":"01779778","GEOIDFQ":"0400000US06","GEOID":"06","STUSPS":"CA","NAME":"California","LSAD":"00","ALAND":"403676564152","AWATER":"20288505023"},"geometry":{"type":"MultiPolygon","coordinates":[[[[-118.593969,33.467198],[-118.563442,33.434381],[-118.482609,33.369914],[-118.465368,33.326056],[-118.374768,33.320065],[-118.325244,33.299075],[-118.286261,33.351463],[-118.370323,33.409285],[-118.484785,33.487483],[-118.593969,33.467198]]],[[[-118.594033,33.035951],[-118.641578,33.017129],[-118.581513,32.931672],[-118.487908,32.84459],[-118.425634,32.800595],[-118.353504,32.821962],[-118.446771,32.895424],[-118.540069,32.980933],[-118.594033,33.035951]]],[[[-119.578942,33.278628],[-119.545872,33.233406],[-119.464725,33.215432],[-119.429559,33.228167],[-119.427171,33.266023],[-119.510489,33.307269],[-119.578942,33.278628]]],[[[-119.916216,34.058351],[-119.876916,34.023527],[-119.873358,33.980375],[-119.795938,33.962929],[-119.721206,33.959583],[-119.662825,33.985889],[-119.554472,33.99782],[-119.487719557382,33.9965151543893],[-119.391587,33.994636],[-119.363065,34.000548],[-119.364214,34.050794],[-119.442654,34.054156],[-119.470736656944,34.053996622104],[-119.5667,34.053452],[-119.739472,34.049299],[-119.857304,34.071298],[-119.916216,34.058351]]],[[[-120.368278,34.076465],[-120.454134,34.028081],[-120.36484,33.991781],[-120.200085,33.956904],[-120.179049,33.927994],[-120.121817,33.895712],[-120.049682,33.914563],[-119.973691,33.942481],[-119.984316,33.983948],[-120.055107,34.037729],[-120.135853,34.026087],[-120.24248,34.057172],[-120.368278,34.076465]]],[[[-124.387023,40.504954],[-124.409591,40.438076],[-124.365357,40.374855],[-124.353124,40.331425],[-124.363414,40.260974],[-124.34307,40.243979],[-124.258405,40.184277],[-124.187874,40.130542],[-124.139952,40.11635],[-124.087086,40.078442],[-124.068908,40.021307],[-124.035904,40.013319],[-124.02520517453,40.001299341669],[-123.954952,39.922373],[-123.907664,39.863028],[-123.851714,39.832041],[-123.829545,39.723071],[-123.792659,39.684122],[-123.782322,39.621486],[-123.766475,39.552803],[-123.81469,39.446538],[-123.825331,39.360814],[-123.798991,39.271355],[-123.765891,39.193657],[-123.721505,39.125327],[-123.69074,39.021293],[-123.732892,38.954994],[-123.71054,38.91323],[-123.659846,38.872529],[-123.638637,38.843865],[-123.571987,38.798189],[-123.540922011634,38.7676562160393],[-123.514784,38.741966],[-123.441774,38.699744],[-123.349612,38.596805],[-123.331899,38.565542],[-123.249797,38.511045],[-123.166428,38.474947],[-123.085572,38.390525],[-123.068437,38.33521],[-123.053504,38.299385],[-123.004122,38.297012],[-123.003146477056,38.2957052387145],[-122.986319,38.273164],[-122.987149,38.237538],[-122.953629,38.17567],[-122.960889,38.112962],[-123.011533,38.003438],[-122.97439,37.992429],[-122.939711,38.031908],[-122.856573,38.016717],[-122.797405,37.976657],[-122.754606,37.935527],[-122.70264,37.89382],[-122.678474,37.906604],[-122.60129,37.875126],[-122.537285,37.830328],[-122.483483,37.826728],[-122.41847,37.852721],[-122.448413,37.89341],[-122.486375,37.921881],[-122.488665,37.966714],[-122.452995,37.996167],[-122.499465,38.032165],[-122.491283,38.108087],[-122.488499639259,38.1090944743082],[-122.397581230624,38.1420035972533],[-122.393588,38.143449],[-122.301804,38.105142],[-122.269320054917,38.0603744975312],[-122.262861,38.051473],[-122.321706,38.01031],[-122.368891,38.007948],[-122.367582,37.978168],[-122.425258,37.955672],[-122.378709,37.905191],[-122.33453,37.908791],[-122.328714287407,37.8938323463208],[-122.303931,37.830087],[-122.333711,37.809797],[-122.312974,37.777244],[-122.252452,37.755129],[-122.24981,37.726406],[-122.213774,37.698695],[-122.163049,37.667933],[-122.162802507492,37.6672729813177],[-122.152905,37.640771],[-122.144396,37.581866],[-122.111998,37.528851],[-122.129199702224,37.5213219985908],[-122.168449,37.504143],[-122.244372,37.55814],[-122.360219,37.592501],[-122.39319,37.707531],[-122.389826876588,37.708331],[-122.361749,37.71501],[-122.356784,37.729505],[-122.376462,37.738558],[-122.385323,37.790724],[-122.398139,37.80563],[-122.465396,37.800879],[-122.511983,37.77113],[-122.500678019083,37.7081325680179],[-122.496784,37.686433],[-122.496784560243,37.665620815871],[-122.496786,37.612136],[-122.518088,37.576138],[-122.516689,37.52134],[-122.493789,37.492341],[-122.445987,37.461541],[-122.443687,37.435941],[-122.409258,37.374805],[-122.401323,37.337009],[-122.418452,37.248521],[-122.397065,37.187249],[-122.344029,37.144099],[-122.322971,37.11546],[-122.294310191913,37.1051413867181],[-122.284882,37.101747],[-122.260481,37.072548],[-122.20618,37.013949],[-122.105976,36.955951],[-122.027174,36.95115],[-121.95167,36.97145],[-121.906468,36.96895],[-121.862266,36.931552],[-121.812732426762,36.8500494437455],[-121.791544,36.815186],[-121.796826,36.777543],[-121.814462,36.682858],[-121.860604,36.611136],[-121.923866,36.634559],[-121.970427,36.582754],[-121.9416,36.485602],[-121.903195,36.393603],[-121.888491,36.30281],[-121.826425,36.24186],[-121.779851,36.227407],[-121.680145,36.165818],[-121.622009,36.099695],[-121.574602,36.025156],[-121.531876,36.014368],[-121.4862,35.970348],[-121.462264,35.885618],[-121.406823,35.844623],[-121.347053956004,35.7951862038146],[-121.332449,35.783106],[-121.314632,35.71331],[-121.272322,35.666711],[-121.166712,35.635399],[-121.11424,35.57172],[-121.003359,35.46071],[-120.984227,35.4579036027455],[-120.955863,35.453743],[-120.884757,35.430196],[-120.862133,35.360763],[-120.87957,35.294184],[-120.89679,35.247877],[-120.846674,35.204429],[-120.756086,35.160459],[-120.714185,35.175998],[-120.675074,35.153061],[-120.635787,35.123805],[-120.629583,35.078362],[-120.63357,35.033085],[-120.65030521184,34.9751663022687],[-120.670835,34.904115],[-120.610266,34.85818],[-120.62632,34.738072],[-120.614852,34.730709],[-120.60197,34.692095],[-120.645739,34.581035],[-120.622575,34.554017],[-120.581293,34.556959],[-120.550092,34.542794],[-120.511421,34.522953],[-120.451425,34.447094],[-120.295051,34.470623],[-120.141165,34.473405],[-120.050682,34.461651],[-119.971951,34.444641],[-119.873971,34.408795],[-119.835771,34.415796],[-119.785871,34.415997],[-119.709067,34.395397],[-119.684666,34.408297],[-119.616862,34.420995],[-119.536957,34.395495],[-119.477946706724,34.3788375587756],[-119.461036,34.374064],[-119.37578,34.321118],[-119.313034,34.275689],[-119.270144,34.252903],[-119.264586388748,34.2361045992684],[-119.257043,34.213304],[-119.227743,34.161728],[-119.109784,34.094566],[-119.069959,34.09047],[-118.954722,34.048167],[-118.944479511459,34.046738953351],[-118.854653,34.034215],[-118.805114,34.001239],[-118.744952,34.032103],[-118.679366,34.033255],[-118.603572,34.039048],[-118.519514,34.027509],[-118.517277278306,34.0252914546544],[-118.460611,33.969111],[-118.412708,33.883913],[-118.394307,33.804315],[-118.428407,33.774715],[-118.396606,33.735917],[-118.354705,33.732317],[-118.333295024316,33.721184383577],[-118.317205,33.712818],[-118.258687,33.703741],[-118.231926185034,33.7152954681899],[-118.1837,33.736118],[-118.132698,33.753217],[-118.115076722882,33.743803322895],[-118.088896,33.729817],[-118.000593,33.654319],[-117.927091,33.605521],[-117.840289,33.573523],[-117.814188,33.552224],[-117.739228960946,33.49342309455],[-117.726486,33.483427],[-117.715349,33.460556],[-117.645582,33.440728],[-117.596188685737,33.3869649943199],[-117.59588,33.386629],[-117.547693,33.365491],[-117.445583,33.268517],[-117.362572,33.168437],[-117.315278,33.093504],[-117.28077,33.012343],[-117.263704485249,32.9395407354155],[-117.25447,32.900146],[-117.25617,32.859447],[-117.262905,32.849349],[-117.27387,32.851447],[-117.28217,32.839547],[-117.280971,32.822247],[-117.25497,32.786948],[-117.255169,32.700051],[-117.246069,32.669352],[-117.196767,32.688851],[-117.168866,32.671952],[-117.136664,32.618754],[-117.132038955738,32.5856011873821],[-117.124862,32.534156],[-116.857154,32.557459],[-116.853156612097,32.5577856300775],[-116.62705,32.576261],[-116.540643,32.583747],[-116.106175830742,32.6185783878213],[-116.04662,32.623353],[-115.465164,32.6671],[-115.000802,32.699676],[-114.719633,32.718763],[-114.705717,32.741581],[-114.667493,32.734226],[-114.615724877807,32.7412791646992],[-114.570675,32.747417],[-114.540260338478,32.7748291815141],[-114.531746,32.782503],[-114.468971,32.845155],[-114.463127,32.901884],[-114.47664,32.923628],[-114.481315,32.972064],[-114.511343,33.023455],[-114.517492069319,33.0247159744928],[-114.575161,33.036542],[-114.628293,33.031052],[-114.670803,33.037984],[-114.706175,33.105335],[-114.679359,33.159519],[-114.678097,33.2303],[-114.674491,33.255597],[-114.723259,33.288079],[-114.707962,33.323421],[-114.707348,33.376628],[-114.725282,33.405048],[-114.673901,33.418299],[-114.635183,33.422726],[-114.629146518189,33.4335449999998],[-114.597283,33.490653],[-114.524599,33.552231],[-114.529186,33.60665],[-114.525201,33.661583],[-114.504993,33.693022],[-114.496565,33.719155],[-114.504863,33.760465],[-114.520465,33.827778],[-114.505638,33.864276],[-114.508708,33.90064],[-114.534987,33.928499],[-114.509568,33.957264],[-114.454807,34.010968],[-114.435504,34.042615],[-114.43009113852,34.0789314062795],[-114.428026,34.092787],[-114.405941,34.11154],[-114.348052,34.134458],[-114.292806,34.166725],[-114.229715,34.186928],[-114.17805,34.239969],[-114.139055,34.259538],[-114.14081715128,34.3031275138817],[-114.14093,34.305919],[-114.172845,34.344979],[-114.264317,34.401329],[-114.335372,34.450038],[-114.378852,34.450376],[-114.378223,34.516521],[-114.422382,34.580711],[-114.465246,34.691202],[-114.490971,34.724848],[-114.576452,34.8153],[-114.634382,34.87289],[-114.629769,34.94304],[-114.633487,35.001857],[-114.804249,35.139689],[-114.948154366683,35.2552173238086],[-115.043812,35.332012],[-115.160068,35.424129],[-115.303743,35.538207],[-115.404537,35.617605],[-115.647683,35.809358],[-115.648032019625,35.8096292126029],[-115.846113922762,35.9635526731109],[-115.892975,35.999967],[-116.093601,36.155805],[-116.375875,36.372562],[-116.488233,36.459097],[-117.000895,36.847694],[-117.166000564031,36.9712075385903],[-117.244917,37.030244],[-117.68061,37.353399],[-117.833504044144,37.4649387662445],[-118.022181,37.602583],[-118.427995325157,37.8962242809098],[-118.500958,37.949019],[-118.949673,38.26894],[-119.155815824409,38.4134036584505],[-119.279262,38.499914],[-119.330366469799,38.5355095158185],[-119.585406144839,38.7131509006712],[-119.587679,38.714734],[-119.904315,38.933324],[-120.001014,38.999574],[-120.001975250867,39.0674958744683],[-120.002614842913,39.1126893740958],[-120.003364028833,39.1656267640688],[-120.005142,39.291258],[-120.004795512304,39.3164750119585],[-120.003028919657,39.4450457761605],[-120.00174,39.538852],[-119.999935448085,39.7224069247242],[-119.997634,39.956505],[-119.997124,40.126363],[-119.996155,40.32125],[-119.997533,40.720992],[-119.999231,40.865899],[-119.999866,41.183974],[-119.99828,41.618765],[-119.999276,41.874891],[-119.999168,41.99454],[-120.181563,41.994588],[-120.501069,41.993785],[-120.692219,41.993677],[-120.879925710236,41.9934832599849],[-121.035195,41.993323],[-121.251099,41.99757],[-121.43961,41.99708],[-121.447539998048,41.9971900332726],[-121.675348,42.000351],[-121.846712,42.00307],[-122.101922,42.005766],[-122.289527,42.007764],[-122.289749096157,42.0077647304966],[-122.501135,42.00846],[-122.80008,42.004071],[-123.045254,42.003049],[-123.145959,42.009247],[-123.231001260578,42.004970062256],[-123.347562,41.999108],[-123.43477,42.001641],[-123.519112836804,41.9991725180329],[-123.656998,41.995137],[-123.822037598588,41.995620816947],[-124.001188,41.996146],[-124.211605,41.99846],[-124.203402,41.940964],[-124.219592,41.846432],[-124.245027,41.7923],[-124.19104,41.736079],[-124.154246,41.728801],[-124.143479,41.709284],[-124.116037,41.628849],[-124.081987,41.547761],[-124.067473659422,41.4647361884909],[-124.063076,41.439579],[-124.092284,41.287695],[-124.122677,41.189726],[-124.163988,41.138675],[-124.154513,41.087159],[-124.125448,41.048504],[-124.118147,40.989263],[-124.176715,40.843618],[-124.301355,40.659643],[-124.387023,40.504954]]]]}},{"type":"Feature","properties":{"name":"<at><openparen>Colorado<closeparen>","STATEFP":"08","STATENS":"01779779","GEOIDFQ":"0400000US08","GEOID":"08","STUSPS":"CO","NAME":"Colorado","LSAD":"00","ALAND":"268419398775","AWATER":"1185110804"},"geometry":{"type":"Polygon","coordinates":[[[-109.059962,38.499987],[-109.060062,38.275489],[-109.041762,38.16469],[-109.041796614855,38.1530323049685],[-109.042604100621,37.8810848174926],[-109.043780720503,37.4848192314175],[-109.045223,36.999084],[-108.620309,36.999287],[-108.379302950094,36.9995646863115],[-108.000623,37.000001],[-107.481736999155,37.0000045803143],[-107.420913,37.000005],[-106.877292,37.000139],[-106.869796,36.992426],[-106.476233588828,36.9937741005469],[-106.343139,36.99423],[-106.006316410798,36.9953866288173],[-105.997472,36.995417],[-105.718469683991,36.995845927301],[-105.716471,36.995849],[-105.533922,36.995875],[-105.41931,36.995856],[-105.251296,36.995605],[-105.220505200781,36.9955632364865],[-105.155042748048,36.9954744456106],[-105.1208,36.995428],[-104.732031,36.993447],[-104.338833,36.993535],[-104.007849409613,36.9959840947091],[-103.733247,36.998016],[-103.086101075631,36.9998643611064],[-103.002199,37.000104],[-102.841989,36.999598],[-102.698142,36.995149],[-102.355288,36.994506],[-102.04224,36.993083],[-102.04192,37.035083],[-102.041983,37.106551],[-102.041963,37.258164],[-102.041938522874,37.3891900553938],[-102.041890869665,37.6442776852918],[-102.041876,37.723875],[-102.041965658628,37.7385405736382],[-102.044255,38.113011],[-102.044634270291,38.2624115677495],[-102.044650359147,38.2687492225031],[-102.044944,38.384419],[-102.04551057457,38.6151645901775],[-102.045712903087,38.6975657700785],[-102.046571,39.047038],[-102.047200721701,39.1331467095112],[-102.04896,39.373712],[-102.049961857828,39.5681789806731],[-102.049992135644,39.574056097421],[-102.051254,39.818992],[-102.051744,40.003078],[-102.051309,40.338381],[-102.051308551844,40.3492213568722],[-102.051304798597,40.440007993377],[-102.051294151579,40.697546832389],[-102.051292,40.749591],[-102.051614,41.002377],[-102.051717521832,41.0023769676222],[-102.556789,41.002219],[-102.621033024452,41.0022232026156],[-102.653464137269,41.0022253241436],[-103.076536,41.002253],[-103.38249165189,41.001926146621],[-103.573774006195,41.0017217990841],[-103.574522,41.001721],[-104.053249,41.001406],[-104.497058,41.001805],[-104.855273,40.998048],[-104.943371,40.9980741037298],[-105.276859994035,40.9981729176259],[-105.277138,40.998173],[-106.190554078709,40.9977466125744],[-106.217573,40.997734],[-106.321169215914,40.998215011068],[-106.860377948665,41.0007186292371],[-107.31779575979,41.0028424812322],[-107.367443,41.003073],[-107.918418289849,41.0012270706441],[-108.250649,41.000114],[-109.050076,41.000659],[-109.048455,40.826081],[-109.048259750048,40.662601817228],[-109.048249,40.653601],[-109.050732112077,40.2226552582576],[-109.050973,40.180849],[-109.050615,39.87497],[-109.050871925262,39.6604717771594],[-109.051066846273,39.4977388093662],[-109.051223831017,39.3666775495863],[-109.051512,39.126095],[-109.059961475353,38.5000258740357],[-109.059962,38.499987]]]}},{"type":"Feature","properties":{"name":"<at><openparen>Connecticut<closeparen>","STATEFP":"09","STATENS":"01779780","GEOIDFQ":"0400000US09","GEOID":"09","STUSPS":"CT","NAME":"Connecticut","LSAD":"00","ALAND":"12542101087","AWATER":"1816013585"},"geometry":{"type":"Polygon","coordinates":[[[-73.727775,41.100696],[-73.7060285207249,41.0742979372722],[-73.659533,41.017857],[-73.659362,41.004034],[-73.657336,40.985171],[-73.595699,41.015995],[-73.561968,41.016797],[-73.516903,41.038738],[-73.468239,41.051347],[-73.422165,41.047562],[-73.387227,41.058247],[-73.354231,41.085639],[-73.372296,41.10402],[-73.33066,41.109996],[-73.297214389349,41.1136685437012],[-73.2966013667175,41.1137358575388],[-73.2698175797685,41.1166768900433],[-73.262358,41.117496],[-73.202656,41.158096],[-73.1728353651274,41.1534422791124],[-73.130253,41.146797],[-73.108352,41.153718],[-73.1011738216445,41.1637262711643],[-73.07945,41.194015],[-73.020449,41.206397],[-72.986247,41.233497],[-72.9705054154992,41.2412743089963],[-72.935646,41.258497],[-72.9039337600629,41.2491941344625],[-72.881445,41.242597],[-72.786142,41.264796],[-72.760341,41.241235],[-72.690439,41.246697],[-72.6543540201512,41.2656263083002],[-72.653838,41.265897],[-72.598036,41.268698],[-72.547235,41.250499],[-72.5345648971681,41.2538242743911],[-72.472539,41.270103],[-72.40593,41.278398],[-72.386629,41.261798],[-72.348643,41.277446],[-72.293044,41.280044],[-72.2483536597,41.2958716831598],[-72.235531,41.300413],[-72.201422,41.315697],[-72.134221,41.299398],[-72.094443,41.314164],[-72.021898,41.316838],[-71.956747,41.329871],[-71.886302,41.33641],[-71.860513,41.320248],[-71.835951,41.353935],[-71.839649,41.412119],[-71.797683,41.416709],[-71.7935683158896,41.5057530964788],[-71.7893586727423,41.5968521603427],[-71.789356,41.59691],[-71.789678,41.724734],[-71.7896954316824,41.7251982448091],[-71.792767,41.807001],[-71.799242,42.008065],[-71.80065,42.023569],[-71.8460061833253,42.0243734650785],[-71.987326,42.02688],[-72.1357314619467,42.0291419299417],[-72.2053557620642,42.0302031125089],[-72.317148,42.031907],[-72.528131,42.034295],[-72.607933,42.030795],[-72.735496,42.036399],[-72.766739,42.002995],[-72.7747593160786,42.0021291041803],[-72.810078,41.998316],[-72.847142,42.036894],[-72.8636919761087,42.0370850109639],[-72.999549,42.038653],[-73.053397149764,42.0401165089147],[-73.1272291708784,42.0421231483548],[-73.231056,42.044945],[-73.487314,42.049638],[-73.505008,41.823773],[-73.5179187906383,41.66672053071],[-73.520017,41.641197],[-73.5218340787912,41.6197480313024],[-73.5296777143013,41.5271610211283],[-73.536969,41.441094],[-73.5431473462655,41.3767706682974],[-73.5441352908263,41.3664850865317],[-73.550961,41.295422],[-73.482709,41.21276],[-73.727775,41.100696]]]}},{"type":"Feature","properties":{"name":"<at><openparen>Delaware<closeparen>","STATEFP":"10","STATENS":"01779781","GEOIDFQ":"0400000US10","GEOID":"10","STUSPS":"DE","NAME":"Delaware","LSAD":"00","ALAND":"5046707808","AWATER":"1399203452"},"geometry":{"type":"Polygon","coordinates":[[[-75.773786,39.7222],[-75.788596,39.722199],[-75.7669046067092,39.3776515935512],[-75.766895,39.377499],[-75.7604414164505,39.2967896211001],[-75.7564352155685,39.2466875371253],[-75.7481548142541,39.1431317309597],[-75.7231026933327,38.8298265565277],[-75.707555026429,38.6353853550599],[-75.707551,38.635335],[-75.701777515245,38.5607669290786],[-75.700382,38.542743],[-75.693721,38.460128],[-75.479283,38.453698],[-75.3412873203482,38.4524365259555],[-75.185455,38.451012],[-75.048939,38.451263],[-75.053973,38.536273],[-75.071805,38.696497],[-75.089473,38.797198],[-75.113331,38.782998],[-75.159022,38.790193],[-75.232029,38.844254],[-75.304078,38.91316],[-75.302552,38.939002],[-75.3066521095097,38.9476601633284],[-75.34089,39.01996],[-75.396277,39.057884],[-75.407473,39.133706],[-75.39479,39.188354],[-75.408376,39.264698],[-75.469324,39.33082],[-75.5056428576184,39.3703942225828],[-75.521682,39.387871],[-75.57183,39.438897],[-75.593068,39.479186],[-75.528088,39.498114],[-75.527676,39.535278],[-75.512732,39.578],[-75.543965,39.596],[-75.559446,39.629812],[-75.535144,39.647212],[-75.509742,39.686113],[-75.47764,39.715013],[-75.459439,39.765813],[-75.415062,39.801919],[-75.481207,39.829191],[-75.570433,39.839185],[-75.5796477422344,39.8374141038914],[-75.5925626443241,39.8349321082726],[-75.5943169052201,39.8345949730913],[-75.662846,39.821425],[-75.717059,39.792325],[-75.753228,39.757989],[-75.773786,39.7222]]]}},{"type":"Feature","properties":{"name":"<at><openparen>District of Columbia<closeparen>","STATEFP":"11","STATENS":"01702382","GEOIDFQ":"0400000US11","GEOID":"11","STUSPS":"DC","NAME":"District of Columbia","LSAD":"00","ALAND":"158318961","AWATER":"18706999"},"geometry":{"type":"Polygon","coordinates":[[[-77.119759,38.934343],[-77.0902,38.904211],[-77.039099,38.868112],[-77.0390663567647,38.8412718895186],[-77.039006,38.791645],[-76.979497,38.837812],[-76.909393,38.892852],[-77.002546244247,38.9655317004459],[-77.041018,38.995548],[-77.119759,38.934343]]]}},{"type":"Feature","properties":{"name":"<at><openparen>Florida<closeparen>","STATEFP":"12","STATENS":"00294478","GEOIDFQ":"0400000US12","GEOID":"12","STUSPS":"FL","NAME":"Florida","LSAD":"00","ALAND":"138973813223","AWATER":"45960479273"},"geometry":{"type":"MultiPolygon","coordinates":[[[[-81.811693,24.568745],[-81.812536,24.545469],[-81.685243,24.558676],[-81.595334,24.593107],[-81.517404,24.621239],[-81.443915,24.642677],[-81.401889,24.623544],[-81.342192,24.637774],[-81.243232,24.673998],[-81.305054,24.755185],[-81.44351,24.813364],[-81.571151,24.756354],[-81.584599,24.736696],[-81.672338,24.699514],[-81.751266,24.653517],[-81.811693,24.568745]]],[[[-82.01491,24.543071],[-82.028091,24.498716],[-81.918855,24.498131],[-81.868711,24.58412],[-81.983908,24.580682],[-82.01491,24.543071]]],[[[-82.188031,24.574699],[-82.179454,24.52947],[-82.100757,24.533288],[-82.086643,24.590071],[-82.144099,24.622481],[-82.188031,24.574699]]],[[[-87.592064,30.95146],[-87.634943,30.865857],[-87.542268,30.767481],[-87.523621,30.738285],[-87.442291,30.692661],[-87.400189,30.657201],[-87.401189,30.604383],[-87.43145,30.550252],[-87.444722,30.507484],[-87.414685,30.457289],[-87.366601,30.436643],[-87.431784,30.403193],[-87.452282,30.344097],[-87.518324,30.280435],[-87.419859,30.297128],[-87.319518,30.317814],[-87.267827,30.31548],[-87.2288564841704,30.3197321482474],[-87.155392,30.327748],[-86.9188732979657,30.3690493508797],[-86.850625,30.380967],[-86.7995592762003,30.3845638782264],[-86.632953,30.396299],[-86.412076,30.380346],[-86.3973810669074,30.3774955636999],[-86.222561,30.343585],[-86.1797305763763,30.3306594488474],[-86.089963,30.303569],[-85.999937,30.27078],[-85.9959431575134,30.2688232673284],[-85.811219,30.17832],[-85.69681,30.09689],[-85.601178,30.056342],[-85.571907,30.02644],[-85.487764,29.961227],[-85.425956,29.949888],[-85.3891608928388,29.924059309219],[-85.38473,29.920949],[-85.416548,29.842628],[-85.40283,29.758782],[-85.352615,29.659787],[-85.259719,29.681296],[-85.2201422739545,29.666453713282],[-85.15731,29.64289],[-85.045074,29.586991],[-84.876731,29.655758],[-84.776954,29.692191],[-84.692619,29.763039],[-84.604003,29.786021],[-84.564976,29.81018],[-84.57744,29.887828],[-84.535873,29.910092],[-84.470323,29.924524],[-84.423834,29.902996],[-84.349066,29.896812],[-84.333746,29.923721],[-84.341439,29.962208],[-84.3454463222869,29.9697520164336],[-84.366115,30.008662],[-84.289727,30.057197],[-84.20801,30.084776],[-84.179149,30.073187],[-84.124889,30.090601],[-84.0761320719114,30.0990898837301],[-84.06299,30.101378],[-84.000716,30.096209],[-83.992310340478,30.0892687377287],[-83.93151,30.039068],[-83.788729,29.976982],[-83.679219,29.918513],[-83.625026,29.856892],[-83.583045,29.787307],[-83.537645,29.72306],[-83.483567,29.698542],[-83.414701,29.670536],[-83.4141422518799,29.6661877064703],[-83.405068,29.59557],[-83.401552,29.523291],[-83.307828,29.468861],[-83.294747,29.437923],[-83.240509,29.433178],[-83.202446,29.394422],[-83.175518,29.34469],[-83.169576,29.290355],[-83.1655541262812,29.288964743454],[-83.107477,29.268889],[-83.074734,29.247975],[-83.078986,29.196944],[-83.053207,29.130839],[-83.016248,29.125371],[-82.996144,29.178074],[-82.927107,29.168907],[-82.827073,29.158425],[-82.798876,29.114504],[-82.823659,29.098902],[-82.759704,29.054192],[-82.759378,29.006619],[-82.7555738086957,29.0009301182604],[-82.723861,28.953506],[-82.688864,28.905609],[-82.730245,28.850155],[-82.713121,28.800283],[-82.712373,28.720921],[-82.668722,28.695658],[-82.6687096341287,28.6940772618211],[-82.668149,28.622411],[-82.656694,28.544814],[-82.665055,28.484434],[-82.6908136882946,28.4333048573934],[-82.697433,28.420166],[-82.73146,28.325075],[-82.764103,28.244345],[-82.859624,28.174135],[-82.8593849560329,28.1721750746045],[-82.850881,28.102451],[-82.828163,28.02013],[-82.840882,27.937162],[-82.846526,27.854301],[-82.790224,27.791603],[-82.746223,27.731306],[-82.738467,27.678504],[-82.733076,27.612972],[-82.705017,27.62531],[-82.6775344377073,27.6645722242507],[-82.652521,27.700307],[-82.62502,27.732706],[-82.622723,27.779868],[-82.586519,27.816703],[-82.5663805212513,27.8363382177134],[-82.553946,27.848462],[-82.489849,27.822607],[-82.448786,27.810036],[-82.43198,27.768092],[-82.477638,27.723004],[-82.514265,27.705588],[-82.5447404124373,27.6581333425825],[-82.5528872070636,27.6454475963655],[-82.584629,27.596021],[-82.65072,27.523115],[-82.719852,27.528933],[-82.743017,27.531086],[-82.691821,27.437218],[-82.6481706168595,27.38972],[-82.610581,27.348817],[-82.539719,27.254326],[-82.452673,27.079359],[-82.3692013921691,26.9460810256335],[-82.314277,26.858384],[-82.2805412776288,26.7893085864431],[-82.264682,26.756836],[-82.264351,26.698496],[-82.245395,26.601094],[-82.180717,26.476257],[-82.126671,26.436279],[-82.075015,26.422059],[-82.013913,26.452058],[-81.956611,26.452358],[-81.923611,26.436658],[-81.8464852479618,26.3303720485028],[-81.844555,26.327712],[-81.808833,26.152246],[-81.757463,26.000374],[-81.7419275304192,25.9527263358319],[-81.727086,25.907207],[-81.672633,25.856654],[-81.6402369580568,25.8775375792851],[-81.614735,25.893977],[-81.472239,25.81693],[-81.4423076374621,25.8033302508746],[-81.38381,25.776751],[-81.355986,25.703526],[-81.289901,25.673554],[-81.240519,25.599041],[-81.208201,25.504937],[-81.146765,25.407577],[-81.148103,25.332793],[-81.170907,25.245857],[-81.142278,25.183],[-81.079859,25.118797],[-81.009598,25.125403],[-80.915924,25.141301],[-80.87546,25.174321],[-80.8581700400306,25.1775203265261],[-80.812133,25.186039],[-80.747746,25.147441],[-80.710607,25.15253],[-80.650532,25.189097],[-80.542391,25.206379],[-80.495394,25.199808],[-80.500513,25.156674],[-80.516571,25.095457],[-80.610869,25.006995],[-80.847471,24.851753],[-81.038908,24.772596],[-81.148718,24.710477],[-81.103373,24.669463],[-80.966245,24.707852],[-80.651189,24.866131],[-80.496761,24.999324],[-80.358183,25.153228],[-80.238555,25.32682],[-80.2293537849126,25.3421186263507],[-80.163156,25.452184],[-80.176024,25.521154],[-80.234849,25.42196],[-80.31036,25.389707],[-80.337049,25.465621],[-80.3159759814327,25.5326208272661],[-80.313918,25.539164],[-80.301464,25.613299],[-80.265879,25.658373],[-80.229107,25.732509],[-80.176916,25.685062],[-80.154972,25.66549],[-80.129126084386,25.7461616656992],[-80.123806,25.762767],[-80.109953,25.81826],[-80.117904,25.915772],[-80.1150067836063,25.9753261627924],[-80.109566,26.087165],[-80.1086585055892,26.0932938862554],[-80.085565,26.249259],[-80.0758744394432,26.3209127698802],[-80.061607857332,26.4264024766503],[-80.050363,26.509549],[-80.038863,26.569347],[-80.035363,26.612346],[-80.035763,26.676043],[-80.032231724777,26.7686015718408],[-80.03212,26.77153],[-80.0323625083668,26.7730339188175],[-80.046263,26.859238],[-80.0830776297553,26.970534],[-80.116772,27.072397],[-80.138605,27.111517],[-80.153375,27.169308],[-80.1980213526587,27.2630088036725],[-80.253665,27.37979],[-80.3166866116204,27.5573400246076],[-80.330956,27.597541],[-80.383695,27.740045],[-80.4476769492176,27.860513513361],[-80.547675,28.048795],[-80.589975,28.17799],[-80.604214,28.257733],[-80.606874,28.336484],[-80.587813,28.410856],[-80.525094,28.459454],[-80.583884,28.597705],[-80.647288,28.677875],[-80.7275056700738,28.7911928713227],[-80.787021,28.875266],[-80.907275,29.064262],[-80.966176,29.14796],[-80.9954231154303,29.2060516842917],[-81.046678,29.307856],[-81.1029673517454,29.426996650452],[-81.163581,29.55529],[-81.2104095965538,29.6706408057043],[-81.256711,29.784693],[-81.2619334605748,29.8221234866761],[-81.270442,29.883106],[-81.288955,29.91518],[-81.3743761280233,30.252931],[-81.396407,30.34004],[-81.4025013526944,30.4001283202505],[-81.410809,30.482039],[-81.42601,30.496739],[-81.4289547376433,30.5061830741652],[-81.434064,30.522569],[-81.443099,30.600938],[-81.42742,30.69802],[-81.444124,30.709714],[-81.507218,30.722936],[-81.528281,30.723359],[-81.56171,30.715597],[-81.633273,30.729603],[-81.668283,30.744644],[-81.732238,30.749635],[-81.763384,30.773821],[-81.808543,30.790016],[-81.868624,30.792756],[-81.902354,30.82082],[-81.9059784394064,30.821407341502],[-81.943187,30.827437],[-81.994992,30.786074],[-82.032667,30.750674],[-82.041834,30.692374],[-82.049529,30.655544],[-82.015728,30.601698],[-82.018381,30.531176],[-82.028232,30.447385],[-82.042011,30.403253],[-82.040766,30.370144],[-82.0509829816809,30.3683677759449],[-82.094709,30.360766],[-82.143306,30.363378],[-82.180043,30.36861],[-82.210318,30.424577],[-82.200965,30.474427],[-82.229427,30.520814],[-82.218607,30.564395],[-82.4189841121785,30.5809166697315],[-82.459581,30.584264],[-82.4597924354137,30.5842765283062],[-82.5840051864195,30.5916365790876],[-82.6895297984728,30.5978892906418],[-82.877311,30.609016],[-83.131431,30.623575],[-83.1366188582036,30.6238859448931],[-83.3093471215958,30.6342387666716],[-83.3577163136281,30.6371378731342],[-83.499951,30.645663],[-83.6117040588264,30.6515600937086],[-83.743729,30.6585269137505],[-83.820973,30.662603],[-84.007454,30.6720699684692],[-84.0837530823,30.675943397968],[-84.124993,30.678037],[-84.2855145090395,30.684809171948],[-84.3807541835525,30.6888271970459],[-84.474519,30.692783],[-84.812997,30.70965],[-84.8634638443825,30.7114970146544],[-84.864693,30.711542],[-84.91815,30.772082],[-84.934283,30.834033],[-84.935698,30.878703],[-84.983757,30.936984],[-85.006062,30.977039],[-85.002499,31.000682],[-85.031285,31.000647],[-85.145959,31.000693],[-85.333319,30.999555],[-85.4882982889391,30.9979646232873],[-85.4980015850895,30.9978650493614],[-85.749715,30.995282],[-85.893632,30.993455],[-86.0350381049506,30.9937496073023],[-86.1327206705317,30.9939531204189],[-86.1872480489813,30.9940667234622],[-86.364974,30.994437],[-86.3886446620004,30.9945282152752],[-86.563494,30.995202],[-86.6882409642461,30.9962018900015],[-86.7856919760059,30.9969829935168],[-86.831979,30.997354],[-86.927851,30.997678],[-87.162644,30.999026],[-87.163645308459,30.999021835748],[-87.312206,30.998404],[-87.425791,30.998058],[-87.519533,30.997552],[-87.5988289462621,30.9974221769053],[-87.598937,30.997422],[-87.592064,30.95146]]]]}},{"type":"Feature","properties":{"name":"<at><openparen>Georgia<closeparen>","STATEFP":"13","STATENS":"01705317","GEOIDFQ":"0400000US13","GEOID":"13","STUSPS":"GA","NAME":"Georgia","LSAD":"00","ALAND":"149487720450","AWATER":"4417264043"},"geometry":{"type":"Polygon","coordinates":[[[-85.605165,34.984678],[-85.595165,34.924171],[-85.5828123337853,34.8604354744776],[-85.561424,34.750079],[-85.5344052578154,34.6237903384358],[-85.526894818161,34.5886856927335],[-85.5130442292733,34.5239464713237],[-85.502471,34.474526],[-85.4631408247758,34.2861909885055],[-85.429499,34.125095],[-85.4210731752288,34.0808126526072],[-85.398871,33.964128],[-85.3866705737728,33.9017014940033],[-85.360532,33.767957],[-85.3381162999059,33.6531143916014],[-85.314048,33.529805],[-85.3049438332249,33.4827563368455],[-85.2943468643453,33.4279931463646],[-85.2365953712528,33.1295440282507],[-85.232441,33.108075],[-85.1861174017892,32.8701382699716],[-85.1844,32.861317],[-85.160963,32.826672],[-85.1245332227506,32.7516296067514],[-85.11425,32.730447],[-85.088533,32.657958],[-85.0760723726048,32.6080674751571],[-85.069848,32.583146],[-85.0071,32.523868],[-85.0011308391237,32.5101547883978],[-84.9997867563101,32.5070669687837],[-84.971831,32.442843],[-84.9811502941337,32.3790400766818],[-84.983466,32.363186],[-85.008096,32.336677],[-84.955704,32.30591],[-84.891841,32.263398],[-84.9199421479259,32.2308482009333],[-84.930127,32.219051],[-84.997765,32.185445],[-85.058749,32.136018],[-85.047063,32.087389],[-85.0514111279128,32.062256083622],[-85.0635905429847,31.991857],[-85.067829,31.967358],[-85.114031,31.89336],[-85.141831,31.839261],[-85.1291593155832,31.7802782680766],[-85.1254405773425,31.7629687034183],[-85.11893,31.732664],[-85.12553,31.694965],[-85.058169,31.620227],[-85.05796,31.57084],[-85.041881,31.544684],[-85.0516814295062,31.5195403291417],[-85.071621,31.468384],[-85.066005,31.431363],[-85.092487,31.362881],[-85.087929,31.321648],[-85.0888299635305,31.3086477554966],[-85.089774,31.295026],[-85.108192,31.258591],[-85.107516,31.186451],[-85.035615,31.108192],[-85.0211075623628,31.0754638723064],[-85.011392,31.053546],[-85.002499,31.000682],[-85.006062,30.977039],[-84.983757,30.936984],[-84.935698,30.878703],[-84.934283,30.834033],[-84.91815,30.772082],[-84.864693,30.711542],[-84.8634638443825,30.7114970146544],[-84.812997,30.70965],[-84.474519,30.692783],[-84.3807541835525,30.6888271970459],[-84.2855145090395,30.684809171948],[-84.124993,30.678037],[-84.0837530823,30.675943397968],[-84.007454,30.6720699684692],[-83.820973,30.662603],[-83.743729,30.6585269137505],[-83.6117040588264,30.6515600937086],[-83.499951,30.645663],[-83.3577163136281,30.6371378731342],[-83.3093471215958,30.6342387666716],[-83.1366188582036,30.6238859448931],[-83.131431,30.623575],[-82.877311,30.609016],[-82.6895297984728,30.5978892906418],[-82.5840051864195,30.5916365790876],[-82.4597924354137,30.5842765283062],[-82.459581,30.584264],[-82.4189841121785,30.5809166697315],[-82.218607,30.564395],[-82.229427,30.520814],[-82.200965,30.474427],[-82.210318,30.424577],[-82.180043,30.36861],[-82.143306,30.363378],[-82.094709,30.360766],[-82.0509829816809,30.3683677759449],[-82.040766,30.370144],[-82.042011,30.403253],[-82.028232,30.447385],[-82.018381,30.531176],[-82.015728,30.601698],[-82.049529,30.655544],[-82.041834,30.692374],[-82.032667,30.750674],[-81.994992,30.786074],[-81.943187,30.827437],[-81.9059784394064,30.821407341502],[-81.902354,30.82082],[-81.868624,30.792756],[-81.808543,30.790016],[-81.763384,30.773821],[-81.732238,30.749635],[-81.668283,30.744644],[-81.633273,30.729603],[-81.56171,30.715597],[-81.528281,30.723359],[-81.507218,30.722936],[-81.444124,30.709714],[-81.460061,30.769912],[-81.44013,30.821369],[-81.405153,30.908203],[-81.408484,30.977718],[-81.4125180355795,30.9908345035084],[-81.420474,31.016703],[-81.401267,31.072781],[-81.402096,31.125383],[-81.368241,31.136534],[-81.304957,31.206173],[-81.282842,31.24433],[-81.2643779480884,31.2945990647455],[-81.260958,31.30391],[-81.279338,31.351127],[-81.258616,31.404425],[-81.213493,31.462818],[-81.177254,31.517074],[-81.1748326365906,31.5395964494948],[-81.173079,31.555908],[-81.133493,31.623348],[-81.139394,31.699917],[-81.1352985902005,31.7105645979661],[-81.130634,31.722692],[-81.077057,31.761256],[-81.036873,31.812721],[-81.000317,31.856744],[-80.941359,31.912984],[-80.911207,31.943769],[-80.848441,31.988279],[-80.84313,32.024226],[-80.885517,32.0346],[-80.943226,32.057824],[-81.006745,32.101152],[-81.038265,32.084469],[-81.113334,32.113205],[-81.119361,32.177142],[-81.1475951704554,32.2271694465971],[-81.153531,32.237687],[-81.128034,32.276297],[-81.133032,32.334794],[-81.1734737944861,32.3849027808867],[-81.194931,32.411489],[-81.194829,32.465086],[-81.274927,32.544158],[-81.2842383817656,32.547110946285],[-81.328753,32.561228],[-81.3869019026942,32.5989648538998],[-81.397106,32.605587],[-81.393818,32.653491],[-81.41267,32.739083],[-81.4131167951736,32.7442613279615],[-81.42062,32.831223],[-81.464069,32.897814],[-81.499566,32.943722],[-81.50203,33.015113],[-81.5439662243139,33.0443999541444],[-81.601655,33.084688],[-81.6159557107891,33.089338539364],[-81.658433,33.103152],[-81.755135,33.15155],[-81.7625059827958,33.1972658882973],[-81.763535,33.203648],[-81.846536,33.241746],[-81.8465005323579,33.2472520854299],[-81.846136,33.303843],[-81.932737,33.343541],[-81.920121,33.410753],[-81.926336,33.462937],[-81.990938,33.494235],[-82.016581923059,33.5290907977257],[-82.028238,33.544934],[-82.10624,33.595637],[-82.1146464844333,33.5979030721672],[-82.161908,33.610643],[-82.199747,33.657611],[-82.2159383647475,33.6877549753187],[-82.239098,33.730872],[-82.32448,33.820033],[-82.43115,33.867051],[-82.51295,33.936969],[-82.556835,33.945353],[-82.5629967985809,33.9565549105269],[-82.591855,34.009018],[-82.5950257926073,34.0135178092096],[-82.642797,34.081312],[-82.715373,34.148165],[-82.7359800166139,34.215462648637],[-82.744982,34.244861],[-82.7746287310121,34.2883668182547],[-82.780308,34.296701],[-82.82342,34.358872],[-82.841997,34.399766],[-82.873831,34.471508],[-82.925766,34.481802],[-82.9913881531823,34.4729806272358],[-82.99509,34.472483],[-83.048289,34.493254],[-83.0505729641024,34.4950536521691],[-83.096858,34.531524],[-83.1028738260357,34.5374309097654],[-83.154577,34.588198],[-83.221402,34.609947],[-83.27796,34.644853],[-83.33869,34.682002],[-83.3400391067846,34.6863277104121],[-83.3496085109133,34.7170105826273],[-83.353238,34.728648],[-83.320062,34.759616],[-83.323866,34.789712],[-83.284812,34.823043],[-83.252582,34.853483],[-83.201183,34.884653],[-83.140621,34.924915],[-83.124378,34.95524],[-83.108606,35.000659],[-83.322768,34.995874],[-83.4828732042907,34.9908739612868],[-83.5491807535047,34.988803195914],[-83.619985,34.986592],[-83.936427344252,34.9874843833797],[-83.936646,34.987485],[-84.0053367334383,34.9876495840123],[-84.1294469626359,34.9879469539553],[-84.321869,34.988408],[-84.509052,34.988033],[-84.621483,34.988329],[-84.727434,34.98802],[-84.7758376712973,34.9879372061493],[-84.8104774668864,34.9878779552292],[-84.861314,34.987791],[-84.9769738065923,34.9872198373549],[-84.9798540252315,34.9872056139756],[-85.045183,34.986883],[-85.2650550217158,34.9850776447417],[-85.277556,34.984975],[-85.3639190289311,34.9833765631405],[-85.384967,34.982987],[-85.4743388431343,34.9836733267911],[-85.605165,34.984678]]]}},{"type":"Feature","properties":{"name":"<at><openparen>Hawaii<closeparen>","STATEFP":"15","STATENS":"01779782","GEOIDFQ":"0400000US15","GEOID":"15","STUSPS":"HI","NAME":"Hawaii","LSAD":"00","ALAND":"16634436568","AWATER":"11777362694"},"geometry":{"type":"MultiPolygon","coordinates":[[[[-156.049651,19.780452],[-156.064364,19.730766],[-156.033326,19.66923],[-156.028982,19.650098],[-155.997728,19.642816],[-155.978206,19.608159],[-155.96935,19.555963],[-155.95149,19.486649],[-155.924732,19.45391],[-155.909087,19.415455],[-155.888701,19.348031],[-155.890842,19.298905],[-155.902565,19.258427],[-155.912069,19.179114],[-155.914216,19.099147],[-155.88155,19.036644],[-155.806109,19.013967],[-155.726043,18.969437],[-155.672005,18.917466],[-155.638054,18.941723],[-155.613966,18.970399],[-155.590697,19.007673],[-155.555326,19.069377],[-155.505281,19.137908],[-155.453516,19.151952],[-155.390701,19.201171],[-155.360631,19.20893],[-155.31337,19.250698],[-155.264619,19.274213],[-155.205892,19.260907],[-155.159635,19.268375],[-155.113272,19.290613],[-155.020537,19.331317],[-154.944185,19.381852],[-154.876618,19.433223],[-154.816009,19.500648],[-154.814417,19.53009],[-154.852618,19.549172],[-154.947106,19.604856],[-154.974342,19.633201],[-154.981102,19.690687],[-155.006423,19.739286],[-155.045382,19.739824],[-155.087118,19.728013],[-155.091216,19.776368],[-155.086341,19.855399],[-155.124618,19.897288],[-155.166625,19.93789],[-155.270316,20.014525],[-155.387578,20.067119],[-155.502561,20.114155],[-155.558933,20.13157],[-155.598033,20.124539],[-155.637459,20.153051],[-155.704331,20.191695],[-155.737004,20.222773],[-155.798884,20.254115],[-155.853293,20.271548],[-155.890663,20.25524],[-155.90278,20.177073],[-155.890646,20.123576],[-155.850385,20.062506],[-155.825473,20.025944],[-155.831948,19.982775],[-155.856588,19.968885],[-155.892533,19.932162],[-155.915662,19.887126],[-155.949251,19.857034],[-155.976651,19.85053],[-156.006267,19.81758],[-156.049651,19.780452]]],[[[-156.69989,20.920629],[-156.687804,20.89072],[-156.631794,20.82124],[-156.554617,20.786096],[-156.537752,20.778408],[-156.506026,20.799463],[-156.473562,20.790756],[-156.462242,20.753952],[-156.458438,20.736676],[-156.443673,20.656018],[-156.431872,20.598143],[-156.377633,20.578427],[-156.284391,20.596488],[-156.210258,20.628518],[-156.129898,20.627523],[-156.043786,20.664902],[-156.00187,20.698064],[-155.985413,20.744245],[-156.003532,20.795545],[-156.059788,20.81054],[-156.132669,20.861369],[-156.19471,20.891975],[-156.242555,20.937838],[-156.332817,20.94645],[-156.403304,20.915826],[-156.481055,20.898199],[-156.518707,20.954662],[-156.562773,21.016167],[-156.619581,21.027793],[-156.680905,20.980262],[-156.69989,20.920629]]],[[[-156.670469,20.559909],[-156.702265,20.532451],[-156.668809,20.504738],[-156.586238,20.511711],[-156.539643,20.527644],[-156.543034,20.580115],[-156.56714,20.604895],[-156.610734,20.59377],[-156.670469,20.559909]]],[[[-157.05913,20.913407],[-157.059663,20.884634],[-157.010911,20.854476],[-156.991834,20.826603],[-156.990678,20.775902],[-156.96789,20.73508],[-156.909081,20.739533],[-156.890295,20.744855],[-156.838321,20.764575],[-156.808469,20.820396],[-156.837047,20.863575],[-156.873125,20.894679],[-156.937529,20.925274],[-157.010001,20.929757],[-157.05913,20.913407]]],[[[-157.27722,21.158431],[-157.310748,21.101627],[-157.252534,21.08767],[-157.171606,21.090701],[-157.08066,21.101976],[-157.02617,21.089015],[-156.953872,21.066128],[-156.877137,21.0493],[-156.8022,21.067095],[-156.739342,21.111336],[-156.709106,21.158655],[-156.742231,21.176214],[-156.841592,21.167926],[-156.917859561199,21.1690213462811],[-156.921108,21.169068],[-156.962847,21.212131],[-156.984032,21.212198],[-157.014267869299,21.2006942662583],[-157.039987,21.190909],[-157.128207,21.201488],[-157.202125,21.219298],[-157.26069,21.225684],[-157.249695,21.184401],[-157.27722,21.158431]]],[[[-158.232192,21.583806],[-158.277679,21.578789],[-158.231171,21.523857],[-158.233,21.4876],[-158.182648,21.430073],[-158.1792,21.4043],[-158.1403,21.3738],[-158.129371,21.344818],[-158.1033,21.2979],[-158.0883,21.2988],[-158.086647020146,21.2990720421389],[-158.0245,21.3093],[-157.981525,21.315898],[-157.950736,21.312509],[-157.89,21.3065],[-157.851048,21.28453],[-157.8096,21.2577],[-157.779944,21.265252],[-157.7572,21.278],[-157.7001,21.264],[-157.673069,21.284196],[-157.655030363263,21.3093885180138],[-157.6518,21.3139],[-157.7106,21.3585],[-157.724324,21.403311],[-157.722506,21.459225],[-157.764572,21.461335],[-157.8139,21.4403],[-157.84549,21.466747],[-157.836945,21.529945],[-157.87735,21.575277],[-157.924591,21.651183],[-157.968628,21.712704],[-157.9923,21.708],[-158.050692,21.671215],[-158.079895,21.628101],[-158.12561,21.586739],[-158.232192,21.583806]]],[[[-159.783746,22.064897],[-159.786702,22.018801],[-159.754795,21.977772],[-159.707795,21.961229],[-159.649766,21.933848],[-159.603279,21.892248],[-159.574521,21.892806],[-159.526918,21.883886],[-159.444868,21.868627],[-159.385271,21.912439],[-159.33768,21.951173],[-159.332564,21.999352],[-159.334489,22.041698],[-159.31828,22.061417],[-159.293013,22.12296],[-159.312293,22.183082],[-159.361507,22.214092],[-159.402466,22.232603],[-159.431707,22.220015],[-159.487939,22.229512],[-159.510756,22.203548],[-159.543924,22.221695],[-159.581058,22.223488],[-159.61165,22.201388],[-159.705531,22.159321],[-159.730544,22.139953],[-159.745247,22.097508],[-159.783746,22.064897]]],[[[-160.24961,21.815145],[-160.230373,21.789675],[-160.205851,21.779518],[-160.189782,21.82245],[-160.174796,21.846923],[-160.156092,21.86793],[-160.124283,21.876789],[-160.079065,21.89608],[-160.085787,21.927295],[-160.070292,21.963951],[-160.051128,21.98106],[-160.058543,21.99638],[-160.072123,22.003334],[-160.112746,21.995245],[-160.122262,21.962881],[-160.13705,21.948632],[-160.193959,21.922386],[-160.228965,21.889117],[-160.24961,21.815145]]]]}},{"type":"Feature","properties":{"name":"<at><openparen>Idaho<closeparen>","STATEFP":"16","STATENS":"01779783","GEOIDFQ":"0400000US16","GEOID":"16","STUSPS":"ID","NAME":"Idaho","LSAD":"00","ALAND":"214050683201","AWATER":"2390817981"},"geometry":{"type":"Polygon","coordinates":[[[-117.243027,44.390974],[-117.216911,44.360163],[-117.192203,44.32863],[-117.211995506953,44.2964510959383],[-117.216974,44.288357],[-117.170342,44.25889],[-117.121037,44.277585],[-117.059352,44.237244],[-116.971958,44.235677],[-116.965498,44.194126],[-116.902752,44.179467],[-116.895931,44.154295],[-116.897854677115,44.1526663953914],[-116.977351,44.085364],[-116.937342,44.029376],[-116.959871,43.982925],[-116.976024,43.895548],[-116.98554503849,43.8811848528138],[-117.023577,43.823811],[-117.025663810446,43.680293635954],[-117.026889,43.596033],[-117.026652,43.025128],[-117.026253,42.807447],[-117.026551,42.378557],[-117.026197,41.99989],[-117.018203216741,41.9998398503691],[-116.625947,41.997379],[-116.332763,41.997283],[-115.870181,41.996766],[-115.625914,41.997415],[-115.313877,41.996103],[-115.038109752434,41.9986341156765],[-114.89921,41.999909],[-114.598267,41.994511],[-114.281855,41.994214],[-114.28179946722,41.9942138857579],[-114.041723,41.99372],[-113.817964,41.98858],[-113.496548,41.993305],[-113.249159,41.996203],[-113.000821,41.998223],[-113.000040139624,41.9982276125391],[-112.648019,42.000307],[-112.264936,42.000991],[-112.15917745151,41.9986819297378],[-112.109532,41.997598],[-112.10944305582,41.9975984294066],[-111.750778,41.99933],[-111.507813035176,41.9996856683522],[-111.507806195687,41.9996856783643],[-111.471381,41.999739],[-111.374129,42.000893],[-111.046689,42.001567],[-111.04708,42.34942],[-111.045530292713,42.5139128777751],[-111.043564,42.722624],[-111.043959,42.96445],[-111.044052705118,43.019407032899],[-111.044143,43.072364],[-111.044617,43.31572],[-111.04536056097,43.5010514511122],[-111.04611,43.687848],[-111.046515,43.908376],[-111.047219183002,43.9834312926077],[-111.048452,44.114831],[-111.049148,44.374925],[-111.048974,44.474072],[-111.122654,44.493659],[-111.143557,44.535732],[-111.201459,44.575696],[-111.224161,44.623402],[-111.26875,44.668279],[-111.323669,44.724474],[-111.377138236735,44.7511964139636],[-111.385005,44.755128],[-111.438793,44.720546],[-111.456947232494,44.6956407378395],[-111.468833,44.679335],[-111.519126,44.582916],[-111.562814,44.555209],[-111.617107034305,44.5571272484186],[-111.704218,44.560205],[-111.807914,44.511716],[-111.870504,44.564033],[-112.034133,44.537716],[-112.125101,44.528527],[-112.221698,44.543519],[-112.286187,44.568472],[-112.358917,44.528847],[-112.387389,44.448058],[-112.473207,44.480027],[-112.601863,44.491015],[-112.707815,44.503023],[-112.735084,44.499159],[-112.828191,44.442472],[-112.821896,44.407436],[-112.826826881265,44.4052024317675],[-112.881769,44.380315],[-112.951146,44.416699],[-113.006846,44.471715],[-113.006828,44.518439],[-113.061071,44.577329],[-113.049349,44.62938],[-113.101154,44.708578],[-113.131387,44.764738],[-113.247166,44.82295],[-113.301508,44.798985],[-113.377153,44.834858],[-113.422376,44.842595],[-113.474573,44.910846],[-113.448958,44.953544],[-113.437726,45.006967],[-113.45197,45.059247],[-113.510819,45.099902],[-113.57467,45.128411],[-113.650064,45.23471],[-113.735601,45.325265],[-113.73239,45.385058],[-113.763368,45.427732],[-113.759986,45.480735],[-113.802849,45.523159],[-113.806729,45.602146],[-113.861404,45.62366],[-113.898883,45.644167],[-113.94832148257,45.6825773584415],[-113.971565,45.700636],[-114.015633,45.696127],[-114.014973,45.654008],[-114.083149,45.603996],[-114.18647,45.545539],[-114.251836,45.537812],[-114.279217,45.480616],[-114.36852,45.492716],[-114.456764,45.543983],[-114.506341,45.559216],[-114.523773044931,45.5853265066066],[-114.538132,45.606834],[-114.53577,45.650613],[-114.499637,45.669035],[-114.504869,45.722176],[-114.562509,45.779927],[-114.517143,45.835993],[-114.422963,45.855381],[-114.388243,45.88234],[-114.413168,45.911479],[-114.402261,45.961489],[-114.441185,45.988453],[-114.480241,46.030325],[-114.460049,46.097104],[-114.5213,46.125287],[-114.514706,46.167726],[-114.445928,46.173933],[-114.449819,46.237119],[-114.441326,46.2738],[-114.431708,46.310744],[-114.422458,46.387097],[-114.384756,46.411784],[-114.403019,46.498675],[-114.351655,46.508119],[-114.331338,46.577781],[-114.320665,46.646963],[-114.335724935405,46.6552729673536],[-114.360709,46.669059],[-114.453239,46.649266],[-114.547321,46.644485],[-114.591116003227,46.6525504803548],[-114.621483,46.658143],[-114.626695,46.712889],[-114.676827162695,46.7318387398131],[-114.699008,46.740223],[-114.76718,46.738828],[-114.79004,46.778729],[-114.880588,46.811791],[-114.943281,46.867971],[-114.927432,46.914185],[-114.961422906068,46.9328938759708],[-115.031651,46.971548],[-115.071254,47.022083],[-115.120917,47.061237],[-115.189451,47.131032],[-115.255786,47.174725],[-115.29211,47.209861],[-115.326903,47.255912],[-115.371825,47.265213],[-115.470959,47.284873],[-115.531971,47.314121],[-115.578619,47.367007],[-115.71034,47.417784],[-115.69293,47.457237],[-115.634684,47.48176],[-115.717024,47.532693],[-115.721207,47.576323],[-115.694284,47.62346],[-115.73627,47.654762],[-115.72377,47.696671],[-115.835365,47.760957],[-115.845474,47.814967],[-115.900934,47.843064],[-115.959946,47.898142],[-116.030751,47.973349],[-116.038565829873,47.9846342564417],[-116.049153,47.999923],[-116.048911,48.12493],[-116.048929247776,48.2161279479271],[-116.048948,48.309847],[-116.049155,48.481247],[-116.049156520649,48.5020424817581],[-116.049193,49.000912],[-116.417503,49.000099],[-116.757234,48.999943],[-117.032351,48.999188],[-117.032939182117,48.8466679212015],[-117.033671,48.656902],[-117.035289,48.422732],[-117.041107,48.124904],[-117.041214453461,48.0454651038028],[-117.041306446459,47.9774559200268],[-117.041634,47.7353],[-117.040490375568,47.366028886698],[-117.040159751863,47.259272],[-117.039836,47.154734],[-117.039833386028,47.1272689922541],[-117.039777655562,46.5417089920381],[-117.039771,46.471779],[-117.036645748421,46.4261004826554],[-117.035545,46.410012],[-117.062748,46.353624],[-116.99726,46.303151],[-116.964379,46.253282],[-116.962966,46.19968],[-116.923958,46.17092],[-116.935473,46.142448],[-116.981962,46.084915],[-116.942656,46.061],[-116.915989,45.995413],[-116.886843,45.958617],[-116.859795,45.907264],[-116.799204532501,45.8510454354829],[-116.78752,45.840204],[-116.736268,45.826179],[-116.665344,45.781998],[-116.593004,45.778541],[-116.535698,45.734231],[-116.528272,45.681473],[-116.463504,45.615785],[-116.502756,45.566608],[-116.588195,45.44292],[-116.674648,45.314342],[-116.690916254858,45.2689841379699],[-116.696047,45.254679],[-116.754643,45.113972],[-116.783128263267,45.07771250501],[-116.78371,45.076972],[-116.841314,45.030907],[-116.858313,44.978761],[-116.833632,44.928976],[-116.865338,44.870599],[-116.889295186967,44.8405297781533],[-116.9318,44.787181],[-117.013802,44.756841],[-117.062273,44.727143],[-117.094968,44.652011],[-117.14293,44.557236],[-117.167187,44.523431],[-117.225932,44.479389],[-117.215072,44.427162],[-117.243027,44.390974]]]}},{"type":"Feature","properties":{"name":"<at><openparen>Illinois<closeparen>","STATEFP":"17","STATENS":"01779784","GEOIDFQ":"0400000US17","GEOID":"17","STUSPS":"IL","NAME":"Illinois","LSAD":"00","ALAND":"143779367883","AWATER":"6215353468"},"geometry":{"type":"Polygon","coordinates":[[[-91.5062615151283,40.2001550699717],[-91.511956,40.170441],[-91.497663,40.078257],[-91.484064,40.019332],[-91.43709,39.946417],[-91.4368432685991,39.9452434636785],[-91.428956,39.907729],[-91.436051,39.84551],[-91.397853,39.821122],[-91.361571,39.787548],[-91.3646166033233,39.7587182263223],[-91.367753,39.729029],[-91.3057603349652,39.6862154700779],[-91.27614,39.665759],[-91.1828755008197,39.5982331157954],[-91.174232,39.591975],[-91.148275,39.545798],[-91.100307,39.538695],[-91.064305,39.494643],[-91.03827,39.448436],[-90.937419,39.400803],[-90.9352871462396,39.3994805728603],[-90.840106,39.340438],[-90.72996,39.255894],[-90.7232836234127,39.2241029700576],[-90.707902,39.15086],[-90.681086,39.10059],[-90.713629,39.053977],[-90.676397,38.984096],[-90.6615829068768,38.9347033077532],[-90.657254,38.92027],[-90.595354,38.87505],[-90.555693,38.870785],[-90.500117,38.910408],[-90.467784,38.961809],[-90.4509699408919,38.9613950033245],[-90.395816,38.960037],[-90.298711,38.923395],[-90.2764739288339,38.9193183391288],[-90.230336,38.91086],[-90.1912067304162,38.8902755743579],[-90.113327,38.849306],[-90.117707,38.805748],[-90.166409,38.772649],[-90.1667566245041,38.7722766188072],[-90.20991,38.72605],[-90.19521,38.68755],[-90.1813411498458,38.6600090209705],[-90.18111,38.65955],[-90.18451,38.611551],[-90.248913,38.544752],[-90.2552985826054,38.5308696789927],[-90.2610973860555,38.518263021789],[-90.271314,38.496052],[-90.288815,38.438453],[-90.3410952558139,38.3862448217446],[-90.349743,38.377609],[-90.372519,38.323354],[-90.363926,38.236355],[-90.322353,38.181593],[-90.2527463239757,38.1277738262293],[-90.252484,38.127571],[-90.218708,38.094365],[-90.2038911808417,38.0873651230282],[-90.126006,38.05057],[-90.080959,38.015428],[-90.008353,37.970179],[-89.95491,37.966647],[-89.974221,37.919217],[-89.933095790915,37.8800990582524],[-89.923185,37.870672],[-89.851048,37.90398],[-89.782035,37.855092],[-89.696559,37.814337],[-89.6872324838884,37.7964280387079],[-89.667993,37.759484],[-89.591289,37.723599],[-89.521948,37.696475],[-89.506563,37.62505],[-89.494051,37.580116],[-89.4977459260392,37.5699859139282],[-89.5017910494998,37.5588957193232],[-89.5124,37.52981],[-89.471201,37.466473],[-89.42594,37.407471],[-89.428185,37.356158],[-89.4744347243599,37.334500215676],[-89.49516,37.324795],[-89.517032,37.28192],[-89.482889284644,37.2609507184141],[-89.470525,37.253357],[-89.456105,37.18812],[-89.384175,37.103267],[-89.359456,37.042606],[-89.3081469138122,37.0289484973829],[-89.257608,37.015496],[-89.195039,36.989768],[-89.132915,36.982057],[-89.128899,37.017908],[-89.1666202120197,37.0721103437999],[-89.168087,37.074218],[-89.099047,37.140967],[-89.058036,37.188767],[-89.000968,37.224401],[-88.9335100599741,37.2275116098343],[-88.931745,37.227593],[-88.9278935494308,37.226353966835],[-88.835051,37.196486],[-88.753068,37.154701],[-88.693983,37.141155],[-88.61144,37.112745],[-88.5610581316174,37.0840080816083],[-88.531576,37.067192],[-88.4904810043425,37.0679561064856],[-88.48380327698,37.0680802698954],[-88.476127,37.068223],[-88.444605,37.098601],[-88.424776,37.149901],[-88.471753,37.220155],[-88.514661,37.290948],[-88.486947,37.339596],[-88.465861,37.400547],[-88.418594,37.421987],[-88.4161335687515,37.4212865145119],[-88.358476490182,37.4048715275665],[-88.358436,37.40486],[-88.281667,37.452596],[-88.157061,37.466937],[-88.062294,37.487837],[-88.0662484288003,37.5041305345896],[-88.072242,37.528826],[-88.131622,37.572968],[-88.1324310565063,37.5752826298727],[-88.160062,37.654332],[-88.132341,37.697142],[-88.059588,37.742608],[-88.02803,37.799224],[-88.067364,37.856051],[-88.0594711307875,37.8666875964907],[-88.040861,37.891767],[-88.016311,37.961574],[-88.030884,38.030713],[-87.98877,38.055591],[-87.96221,38.100054],[-87.927468,38.151946],[-87.975819,38.197834],[-87.9702008408039,38.2302710583858],[-87.968968,38.237389],[-87.908542,38.268581],[-87.831972,38.307241],[-87.779996,38.370842],[-87.7511059451205,38.4188492084548],[-87.74104,38.435576],[-87.714047,38.47988],[-87.654166,38.511911],[-87.660732,38.541092],[-87.6483567630745,38.5666287160576],[-87.637752,38.588512],[-87.62012,38.639489],[-87.545538,38.677613],[-87.498948,38.757774],[-87.521681,38.826576],[-87.5352570508085,38.8524914649674],[-87.54737,38.875614],[-87.5287176636979,38.9059437862892],[-87.527645,38.907688],[-87.529496,38.971925],[-87.579117,39.001607],[-87.572588,39.057286],[-87.625379,39.101806],[-87.6383674685664,39.1578118692748],[-87.640435,39.166727],[-87.577029,39.211123],[-87.593486,39.247452],[-87.594745845406,39.259383616483],[-87.600397,39.312904],[-87.578331,39.340343],[-87.531646,39.347888],[-87.531624,39.469378],[-87.5316666819743,39.4771109927429],[-87.532385282791,39.6073049442215],[-87.532703,39.664868],[-87.5324544938843,39.8829991187823],[-87.532308,40.011587],[-87.5318629009431,40.0587990953503],[-87.531021612428,40.1480353967457],[-87.530054,40.250671],[-87.5270652633992,40.4768822924615],[-87.5268757732538,40.4912244096904],[-87.526292,40.535409],[-87.5261364904237,40.7368850814229],[-87.526014,40.895582],[-87.526463234368,41.0103365222041],[-87.52652,41.024837],[-87.5266481580824,41.1660899445116],[-87.5267678862275,41.2980516024792],[-87.526768,41.298177],[-87.5254093533475,41.4702806660617],[-87.52494,41.529735],[-87.524044,41.708335],[-87.524141,41.72399],[-87.5260563516369,41.7310217535488],[-87.530745,41.748235],[-87.560646,41.766034],[-87.5920173104579,41.8169432782755],[-87.60945,41.845233],[-87.6114664819065,41.8528050472118],[-87.616293,41.870929],[-87.613556,41.88448],[-87.612291,41.893335],[-87.6168374404579,41.897547444662],[-87.624052,41.904232],[-87.642232811764,41.9547765180824],[-87.668982,42.029142],[-87.682359,42.075729],[-87.6892756203283,42.0818519403908],[-87.690656561605,42.0830744191043],[-87.7413552334043,42.1279554347716],[-87.741662,42.128227],[-87.7592491186898,42.1522561642711],[-87.800066,42.208024],[-87.8006461090443,42.209586949469],[-87.833377771567,42.2977737051545],[-87.834769,42.301522],[-87.820858,42.361584],[-87.80337,42.420621],[-87.800477,42.49192],[-88.1993830245505,42.4957546124404],[-88.2169,42.495923],[-88.304692,42.4956081727515],[-88.4716234041103,42.4950095469695],[-88.506912,42.494883],[-88.70738,42.493587],[-88.7074208350474,42.4935873247155],[-88.7765924457953,42.4941373692957],[-88.940384860378,42.4954398274712],[-89.042898,42.496255],[-89.0674411431083,42.4965416249841],[-89.3657986076635,42.5000259669515],[-89.4014168110406,42.5004419310737],[-89.493216,42.501514],[-89.8375948863256,42.5049103527915],[-89.9264658538311,42.5057868210378],[-89.926484,42.505787],[-90.22319,42.507765],[-90.4263769607361,42.5071777352237],[-90.437011,42.507147],[-90.642843,42.508481],[-90.646727,42.471904],[-90.590416,42.447493],[-90.565248,42.438742],[-90.517516,42.403019],[-90.4843456727163,42.3815977781919],[-90.44632,42.357041],[-90.417125,42.319943],[-90.430884,42.27823],[-90.400653,42.239293],[-90.338169,42.203321],[-90.3151462239686,42.1937168744807],[-90.26908,42.1745],[-90.207421,42.149109],[-90.161159,42.106372],[-90.163446,42.040407],[-90.1596824511227,42.0330872575859],[-90.140613,41.995999],[-90.156902,41.938181],[-90.1581530337095,41.9298432273761],[-90.165065,41.883777],[-90.181401,41.844647],[-90.180643,41.811979],[-90.2423682473972,41.7827687259846],[-90.248631,41.779805],[-90.310708,41.742214],[-90.3118568504162,41.7285328921536],[-90.314687,41.69483],[-90.336729,41.664532],[-90.339528,41.598633],[-90.364128,41.579633],[-90.41583,41.562933],[-90.461432,41.523533],[-90.513134,41.519533],[-90.571136,41.516332],[-90.618537,41.485032],[-90.701159,41.454743],[-90.786282,41.452888],[-90.867282,41.448215],[-90.924343,41.42286],[-90.966662,41.430051],[-91.027787,41.423603],[-91.065058,41.369101],[-91.071552,41.339651],[-91.0740876236741,41.3343208019205],[-91.0744154980196,41.3336315690407],[-91.114186,41.250029],[-91.081445,41.214429],[-91.041536,41.166138],[-90.997906,41.162564],[-90.957246,41.111085],[-90.9522654164822,41.07273174967],[-90.9518941426813,41.0698727358664],[-90.945324,41.019279],[-90.952233,40.954047],[-90.985462,40.912141],[-91.044653,40.868356],[-91.092993,40.821079],[-91.091703,40.779708],[-91.115735,40.725168],[-91.1182229383975,40.6995346508191],[-91.12082,40.672777],[-91.1854606087043,40.6381118126235],[-91.18698,40.637297],[-91.247851,40.63839],[-91.339719,40.613488],[-91.374252,40.58259],[-91.394475,40.534543],[-91.367876,40.510479],[-91.379907,40.45211],[-91.372921,40.399108],[-91.419422,40.378264],[-91.469656,40.322409],[-91.492891,40.269923],[-91.4969574903395,40.2487038763728],[-91.5062615151283,40.2001550699717]]]}},{"type":"Feature","properties":{"name":"<at><openparen>Indiana<closeparen>","STATEFP":"18","STATENS":"00448508","GEOIDFQ":"0400000US18","GEOID":"18","STUSPS":"IN","NAME":"Indiana","LSAD":"00","ALAND":"92786782808","AWATER":"1543815569"},"geometry":{"type":"Polygon","coordinates":[[[-88.0594711307875,37.8666875964907],[-88.067364,37.856051],[-88.02803,37.799224],[-87.970262,37.781856],[-87.935861,37.789703],[-87.903804,37.817762],[-87.938128,37.870651],[-87.9253933817098,37.8995914771373],[-87.921744,37.907885],[-87.87254,37.920999],[-87.808013,37.875191],[-87.723635,37.892058],[-87.7131573360969,37.8830423995257],[-87.681633,37.855917],[-87.625851,37.851919],[-87.608479,37.898794],[-87.551277,37.925418],[-87.486347,37.920218],[-87.4487002885408,37.9338545298067],[-87.418585,37.944763],[-87.331765,37.908253],[-87.304057452442,37.8934325491223],[-87.270387407739,37.87542282659],[-87.25525,37.867326],[-87.180063,37.841375],[-87.137502,37.807264],[-87.105614,37.767631],[-87.057836,37.827457],[-87.043049,37.875049],[-87.010315,37.919668],[-86.9777414251102,37.9256992083727],[-86.927747,37.934956],[-86.875874,37.97077],[-86.8135795707459,37.9960671327985],[-86.810913,37.99715],[-86.779993,37.956522],[-86.722247,37.892648],[-86.658374,37.869376],[-86.6467093891411,37.8649113991803],[-86.615215,37.852857],[-86.599848,37.906754],[-86.509368,37.902887],[-86.525174,37.968228],[-86.521825,38.038327],[-86.4880524671283,38.0436653088997],[-86.471903,38.046218],[-86.434046,38.086763],[-86.4335700794087,38.0871478523782],[-86.387216,38.124632],[-86.321274,38.147418],[-86.278656,38.098509],[-86.206439,38.021876],[-86.095766,38.00893],[-86.033386,37.970382],[-85.9973516597543,37.9912256022991],[-85.976028,38.00356],[-85.9517264381006,38.0149416294697],[-85.922395,38.028679],[-85.905164,38.11107],[-85.8959128763279,38.1799188193363],[-85.894764,38.188469],[-85.839664,38.23977],[-85.816164,38.282969],[-85.794501505519,38.2779525587226],[-85.750962,38.26787],[-85.683561,38.295469],[-85.646201,38.342916],[-85.6344441449773,38.3783994475748],[-85.621625,38.417089],[-85.587758,38.450495],[-85.498866,38.468242],[-85.474354,38.504074],[-85.433136,38.523914],[-85.432981047742,38.5241121702949],[-85.4156,38.546341],[-85.4314160707522,38.5862856131089],[-85.43617,38.598292],[-85.438742,38.659319],[-85.448862,38.713368],[-85.400481,38.73598],[-85.340953,38.733893],[-85.3326407337514,38.7348167543477],[-85.275454,38.741172],[-85.238665,38.722494],[-85.2017606225486,38.6974407918463],[-85.187278,38.687609],[-85.146861,38.695427],[-85.071928,38.741567],[-85.0210522365665,38.7585272930799],[-84.962535,38.778035],[-84.856904,38.790224],[-84.812877,38.786087],[-84.803247,38.850723],[-84.7987011365099,38.8592249335163],[-84.786406,38.88222],[-84.830472,38.897256],[-84.8643271879881,38.9137941412077],[-84.877762,38.920357],[-84.832617,38.96146],[-84.849445,39.000923],[-84.8775702820623,39.0312628990423],[-84.897171,39.052407],[-84.860689,39.07814],[-84.820157,39.10548],[-84.820159,39.227225],[-84.8188774692751,39.3051435835594],[-84.8188770978104,39.3051661690523],[-84.817453,39.391753],[-84.8161601949108,39.5219681089929],[-84.8157059432555,39.5677216640274],[-84.814129,39.726556],[-84.8141281379328,39.7266165116193],[-84.8114171063805,39.9169136295798],[-84.8101612384745,40.0050675438482],[-84.808706,40.107216],[-84.8073435215596,40.1801749828539],[-84.8049173025784,40.3100959150341],[-84.8041205270149,40.3527622302971],[-84.804119,40.352844],[-84.802547,40.50181],[-84.8024138785794,40.5722128806467],[-84.8021190322638,40.7281459368726],[-84.802119,40.728163],[-84.8026702061534,40.922568713921],[-84.8028596219514,40.9893740520086],[-84.803234,41.121414],[-84.8036449822555,41.2525616835482],[-84.8037025496349,41.2709318889484],[-84.804133,41.408292],[-84.8042532576115,41.4260497115499],[-84.8049581562396,41.5301378133882],[-84.806082,41.696089],[-84.805883,41.760216],[-84.8251282838768,41.7601990063519],[-85.196774200302,41.759870841803],[-85.232835,41.759839],[-85.2921788113335,41.7597552747018],[-85.6597502379909,41.759236686047],[-85.7913349619628,41.7590510395575],[-85.791363,41.759051],[-86.0625630290106,41.759653033158],[-86.22607,41.760016],[-86.2260943449874,41.7600159591164],[-86.501773,41.759553],[-86.5242197424429,41.7595721559735],[-86.640044,41.759671],[-86.6996808040417,41.7598546378772],[-86.824828,41.76024],[-86.90913,41.726938],[-86.9328490284944,41.7164969379022],[-87.027888,41.674661],[-87.125835,41.650302],[-87.2227999491184,41.62888983896],[-87.261536,41.620336],[-87.365439,41.629536],[-87.415816,41.688183],[-87.470742,41.672835],[-87.524044,41.708335],[-87.52494,41.529735],[-87.5254093533475,41.4702806660617],[-87.526768,41.298177],[-87.5267678862275,41.2980516024792],[-87.5266481580824,41.1660899445116],[-87.52652,41.024837],[-87.526463234368,41.0103365222041],[-87.526014,40.895582],[-87.5261364904237,40.7368850814229],[-87.526292,40.535409],[-87.5268757732538,40.4912244096904],[-87.5270652633992,40.4768822924615],[-87.530054,40.250671],[-87.531021612428,40.1480353967457],[-87.5318629009431,40.0587990953503],[-87.532308,40.011587],[-87.5324544938843,39.8829991187823],[-87.532703,39.664868],[-87.532385282791,39.6073049442215],[-87.5316666819743,39.4771109927429],[-87.531624,39.469378],[-87.531646,39.347888],[-87.578331,39.340343],[-87.600397,39.312904],[-87.594745845406,39.259383616483],[-87.593486,39.247452],[-87.577029,39.211123],[-87.640435,39.166727],[-87.6383674685664,39.1578118692748],[-87.625379,39.101806],[-87.572588,39.057286],[-87.579117,39.001607],[-87.529496,38.971925],[-87.527645,38.907688],[-87.5287176636979,38.9059437862892],[-87.54737,38.875614],[-87.5352570508085,38.8524914649674],[-87.521681,38.826576],[-87.498948,38.757774],[-87.545538,38.677613],[-87.62012,38.639489],[-87.637752,38.588512],[-87.6483567630745,38.5666287160576],[-87.660732,38.541092],[-87.654166,38.511911],[-87.714047,38.47988],[-87.74104,38.435576],[-87.7511059451205,38.4188492084548],[-87.779996,38.370842],[-87.831972,38.307241],[-87.908542,38.268581],[-87.968968,38.237389],[-87.9702008408039,38.2302710583858],[-87.975819,38.197834],[-87.927468,38.151946],[-87.96221,38.100054],[-87.98877,38.055591],[-88.030884,38.030713],[-88.016311,37.961574],[-88.040861,37.891767],[-88.0594711307875,37.8666875964907]]]}},{"type":"Feature","properties":{"name":"<at><openparen>Iowa<closeparen>","STATEFP":"19","STATENS":"01779785","GEOIDFQ":"0400000US19","GEOID":"19","STUSPS":"IA","NAME":"Iowa","LSAD":"00","ALAND":"144660389024","AWATER":"1085298995"},"geometry":{"type":"Polygon","coordinates":[[[-96.621875,42.779255],[-96.624704,42.725497],[-96.591602,42.688081],[-96.526766,42.641184],[-96.48002247898,42.5613247765607],[-96.476952,42.556079],[-96.49297,42.517282],[-96.477454,42.509589],[-96.445508,42.49063],[-96.381307,42.461694],[-96.411808,42.410894],[-96.407998,42.337408],[-96.351957192496,42.2808947045433],[-96.336003,42.264806],[-96.336323,42.218922],[-96.3372160947059,42.2148495068956],[-96.347752,42.166806],[-96.2689,42.11359],[-96.272877,42.047238],[-96.223611,42.022652],[-96.132537,41.974625],[-96.159098,41.910057],[-96.1268212534654,41.8660952477016],[-96.107911,41.840339],[-96.064537,41.793002],[-96.0876,41.72218],[-96.1079378717465,41.6765089897621],[-96.111483,41.668548],[-96.118105,41.613495],[-96.09182,41.561086],[-96.080493,41.528199],[-96.005079,41.544004],[-95.9940203930119,41.5068906409415],[-95.982962,41.469778],[-95.922529,41.455766],[-95.9273362423201,41.3899879374596],[-95.92879,41.370096],[-95.92569,41.322197],[-95.890152,41.278308],[-95.911391,41.237998],[-95.9099128702696,41.1914208374192],[-95.90969,41.184398],[-95.856788,41.187098],[-95.8618980682094,41.1603023482127],[-95.868688,41.124698],[-95.863839,41.083507],[-95.8647847640853,41.0528455046135],[-95.865878,41.017403],[-95.828329,40.972378],[-95.837774,40.924712],[-95.8187272785699,40.8979480664065],[-95.810709,40.886681],[-95.841309,40.845604],[-95.8342438167144,40.7837843870431],[-95.834156,40.783016],[-95.888697,40.736292],[-95.846034,40.682605],[-95.781909,40.653272],[-95.748626,40.603355],[-95.765645,40.585208],[-95.533182,40.582249],[-95.3739250533987,40.5803323779415],[-95.335588,40.579871],[-95.2022660008303,40.578375628996],[-95.068921,40.57688],[-94.9148978673616,40.5749211691113],[-94.819978,40.573714],[-94.6320259176948,40.5717595874],[-94.533878,40.570739],[-94.4712077271232,40.570959458357],[-94.310724,40.571524],[-94.2322407102083,40.5720146121266],[-94.091085,40.572897],[-94.015492,40.5740737070096],[-93.84093,40.576791],[-93.7743442040303,40.5775304533911],[-93.597352,40.579496],[-93.5568966742717,40.5796594850605],[-93.3743862587638,40.5803970326092],[-93.345442,40.580514],[-93.135802,40.582854],[-93.0972912037498,40.5838234773251],[-92.941595,40.587743],[-92.714597263045,40.5895828338363],[-92.686693,40.589809],[-92.6379032935995,40.5909565470979],[-92.453745,40.595288],[-92.3508041867264,40.5972572763761],[-92.17978,40.600529],[-91.9431174596857,40.606060586354],[-91.939292,40.60615],[-91.729115,40.61364],[-91.7166549876819,40.603740139296],[-91.685381,40.578892],[-91.670993,40.550937],[-91.618999,40.539084],[-91.608347,40.50004],[-91.563844,40.460988],[-91.519134,40.432822],[-91.498093,40.401926],[-91.419422,40.378264],[-91.372921,40.399108],[-91.379907,40.45211],[-91.367876,40.510479],[-91.394475,40.534543],[-91.374252,40.58259],[-91.339719,40.613488],[-91.247851,40.63839],[-91.18698,40.637297],[-91.1854606087043,40.6381118126235],[-91.12082,40.672777],[-91.1182229383975,40.6995346508191],[-91.115735,40.725168],[-91.091703,40.779708],[-91.092993,40.821079],[-91.044653,40.868356],[-90.985462,40.912141],[-90.952233,40.954047],[-90.945324,41.019279],[-90.9518941426813,41.0698727358664],[-90.9522654164822,41.07273174967],[-90.957246,41.111085],[-90.997906,41.162564],[-91.041536,41.166138],[-91.081445,41.214429],[-91.114186,41.250029],[-91.0744154980196,41.3336315690407],[-91.0740876236741,41.3343208019205],[-91.071552,41.339651],[-91.065058,41.369101],[-91.027787,41.423603],[-90.966662,41.430051],[-90.924343,41.42286],[-90.867282,41.448215],[-90.786282,41.452888],[-90.701159,41.454743],[-90.618537,41.485032],[-90.571136,41.516332],[-90.513134,41.519533],[-90.461432,41.523533],[-90.41583,41.562933],[-90.364128,41.579633],[-90.339528,41.598633],[-90.336729,41.664532],[-90.314687,41.69483],[-90.3118568504162,41.7285328921536],[-90.310708,41.742214],[-90.248631,41.779805],[-90.2423682473972,41.7827687259846],[-90.180643,41.811979],[-90.181401,41.844647],[-90.165065,41.883777],[-90.1581530337095,41.9298432273761],[-90.156902,41.938181],[-90.140613,41.995999],[-90.1596824511227,42.0330872575859],[-90.163446,42.040407],[-90.161159,42.106372],[-90.207421,42.149109],[-90.26908,42.1745],[-90.3151462239686,42.1937168744807],[-90.338169,42.203321],[-90.400653,42.239293],[-90.430884,42.27823],[-90.417125,42.319943],[-90.44632,42.357041],[-90.4843456727163,42.3815977781919],[-90.517516,42.403019],[-90.565248,42.438742],[-90.590416,42.447493],[-90.646727,42.471904],[-90.642843,42.508481],[-90.672727,42.576599],[-90.700856,42.626445],[-90.743677,42.64556],[-90.852497,42.664822],[-90.8969620271584,42.6743180564343],[-90.941567,42.683844],[-91.017239,42.719566],[-91.070716,42.775502],[-91.09882,42.864421],[-91.138,42.903772],[-91.155519,42.975774],[-91.1590843059475,42.9874777913228],[-91.174692,43.038713],[-91.1749349139112,43.0802603718452],[-91.175253,43.134665],[-91.134173,43.174405],[-91.087456,43.221891],[-91.05791,43.253968],[-91.107237,43.313645],[-91.154806,43.334826],[-91.207367,43.373659],[-91.199408,43.403032],[-91.2106633577727,43.4194417829033],[-91.232276,43.450952],[-91.217706,43.50055],[-91.491042,43.50069],[-91.6108350005544,43.5006878467793],[-91.7302169978377,43.5006857009461],[-91.824848,43.500684],[-92.0798019931283,43.5007048851766],[-92.178863,43.500713],[-92.4489479514378,43.5004149885627],[-92.5531280905188,43.5003000363123],[-92.553161,43.5003],[-92.870277,43.499548],[-93.0243479005419,43.49955616363],[-93.0491920078165,43.4995574800246],[-93.228861,43.499567],[-93.4973513252204,43.4995307245117],[-93.576728,43.49952],[-93.6485330311736,43.4995354896751],[-93.97076,43.499605],[-94.2479674415552,43.5001754767076],[-94.390597,43.500469],[-94.4428499897182,43.5004785076547],[-94.8545550676107,43.5005534191522],[-94.874235,43.500557],[-94.9146134847136,43.5005958729861],[-95.214938,43.500885],[-95.3877875940219,43.5004787289074],[-95.4544322386606,43.50032208525],[-95.486803,43.500246],[-95.834421,43.499966],[-95.8609462015723,43.4999928849056],[-96.05316283451,43.5001877081575],[-96.198484,43.500335],[-96.45326,43.50039],[-96.598928,43.500457],[-96.584603,43.46961],[-96.594254,43.434153],[-96.521572,43.38564],[-96.524289,43.347214],[-96.530392,43.300034],[-96.578823,43.291095],[-96.5590273427097,43.257555675618],[-96.552963,43.247281],[-96.522084,43.22096],[-96.475571,43.221054],[-96.458854,43.143356],[-96.439335,43.113916],[-96.4520975160537,43.0825529251945],[-96.458201,43.067554],[-96.511605,43.039927],[-96.492693,43.005089],[-96.520246,42.977643],[-96.500308,42.959391],[-96.541689,42.922576],[-96.5404723291933,42.908595697956],[-96.537851,42.878475],[-96.577937,42.827645],[-96.621875,42.779255]]]}},{"type":"Feature","properties":{"name":"<at><openparen>Kansas<closeparen>","STATEFP":"20","STATENS":"00481813","GEOIDFQ":"0400000US20","GEOID":"20","STUSPS":"KS","NAME":"Kansas","LSAD":"00","ALAND":"211754288230","AWATER":"1345197050"},"geometry":{"type":"Polygon","coordinates":[[[-102.051744,40.003078],[-102.051254,39.818992],[-102.049992135644,39.574056097421],[-102.049961857828,39.5681789806731],[-102.04896,39.373712],[-102.047200721701,39.1331467095112],[-102.046571,39.047038],[-102.045712903087,38.6975657700785],[-102.04551057457,38.6151645901775],[-102.044944,38.384419],[-102.044650359147,38.2687492225031],[-102.044634270291,38.2624115677495],[-102.044255,38.113011],[-102.041965658628,37.7385405736382],[-102.041876,37.723875],[-102.041890869665,37.6442776852918],[-102.041938522874,37.3891900553938],[-102.041963,37.258164],[-102.041983,37.106551],[-102.04192,37.035083],[-102.04224,36.993083],[-102.028204191045,36.9931451471083],[-101.90244,36.993702],[-101.555258848691,36.9952909392776],[-101.485326,36.995611],[-101.211486,36.997124],[-101.06645021566,36.9977361751404],[-100.945466793078,36.9982468287288],[-100.855634,36.998626],[-100.633324986158,37.0001736090529],[-100.552683,37.000735],[-100.089481743903,37.0014794694635],[-100.002571514322,37.001619153912],[-99.995201,37.001631],[-99.657658,37.000197],[-99.5411149123609,36.9999096445655],[-99.4562024346753,36.9997002794079],[-99.407015,36.999579],[-99.129449,36.999422],[-99.0003010538842,36.9993580981444],[-98.791936,36.999255],[-98.5446619733489,36.9985242404006],[-98.354073,36.997961],[-98.3471487797447,36.9979692086496],[-98.1119851837458,36.9982479946353],[-98.045342,36.998327],[-97.8023129703503,36.998698609394],[-97.768704,36.99875],[-97.4623460298641,36.9988242387969],[-97.384925,36.998843],[-97.1477209669227,36.9989723356215],[-97.100652,36.998998],[-96.749838,36.998988],[-96.5255820442829,36.9986779687248],[-96.500288,36.998643],[-96.217571,36.99907],[-96.0008102061996,36.9992010529279],[-95.9642712321022,36.9992231442824],[-95.928122,36.999245],[-95.7867618707782,36.999270917592],[-95.573598,36.99931],[-95.5224145523987,36.9993197867829],[-95.407733005873,36.9993417150323],[-95.322565,36.999358],[-95.0735039666303,36.9994881346791],[-95.0076200044721,36.9995225591258],[-94.995293,36.999529],[-94.71277,36.998794],[-94.617964,36.998905],[-94.618102891103,37.0567963908729],[-94.618351,37.160211],[-94.6177538916066,37.338418],[-94.6176676047008,37.3641703270387],[-94.617511,37.410909],[-94.6178455243542,37.6535777966344],[-94.6178724508981,37.6731107003321],[-94.617885,37.682214],[-94.614465,37.987799],[-94.6141002487054,38.0370565833813],[-94.6139299610557,38.0600529598965],[-94.612614,38.237766],[-94.6127726289929,38.3887184827318],[-94.612866,38.477571],[-94.6128655959221,38.4776021802351],[-94.6094896723458,38.7381017094732],[-94.609456,38.7407],[-94.6089603437495,38.847211315445],[-94.608334,38.981806],[-94.607870353374,39.0440850964785],[-94.6075301405959,39.0897840043202],[-94.607354,39.113444],[-94.591933,39.155003],[-94.6019379819211,39.1555032334638],[-94.623934,39.156603],[-94.680336,39.184303],[-94.741938,39.170203],[-94.7919946737433,39.2012602502402],[-94.799663,39.206018],[-94.825663,39.241729],[-94.857072,39.273825],[-94.908065,39.323663],[-94.888972,39.392432],[-94.946662,39.399717],[-94.9657474186335,39.4216817446564],[-94.982144,39.440552],[-95.049845,39.494415],[-95.091419402824,39.53325788521],[-95.113557,39.553941],[-95.076688,39.576764],[-95.047165,39.595117],[-95.0440507525704,39.6136682968209],[-95.037464,39.652905],[-94.971317,39.68641],[-94.971078,39.723146],[-94.899316,39.724042],[-94.860371,39.74953],[-94.871144,39.772994],[-94.8778576828861,39.8207000955167],[-94.878677,39.826522],[-94.928466,39.876344],[-94.95154,39.900533],[-94.9933742397144,39.8985652599923],[-95.018743,39.897372],[-95.081534,39.861718],[-95.142445,39.89542],[-95.231114,39.943784],[-95.30829,39.999998],[-95.3398959708503,40.0000288571054],[-95.784575,40.000463],[-95.7881109948917,40.0004667793653],[-96.0106788179345,40.000704665772],[-96.02409,40.000719],[-96.154365,40.000495],[-96.239172,40.000691],[-96.2392078784111,40.0006910427544],[-96.4637120767748,40.0009585725545],[-96.469945,40.000966],[-96.805768,40.0013684550954],[-96.873812,40.00145],[-96.9164070054658,40.0014540910439],[-97.009165,40.001463],[-97.369199035315,40.0019393057605],[-97.415833,40.002001],[-97.777155,40.002167],[-97.8215008122752,40.0021868820889],[-97.9318249263172,40.0022363450196],[-98.076034,40.002301],[-98.2740170597529,40.0023374507299],[-98.5044549836368,40.002379876736],[-98.613755,40.0024],[-98.726372963939,40.0023362731669],[-99.0670183498981,40.0021435130522],[-99.085597,40.002133],[-99.1791331508611,40.0021089526949],[-99.501792,40.002026],[-99.6253267263996,40.001777827647],[-99.6282538492245,40.0017719472684],[-99.813401,40.0014],[-100.177797545879,40.0015658138516],[-100.19359,40.001573],[-100.477018,40.001752],[-100.738824713191,40.0022629565677],[-100.75883,40.002302],[-101.060317,40.002307],[-101.293991,40.002559],[-101.324036026572,40.0025650505849],[-101.411028987802,40.0025825695676],[-101.542273,40.002609],[-101.832161,40.002933],[-102.051744,40.003078]]]}},{"type":"Feature","properties":{"name":"<at><openparen>Kentucky<closeparen>","STATEFP":"21","STATENS":"01779786","GEOIDFQ":"0400000US21","GEOID":"21","STUSPS":"KY","NAME":"Kentucky","LSAD":"00","ALAND":"102267794436","AWATER":"2383097595"},"geometry":{"type":"Polygon","coordinates":[[[-89.544434,36.57451],[-89.571481,36.538087],[-89.539232,36.497934],[-89.417293,36.499033],[-89.3451943195388,36.5013432086369],[-89.211409,36.50563],[-88.964471,36.502191],[-88.8345890228743,36.5019803422593],[-88.8271780363405,36.5019683222569],[-88.8167641573481,36.5019514318132],[-88.5163580599794,36.5014641981633],[-88.51192,36.501457],[-88.4890767387132,36.5012837190757],[-88.127378,36.49854],[-88.0533508007759,36.4999962506816],[-88.050466,36.500053],[-88.033802,36.551733],[-88.055738,36.630475],[-88.070532,36.678118],[-88.011792,36.677025],[-87.849567,36.663701],[-87.853204,36.633247],[-87.6941859078643,36.6368382439437],[-87.64115,36.638036],[-87.347796,36.64144],[-87.3359790500808,36.6415771604931],[-87.1150035566884,36.6441420446512],[-87.0608263443929,36.6447708848516],[-86.813037,36.647647],[-86.7632909641085,36.6487206745018],[-86.606394,36.652107],[-86.5620676518653,36.6407466739073],[-86.551292,36.637985],[-86.507771,36.652445],[-86.4114961989664,36.6482404228482],[-86.205565269856,36.6392468703288],[-86.081944,36.633848],[-85.975713174144,36.6286377186817],[-85.873857,36.623642],[-85.7885565436139,36.6217118590347],[-85.731862,36.620429],[-85.488353,36.614994],[-85.4364042728859,36.618003845027],[-85.2958124857275,36.6261495593675],[-85.290627,36.62645],[-85.2762879474994,36.6261575408034],[-85.096128,36.622483],[-84.9748684358374,36.6145833593172],[-84.943948,36.612569],[-84.7853999785503,36.6033754199356],[-84.785341,36.603372],[-84.7784558643505,36.6032105122159],[-84.499938,36.596678],[-84.2613212015047,36.592741697267],[-84.227332,36.592181],[-84.2271939619983,36.5921795123551],[-83.987842,36.5896],[-83.9876109506828,36.5895922860725],[-83.9307607839439,36.5876942581124],[-83.894421,36.586481],[-83.690714,36.582581],[-83.675413,36.600814],[-83.614513,36.633983],[-83.527112,36.665985],[-83.4609546474638,36.6661310362733],[-83.436508,36.666185],[-83.386099,36.686589],[-83.236399,36.726887],[-83.136395,36.743088],[-83.114693,36.796088],[-83.07559,36.850589],[-83.012587,36.847289],[-82.895445,36.882145],[-82.8837542129764,36.8971301366542],[-82.865192,36.920923],[-82.869183,36.974182],[-82.815748,37.007196],[-82.750715,37.024107],[-82.722254,37.057948],[-82.726294,37.111852],[-82.565275702797,37.1959011068831],[-82.558178,37.199606],[-82.5536395449037,37.2014503744627],[-82.449164,37.243908],[-82.355343,37.26522],[-82.3143704529296,37.2963062518554],[-82.309415,37.300066],[-82.201745,37.375108],[-81.968297,37.537798],[-82.064418,37.544516],[-82.141555,37.595166],[-82.226111,37.653092],[-82.296118,37.686174],[-82.3206749571778,37.7459658434594],[-82.327356,37.762233],[-82.369973,37.801749],[-82.3984648162589,37.8430541504629],[-82.41869,37.872375],[-82.487556,37.916975],[-82.479420123223,37.9385625246981],[-82.464987,37.976859],[-82.549407,38.063063],[-82.626182,38.134835],[-82.598864,38.201007],[-82.5846938141256,38.2405129933697],[-82.581796,38.248592],[-82.571877,38.315781],[-82.597979,38.344909],[-82.593673,38.421809],[-82.618474,38.477089],[-82.6641207909684,38.5077181960708],[-82.675724,38.515504],[-82.724846,38.5576],[-82.800112,38.563183],[-82.8115423846504,38.5723695895619],[-82.851314,38.604334],[-82.869592,38.678177],[-82.871192,38.718377],[-82.889193,38.756076],[-82.943147,38.74328],[-83.011816,38.730057],[-83.0303349312311,38.7168676766561],[-83.042338,38.708319],[-83.112372,38.671685],[-83.128973,38.640231],[-83.172647,38.620252],[-83.239515,38.628588],[-83.2642676908446,38.6131319856547],[-83.286514,38.599241],[-83.320531,38.622713],[-83.376302,38.661473],[-83.440404,38.669361],[-83.533339,38.702105],[-83.626922,38.679387],[-83.642994,38.643273],[-83.6469615501443,38.6418337437309],[-83.679484,38.630036],[-83.7058575510284,38.6380366259831],[-83.77216,38.65815],[-83.78362,38.695641],[-83.834015,38.716008],[-83.852085,38.751433],[-83.9043750861048,38.7672838752678],[-83.928454,38.774583],[-83.978814,38.787104],[-84.051642,38.771397],[-84.0526095475065,38.7716067284387],[-84.135088,38.789485],[-84.212904,38.805707],[-84.226155212983,38.8297636689604],[-84.233265,38.842671],[-84.2323050454035,38.8747078960317],[-84.232132,38.880483],[-84.288164,38.955789],[-84.297255,38.989694],[-84.3212072268568,39.0205863526894],[-84.326539,39.027463],[-84.40094,39.046362],[-84.432941,39.083961],[-84.445242,39.114461],[-84.462042,39.12176],[-84.480943,39.11676],[-84.493743,39.10246],[-84.5065187374369,39.101766408188],[-84.550844,39.09936],[-84.607928,39.073238],[-84.6220474364107,39.0783346767822],[-84.677247,39.09826],[-84.7119293134928,39.130678600088],[-84.714048,39.132659],[-84.750749,39.147358],[-84.820157,39.10548],[-84.860689,39.07814],[-84.897171,39.052407],[-84.8775702820623,39.0312628990423],[-84.849445,39.000923],[-84.832617,38.96146],[-84.877762,38.920357],[-84.8643271879881,38.9137941412077],[-84.830472,38.897256],[-84.786406,38.88222],[-84.7987011365099,38.8592249335163],[-84.803247,38.850723],[-84.812877,38.786087],[-84.856904,38.790224],[-84.962535,38.778035],[-85.0210522365665,38.7585272930799],[-85.071928,38.741567],[-85.146861,38.695427],[-85.187278,38.687609],[-85.2017606225486,38.6974407918463],[-85.238665,38.722494],[-85.275454,38.741172],[-85.3326407337514,38.7348167543477],[-85.340953,38.733893],[-85.400481,38.73598],[-85.448862,38.713368],[-85.438742,38.659319],[-85.43617,38.598292],[-85.4314160707522,38.5862856131089],[-85.4156,38.546341],[-85.432981047742,38.5241121702949],[-85.433136,38.523914],[-85.474354,38.504074],[-85.498866,38.468242],[-85.587758,38.450495],[-85.621625,38.417089],[-85.6344441449773,38.3783994475748],[-85.646201,38.342916],[-85.683561,38.295469],[-85.750962,38.26787],[-85.794501505519,38.2779525587226],[-85.816164,38.282969],[-85.839664,38.23977],[-85.894764,38.188469],[-85.8959128763279,38.1799188193363],[-85.905164,38.11107],[-85.922395,38.028679],[-85.9517264381006,38.0149416294697],[-85.976028,38.00356],[-85.9973516597543,37.9912256022991],[-86.033386,37.970382],[-86.095766,38.00893],[-86.206439,38.021876],[-86.278656,38.098509],[-86.321274,38.147418],[-86.387216,38.124632],[-86.4335700794087,38.0871478523782],[-86.434046,38.086763],[-86.471903,38.046218],[-86.4880524671283,38.0436653088997],[-86.521825,38.038327],[-86.525174,37.968228],[-86.509368,37.902887],[-86.599848,37.906754],[-86.615215,37.852857],[-86.6467093891411,37.8649113991803],[-86.658374,37.869376],[-86.722247,37.892648],[-86.779993,37.956522],[-86.810913,37.99715],[-86.8135795707459,37.9960671327985],[-86.875874,37.97077],[-86.927747,37.934956],[-86.9777414251102,37.9256992083727],[-87.010315,37.919668],[-87.043049,37.875049],[-87.057836,37.827457],[-87.105614,37.767631],[-87.137502,37.807264],[-87.180063,37.841375],[-87.25525,37.867326],[-87.270387407739,37.87542282659],[-87.304057452442,37.8934325491223],[-87.331765,37.908253],[-87.418585,37.944763],[-87.4487002885408,37.9338545298067],[-87.486347,37.920218],[-87.551277,37.925418],[-87.608479,37.898794],[-87.625851,37.851919],[-87.681633,37.855917],[-87.7131573360969,37.8830423995257],[-87.723635,37.892058],[-87.808013,37.875191],[-87.87254,37.920999],[-87.921744,37.907885],[-87.9253933817098,37.8995914771373],[-87.938128,37.870651],[-87.903804,37.817762],[-87.935861,37.789703],[-87.970262,37.781856],[-88.02803,37.799224],[-88.059588,37.742608],[-88.132341,37.697142],[-88.160062,37.654332],[-88.1324310565063,37.5752826298727],[-88.131622,37.572968],[-88.072242,37.528826],[-88.0662484288003,37.5041305345896],[-88.062294,37.487837],[-88.157061,37.466937],[-88.281667,37.452596],[-88.358436,37.40486],[-88.358476490182,37.4048715275665],[-88.4161335687515,37.4212865145119],[-88.418594,37.421987],[-88.465861,37.400547],[-88.486947,37.339596],[-88.514661,37.290948],[-88.471753,37.220155],[-88.424776,37.149901],[-88.444605,37.098601],[-88.476127,37.068223],[-88.48380327698,37.0680802698954],[-88.4904810043425,37.0679561064856],[-88.531576,37.067192],[-88.5610581316174,37.0840080816083],[-88.61144,37.112745],[-88.693983,37.141155],[-88.753068,37.154701],[-88.835051,37.196486],[-88.9278935494308,37.226353966835],[-88.931745,37.227593],[-88.9335100599741,37.2275116098343],[-89.000968,37.224401],[-89.058036,37.188767],[-89.099047,37.140967],[-89.168087,37.074218],[-89.1666202120197,37.0721103437999],[-89.128899,37.017908],[-89.132915,36.982057],[-89.098843,36.95785],[-89.1031354483266,36.9447609003223],[-89.120472,36.891896],[-89.147674,36.847148],[-89.155891,36.789126],[-89.1559849090704,36.7862926633714],[-89.15699,36.755968],[-89.202511,36.716618],[-89.165488,36.662426],[-89.1756497723469,36.6513192625535],[-89.199136,36.625649],[-89.227319,36.569375],[-89.278935,36.577699],[-89.324658,36.624032],[-89.327319777009,36.6239462887705],[-89.378694,36.622292],[-89.407906,36.562345],[-89.479346,36.566253],[-89.544434,36.57451]]]}},{"type":"Feature","properties":{"name":"<at><openparen>Louisiana<closeparen>","STATEFP":"22","STATENS":"01629543","GEOIDFQ":"0400000US22","GEOID":"22","STUSPS":"LA","NAME":"Louisiana","LSAD":"00","ALAND":"111927154861","AWATER":"23724485446"},"geometry":{"type":"Polygon","coordinates":[[[-94.0430515276176,32.6930299766656],[-94.043083,32.564261],[-94.0427882328053,32.3922831932812],[-94.042739,32.363559],[-94.0426959391654,32.1960649748209],[-94.042681,32.137956],[-94.041833,31.992402],[-94.029428406596,31.979686964168],[-93.977461,31.926419],[-93.909557,31.893144],[-93.8782518953866,31.8442765572456],[-93.85339,31.805467],[-93.803419,31.700686],[-93.816838,31.622509],[-93.834924,31.586211],[-93.787687,31.527344],[-93.725925,31.504092],[-93.749476,31.46869],[-93.697603,31.428409],[-93.668146,31.375103],[-93.67544,31.30104],[-93.613942,31.259375],[-93.602443,31.182541],[-93.6006030873629,31.1826249552688],[-93.5524973075023,31.1848200234468],[-93.535097,31.185614],[-93.540278,31.128868],[-93.531219,31.051678],[-93.539526,31.008498],[-93.549841,30.967118],[-93.530936,30.924534],[-93.5545758543455,30.8774695018611],[-93.558617,30.869424],[-93.569303,30.802969],[-93.617688,30.738479],[-93.629904,30.67994],[-93.685121,30.625201],[-93.684329,30.592586],[-93.729195,30.544842],[-93.710117,30.5064],[-93.702665,30.429947],[-93.7381729998702,30.4025470540047],[-93.745333,30.397022],[-93.760328,30.329924],[-93.70719,30.275513],[-93.7110621713009,30.2439707156403],[-93.713359,30.225261],[-93.703764,30.173936],[-93.702436,30.112721],[-93.70394,30.054291],[-93.7061835663174,30.0523143321691],[-93.741078,30.021571],[-93.807815,29.954549],[-93.830374,29.894359],[-93.8523098709223,29.8720910043919],[-93.872446,29.85165],[-93.929208,29.802952],[-93.890821,29.761673],[-93.863204,29.724059],[-93.837971,29.690619],[-93.79925,29.71526],[-93.741948,29.736343],[-93.538462,29.763299],[-93.411087,29.767357],[-93.295573,29.775071],[-93.17693,29.770487],[-93.088182,29.749125],[-92.993128,29.723846],[-92.879992,29.680285],[-92.684486,29.605001],[-92.6160814772774,29.5887857069487],[-92.568038,29.577397],[-92.473585,29.561081],[-92.40986,29.547477],[-92.323465,29.531497],[-92.25186,29.539354],[-92.158624,29.581616],[-92.064513,29.585665],[-92.0428943038274,29.577480288972],[-92.030186,29.572669],[-91.915321,29.518513],[-91.821579,29.473925],[-91.768263,29.490362],[-91.711081,29.569328],[-91.80373,29.595952],[-91.873266,29.627277],[-91.8625569965226,29.6673954637599],[-91.85307,29.702936],[-91.808142,29.725097],[-91.737253,29.74937],[-91.667128,29.745822],[-91.623829,29.69924],[-91.643832,29.630625],[-91.600179,29.631156],[-91.541974,29.594353],[-91.537445,29.565888],[-91.531021,29.531543],[-91.48559,29.499116],[-91.460963,29.469961],[-91.394307,29.497115],[-91.347514,29.444438],[-91.363967,29.420664],[-91.334051,29.391525],[-91.2663226707192,29.361363733346],[-91.265452,29.360976],[-91.276647,29.329825],[-91.334885,29.298775],[-91.278792,29.247776],[-91.158148,29.2181],[-91.094015,29.187711],[-91.000096,29.169481],[-90.941877,29.162373],[-90.877583,29.104891],[-90.867853,29.056064],[-90.81255,29.042138],[-90.748377,29.04006],[-90.652116,29.057721],[-90.488117,29.05876],[-90.442734,29.056053],[-90.4096172499074,29.0584338645091],[-90.334935,29.063803],[-90.223587,29.085075],[-90.122753,29.144286],[-90.0898354481942,29.1644753566211],[-90.058512,29.183687],[-89.95646,29.253744],[-89.9027063240243,29.293036606496],[-89.883463,29.307103],[-89.842641,29.318823],[-89.726162,29.304026],[-89.639663,29.290531],[-89.606651,29.252023],[-89.564551,29.242527],[-89.482844,29.215053],[-89.432932,29.149023],[-89.390515,29.123576],[-89.361098,29.071848],[-89.40353,29.016964],[-89.400966,28.933812],[-89.322011,29.010251],[-89.259354,29.058358],[-89.218673,29.022515],[-89.142866,28.991623],[-89.148792,29.02967],[-89.11653,29.074097],[-89.066617,29.090714],[-89.01428,29.166913],[-89.025974,29.215153],[-89.116653,29.219532],[-89.134337,29.27934],[-89.200389,29.344418],[-89.257852,29.336872],[-89.312085,29.388038],[-89.380001,29.391785],[-89.482318,29.406222],[-89.53215,29.434567],[-89.569607,29.494044],[-89.564615,29.543786],[-89.602109,29.610295],[-89.535202,29.648567],[-89.504738,29.631508],[-89.5009667531337,29.6334554250588],[-89.465562,29.651738],[-89.403956,29.681808],[-89.399162,29.770592],[-89.271034,29.756355],[-89.293251,29.803053],[-89.236298,29.877081],[-89.231178,29.925484],[-89.215675,29.993523],[-89.185799,30.063934],[-89.183256,30.149344],[-89.233168,30.134957],[-89.303026,30.09157],[-89.342163,30.059172],[-89.444618,30.060959],[-89.494064,30.040972],[-89.574425,29.983738],[-89.598129,29.881409],[-89.647064,29.863602],[-89.701725,29.874085],[-89.744272,29.917647],[-89.795969,29.934003],[-89.852583,29.952721],[-89.8452971195724,30.0163818405701],[-89.845065,30.01841],[-89.782534,30.045372],[-89.683712,30.076018],[-89.656986,30.118381],[-89.6050884565546,30.1428141575593],[-89.524504,30.180753],[-89.607655,30.217096],[-89.634208,30.308256],[-89.678514,30.414012],[-89.6999320828408,30.454036880786],[-89.712493,30.47751],[-89.791664,30.551524],[-89.821868,30.644024],[-89.8261803591152,30.6688232701852],[-89.836331,30.727197],[-89.791745,30.820387],[-89.750073,30.91293],[-89.7281756901606,31.0023138879841],[-89.728147,31.002431],[-89.8359078243282,31.0021014231176],[-89.897516,31.001913],[-90.2595549404913,31.0006617812291],[-90.346007,31.000363],[-90.3473046214524,31.0003605479089],[-90.5475744252331,30.9999821017916],[-90.5671954006585,30.9999450243999],[-90.758775,30.999583],[-90.8258291412919,30.9995253553406],[-91.0601274679966,30.9993239353092],[-91.1761401239669,30.9992242023186],[-91.224068,30.999183],[-91.636942,30.999416],[-91.6282572982088,31.0050970018952],[-91.560365,31.049508],[-91.594693,31.091444],[-91.621671,31.13687],[-91.5909938930645,31.1919985656988],[-91.590051,31.193693],[-91.644356,31.234414],[-91.621358,31.267811],[-91.564192,31.261633],[-91.508858,31.291644],[-91.536061,31.338355],[-91.532336,31.390275],[-91.510356,31.438928],[-91.51714,31.498394],[-91.489618,31.534266],[-91.437616,31.546166],[-91.457517,31.587566],[-91.463817,31.620365],[-91.395715,31.644165],[-91.380915,31.732464],[-91.3801245299835,31.73262695305],[-91.318576,31.745315],[-91.3204587332816,31.7478006144822],[-91.359514,31.799362],[-91.345714,31.842861],[-91.290135,31.833658],[-91.2440151613247,31.8697324375039],[-91.234899,31.876863],[-91.18111,31.920059],[-91.17741,31.973257],[-91.117409,31.987057],[-91.080808,32.023456],[-91.079108,32.050255],[-91.034707,32.101053],[-91.039472318907,32.1079681426653],[-91.108509,32.20815],[-90.991227,32.214662],[-90.947834,32.283486],[-90.92117,32.342073],[-90.986672,32.35176],[-90.965986,32.424806],[-91.052907,32.438442],[-91.060516,32.512361],[-91.011275,32.516596],[-91.0487604277637,32.5727970404214],[-91.049312,32.573624],[-91.0554092828289,32.5790876048294],[-91.079506,32.60068],[-91.098762,32.685291],[-91.056999,32.72558],[-91.113652,32.73997],[-91.157614,32.776033],[-91.161669,32.812465],[-91.13789,32.848975],[-91.070602,32.888659],[-91.072075,32.937832],[-91.134414,32.980533],[-91.166073,33.004106],[-91.2645640502205,33.0047388242705],[-91.4359307415474,33.0058398887954],[-91.4603762339211,33.0059969558674],[-91.489176,33.006182],[-91.875128,33.007728],[-92.0689280885167,33.0084815806166],[-92.0690147239268,33.0084819174935],[-92.222825,33.00908],[-92.501383,33.01216],[-92.723553,33.014328],[-92.7247431731793,33.0143417676748],[-92.971137,33.017192],[-92.9887760560898,33.0172511697504],[-93.197402,33.017951],[-93.2386468140122,33.0180159427056],[-93.377134,33.018234],[-93.4905581209888,33.0186347572102],[-93.5209925078522,33.0187422898925],[-93.723273,33.019457],[-93.8071252110518,33.0193945746385],[-93.8145980610549,33.0193890113342],[-94.042964,33.019219],[-94.0430026215633,32.881088978924],[-94.043026,32.797476],[-94.0430515276176,32.6930299766656]]]}},{"type":"Feature","properties":{"name":"<at><openparen>Maine<closeparen>","STATEFP":"23","STATENS":"01779787","GEOIDFQ":"0400000US23","GEOID":"23","STUSPS":"ME","NAME":"Maine","LSAD":"00","ALAND":"79888899089","AWATER":"11744562992"},"geometry":{"type":"MultiPolygon","coordinates":[[[[-68.92401,43.885407],[-68.944433,43.835326],[-68.888483,43.803781],[-68.849009,43.849841],[-68.874784,43.904715],[-68.92401,43.885407]]],[[[-71.083924,45.305451],[-71.057861,45.000049],[-71.036705,44.736498],[-71.022992,44.500058],[-71.01127,44.301846],[-71.0102711678683,44.284888321572],[-71.008736,44.258825],[-71.001367,44.092931],[-70.989929,43.839239],[-70.987258046746,43.7929735928842],[-70.981946,43.70096],[-70.972716,43.570255],[-70.9637926798064,43.5402209553665],[-70.954755,43.509802],[-70.968359,43.429283],[-70.984335,43.376128],[-70.923949,43.324768],[-70.872585,43.270152],[-70.813119,43.217252],[-70.824801,43.179685],[-70.8281,43.129086],[-70.819549285713,43.1232309734312],[-70.756397,43.079988],[-70.703818,43.059825],[-70.665958,43.076234],[-70.62251,43.134573],[-70.596185,43.163466],[-70.575787,43.221859],[-70.585184,43.270113],[-70.553854,43.321886],[-70.517695,43.344037],[-70.465975,43.340246],[-70.416311,43.361059],[-70.383981,43.41294],[-70.327303,43.458521],[-70.385615,43.487031],[-70.361214,43.52919],[-70.3387374772484,43.5281092793689],[-70.321116,43.527262],[-70.245499,43.539635],[-70.206123,43.557627],[-70.217087,43.596717],[-70.190704,43.645582],[-70.168227,43.675136],[-70.096039,43.672276],[-70.071304,43.713772],[-70.001273,43.710388],[-69.983685,43.744395],[-69.915593,43.775112],[-69.8874061241577,43.7665933794518],[-69.862155,43.758962],[-69.855081,43.704746],[-69.833471,43.701281],[-69.807359,43.728081],[-69.754091,43.743866],[-69.717074,43.792403],[-69.6958154562599,43.7960549672913],[-69.650818,43.803785],[-69.578527,43.823316],[-69.552606,43.841347],[-69.50329,43.837673],[-69.438066,43.909539],[-69.422048,43.923047],[-69.393288,43.95642],[-69.3804897193431,43.9436402335565],[-69.354577,43.917765],[-69.321031,43.856708],[-69.279918,43.879579],[-69.242812,43.918818],[-69.212939,43.921404],[-69.17498,43.976949],[-69.131536,43.976089],[-69.077028,43.973654],[-69.043912,44.006336],[-69.068112,44.039768],[-69.031878,44.079036],[-69.075667,44.129991],[-69.054546,44.171542],[-69.040193,44.233673],[-69.0210745450046,44.2304353141229],[-68.95189,44.218719],[-68.9104197559239,44.1799508444103],[-68.888597,44.15955],[-68.935327,44.13038],[-68.905098,44.077344],[-68.874139,44.025359],[-68.77965,44.057754],[-68.669383,44.076359],[-68.657031,44.003823],[-68.617085,44.010097],[-68.584101,44.071589],[-68.5314142023518,44.0898523802565],[-68.502942,44.099722],[-68.438518,44.11618],[-68.331032,44.10758],[-68.314789,44.197157],[-68.306519,44.234829],[-68.17433,44.225908],[-68.22949,44.266918],[-68.191924,44.306675],[-68.173608,44.328397],[-68.189155,44.373833],[-68.125624,44.387127],[-68.103757,44.364362],[-68.049334,44.33073],[-68.01399,44.390255],[-67.978876,44.387034],[-67.9438439570552,44.407015790843],[-67.936531,44.411187],[-67.899571,44.394078],[-67.855108,44.419434],[-67.837938,44.46467],[-67.793589,44.494779],[-67.70668,44.501975],[-67.653123,44.525823],[-67.634806,44.487054],[-67.579726,44.429131],[-67.503208,44.476918],[-67.521168,44.50991],[-67.491751,44.556123],[-67.448513,44.600322],[-67.398987,44.602631],[-67.368269,44.624672],[-67.293403,44.599265],[-67.234275,44.637201],[-67.169857,44.662105],[-67.116745,44.706106],[-67.073439,44.741957],[-67.02615,44.768199],[-66.949895,44.817419],[-66.99296,44.849181],[-66.983558,44.903277],[-67.033474,44.939923],[-67.082074,45.029608],[-67.090786,45.068721],[-67.112414,45.112323],[-67.161247,45.162879],[-67.203933,45.171407],[-67.271076,45.191081],[-67.298209,45.146672],[-67.339869,45.125594],[-67.390579,45.154114],[-67.453473,45.241127],[-67.480256,45.268185],[-67.460554,45.300379],[-67.427243,45.37369],[-67.484328,45.451955],[-67.476855,45.49724],[-67.417417,45.501985],[-67.423646,45.572153],[-67.455406,45.604665],[-67.534919,45.595428],[-67.631762,45.621409],[-67.675417,45.630959],[-67.710464,45.679372],[-67.803313,45.677886],[-67.8028942950771,45.6789278854632],[-67.781892,45.731189],[-67.803626,45.781624],[-67.763955,45.829983],[-67.803678,45.869379],[-67.750422,45.917898],[-67.779984,45.938163],[-67.780438,46.038452],[-67.782114,46.279381],[-67.788406,46.601795],[-67.789799,46.794868],[-67.789761,47.065744],[-67.889155,47.118772],[-67.952269,47.196142],[-67.998171,47.217842],[-68.082896,47.271921],[-68.153509,47.314038],[-68.204263,47.33973],[-68.26971,47.353733],[-68.361559,47.355605],[-68.384281,47.326943],[-68.375615,47.292268],[-68.460064,47.286065],[-68.507432,47.296636],[-68.588725,47.281721],[-68.604819,47.249418],[-68.675913,47.242626],[-68.803537,47.216033],[-68.900985,47.178519],[-68.966433,47.212712],[-69.0402,47.2451],[-69.053885,47.377878],[-69.039301,47.42217],[-69.108215,47.435831],[-69.156074,47.451035],[-69.219996,47.457159],[-69.439198,47.250033],[-69.566383,47.125032],[-69.818552,46.87503],[-69.997086,46.69523],[-70.0230197674623,46.5734865644986],[-70.053748,46.429236],[-70.080292,46.410531],[-70.118597,46.384233],[-70.161337,46.360984],[-70.207415,46.331316],[-70.205719,46.299865],[-70.232682,46.284428],[-70.255492,46.246444],[-70.290896,46.185838],[-70.239566,46.142762],[-70.266349,46.100993],[-70.306734,46.061344],[-70.317629,46.01908],[-70.303034,45.998976],[-70.31297,45.961856],[-70.26541,45.962692],[-70.252526,45.933176],[-70.259117,45.890755],[-70.329748,45.853795],[-70.39662,45.808486],[-70.415684,45.786158],[-70.383552,45.734869],[-70.446903,45.704044],[-70.552793,45.667836],[-70.5528239160963,45.6678060455628],[-70.591275,45.630551],[-70.649578,45.598147],[-70.688214,45.563981],[-70.723396,45.510394],[-70.674903,45.452399],[-70.635498,45.427817],[-70.634661,45.383608],[-70.677995,45.394362],[-70.729972,45.399359],[-70.755567,45.428361],[-70.781471,45.431159],[-70.825612,45.400305],[-70.806244,45.376558],[-70.819471,45.341435],[-70.808613,45.311606],[-70.82979,45.286941],[-70.8340195374401,45.2717944023968],[-70.84443,45.234513],[-70.892822,45.239172],[-70.912111,45.296197],[-70.949365,45.331536],[-71.012757,45.34476],[-71.03821,45.311922],[-71.083924,45.305451]]]]}},{"type":"Feature","properties":{"name":"<at><openparen>Maryland<closeparen>","STATEFP":"24","STATENS":"01714934","GEOIDFQ":"0400000US24","GEOID":"24","STUSPS":"MD","NAME":"Maryland","LSAD":"00","ALAND":"25151298706","AWATER":"6979771758"},"geometry":{"type":"Polygon","coordinates":[[[-79.484372,39.3443],[-79.486873,39.205961],[-79.424413,39.228171],[-79.35375,39.278039],[-79.283723,39.30964],[-79.2623921171761,39.3262438284674],[-79.166497,39.400888],[-79.091329,39.472407],[-79.0674474080724,39.4728086991282],[-79.035623,39.473344],[-78.956751,39.440264],[-78.942618,39.479614],[-78.851016,39.554044],[-78.77114,39.638387],[-78.73905,39.609697],[-78.707098,39.555857],[-78.6550361715467,39.5443822410837],[-78.590654,39.530192],[-78.4682695950029,39.5262242704717],[-78.460951,39.525987],[-78.438179,39.563524],[-78.382959,39.622246],[-78.3327880214991,39.6285275964988],[-78.313033,39.631001],[-78.225075,39.658878],[-78.08226,39.671166],[-78.0276291001732,39.6206559623441],[-78.006734,39.601337],[-77.925988,39.607642],[-77.829814,39.587288],[-77.823762,39.525907],[-77.8109438962622,39.5007391665665],[-77.798201,39.475719],[-77.740012,39.401694],[-77.74593,39.353221],[-77.719519,39.321314],[-77.6776957620787,39.317940817088],[-77.66613,39.317008],[-77.588235,39.301955],[-77.553114,39.279268],[-77.496606,39.251045],[-77.4600656264978,39.2188429438594],[-77.459883,39.218682],[-77.485971,39.185665],[-77.521222,39.161057],[-77.519929,39.120925],[-77.481279,39.105658],[-77.462617,39.076248],[-77.359702,39.062004],[-77.3429916044968,39.0585948705951],[-77.3300377059541,39.0559521134909],[-77.310705,39.052008],[-77.248403,39.026909],[-77.249803,38.985909],[-77.202502,38.96791],[-77.1800356321076,38.9664229861505],[-77.146601,38.96421],[-77.1197891567342,38.9343765552932],[-77.119759,38.934343],[-77.041018,38.995548],[-77.002546244247,38.9655317004459],[-76.909393,38.892852],[-76.979497,38.837812],[-77.039006,38.791645],[-77.0392398850823,38.7853363256236],[-77.0406725707781,38.7466919304829],[-77.040998,38.737914],[-77.053199,38.709915],[-77.079499,38.709515],[-77.0857847651564,38.7052812818324],[-77.132501,38.673816],[-77.1302,38.635017],[-77.222244,38.607484],[-77.2259810335041,38.6033462530533],[-77.274031,38.550144],[-77.3006322180696,38.5046984048155],[-77.322622,38.467131],[-77.317288,38.383576],[-77.2843464997922,38.3516368165143],[-77.265295,38.333165],[-77.162692,38.345994],[-77.068194,38.38091],[-77.035898,38.37426],[-77.014646,38.354035],[-77.026912,38.321806],[-77.024855,38.300772],[-76.9968756083993,38.2790701811448],[-76.990255,38.273935],[-76.957796,38.243183],[-76.962311,38.214075],[-76.910832,38.197073],[-76.8663064384604,38.1763069312986],[-76.838795,38.163476],[-76.749685,38.162114],[-76.684892,38.156497],[-76.613939,38.148587],[-76.600937,38.110084],[-76.535919,38.069532],[-76.5106939613177,38.0394889278142],[-76.491998,38.017222],[-76.427487,37.977038],[-76.357581,37.951678],[-76.33301,38.036615],[-76.323177,38.092258],[-76.327209,38.14514],[-76.353516,38.178135],[-76.392668,38.239663],[-76.374481,38.296348],[-76.402894,38.311402],[-76.400194624698,38.3198719439614],[-76.387002,38.361267],[-76.393378,38.389477],[-76.450937,38.442422],[-76.492699,38.482849],[-76.517506,38.539149],[-76.511278,38.615745],[-76.528923,38.663889],[-76.5270925473942,38.7127503012383],[-76.526655,38.72443],[-76.552019,38.734725],[-76.556607,38.756137],[-76.545893,38.773986],[-76.526979,38.787016],[-76.489878,38.838715],[-76.505817,38.864363],[-76.474326825456,38.9028762570666],[-76.464826,38.914496],[-76.45028,38.941113],[-76.465089,38.966064],[-76.448981,38.982811],[-76.401961,39.006407],[-76.399853,39.026063],[-76.425521,39.052328],[-76.42186,39.081442],[-76.428681,39.131709],[-76.47306,39.159788],[-76.486795,39.182855],[-76.4788479844282,39.1916416662047],[-76.470052,39.201367],[-76.430182,39.204233],[-76.395509,39.231702],[-76.3843466278042,39.2359006117102],[-76.349994,39.248822],[-76.326396832072,39.2733926821003],[-76.300231,39.300638],[-76.244409,39.337458],[-76.197291,39.332591],[-76.197256746112,39.3324934771342],[-76.184554,39.296328],[-76.243166,39.213362],[-76.278527,39.145764],[-76.246481,39.119588],[-76.233457,39.091385],[-76.233963,39.056934],[-76.2686309209671,39.037091184561],[-76.322296,39.006375],[-76.361727,38.939175],[-76.367398,38.867719],[-76.336217,38.85767],[-76.3201120141128,38.8486210733804],[-76.315545,38.846055],[-76.302282,38.823569],[-76.309713,38.800104],[-76.379427,38.780622],[-76.389934,38.755689],[-76.347998,38.686234],[-76.322418,38.679304],[-76.275015,38.712714],[-76.238725,38.712845],[-76.200334,38.670774],[-76.177357,38.660364],[-76.1780381856245,38.6435510269535],[-76.178624,38.629092],[-76.19757,38.616753],[-76.23998,38.617445],[-76.279589,38.60952],[-76.290043,38.569158],[-76.277461,38.541851],[-76.33636,38.492235],[-76.280551,38.403143],[-76.25,38.362304],[-76.258382,38.332904],[-76.217613,38.305683],[-76.166929,38.24594],[-76.131185,38.234027],[-76.088639,38.192649],[-76.090459,38.119884],[-76.0621640657941,38.0953507257427],[-76.059243,38.092818],[-76.017159,38.078277],[-76.008069,38.054757],[-76.0478,38.016291],[-76.04653,37.953586],[-75.993336,37.953479],[-75.943691,37.946125],[-75.927351,37.908457],[-75.801207,37.912183],[-75.76164,37.941358],[-75.697023,37.956582],[-75.669711,37.950796],[-75.624341,37.994211],[-75.242266,38.027209],[-75.193796,38.096013],[-75.177394,38.130014],[-75.143229,38.220475],[-75.102947,38.311525],[-75.085518,38.32427],[-75.048939,38.451263],[-75.185455,38.451012],[-75.3412873203482,38.4524365259555],[-75.479283,38.453698],[-75.693721,38.460128],[-75.700382,38.542743],[-75.701777515245,38.5607669290786],[-75.707551,38.635335],[-75.707555026429,38.6353853550599],[-75.7231026933327,38.8298265565277],[-75.7481548142541,39.1431317309597],[-75.7564352155685,39.2466875371253],[-75.7604414164505,39.2967896211001],[-75.766895,39.377499],[-75.7669046067092,39.3776515935512],[-75.788596,39.722199],[-76.1356974269902,39.7217675506067],[-76.2332793471166,39.7216462556279],[-76.233485,39.721646],[-76.2396837411146,39.7216419899246],[-76.41898,39.721526],[-76.5694491257313,39.7214585707527],[-76.6976581403161,39.7214011168578],[-76.715771,39.721393],[-76.7870971997576,39.7210481461113],[-76.991062,39.720062],[-76.9993180263332,39.7200676723526],[-77.2170237552374,39.7202172483854],[-77.23995,39.720233],[-77.4591384979573,39.7202291767892],[-77.4691450036804,39.72022900225],[-77.469274,39.720229],[-77.768644,39.721538],[-78.075861,39.722448],[-78.0989706961667,39.7224661944281],[-78.342593,39.722658],[-78.3428335185744,39.7226582929265],[-78.380477064564,39.72270413884],[-78.723578,39.723122],[-78.8082995296216,39.7230709562769],[-78.9284161298889,39.7229985874409],[-79.045576,39.722928],[-79.3924584050224,39.7214393586401],[-79.476662,39.721078],[-79.482366,39.531689],[-79.484372,39.3443]]]}},{"type":"Feature","properties":{"name":"<at><openparen>Massachusetts<closeparen>","STATEFP":"25","STATENS":"00606926","GEOIDFQ":"0400000US25","GEOID":"25","STUSPS":"MA","NAME":"Massachusetts","LSAD":"00","ALAND":"20204475228","AWATER":"7130575380"},"geometry":{"type":"MultiPolygon","coordinates":[[[[-70.275526,41.310464],[-70.211479,41.248765],[-70.096967,41.24085],[-70.015225,41.237964],[-69.960181,41.264546],[-69.984869,41.358818],[-70.049053,41.391702],[-70.079133,41.319504],[-70.193712,41.313787],[-70.275526,41.310464]]],[[[-70.833802,41.353386],[-70.833397,41.316778],[-70.821284,41.251014],[-70.768687,41.303702],[-70.693635,41.342833],[-70.577454,41.349163],[-70.448262,41.353651],[-70.463833,41.419145],[-70.496197,41.424908],[-70.553277,41.452955],[-70.603555,41.482384],[-70.686881,41.441334],[-70.757797,41.365702],[-70.833802,41.353386]]],[[[-73.508142,42.086257],[-73.4896799420321,42.0537977095867],[-73.487314,42.049638],[-73.231056,42.044945],[-73.1272291708784,42.0421231483548],[-73.053397149764,42.0401165089147],[-72.999549,42.038653],[-72.8636919761087,42.0370850109639],[-72.847142,42.036894],[-72.810078,41.998316],[-72.7747593160786,42.0021291041803],[-72.766739,42.002995],[-72.735496,42.036399],[-72.607933,42.030795],[-72.528131,42.034295],[-72.317148,42.031907],[-72.2053557620642,42.0302031125089],[-72.1357314619467,42.0291419299417],[-71.987326,42.02688],[-71.8460061833253,42.0243734650785],[-71.80065,42.023569],[-71.799242,42.008065],[-71.6066944190753,42.0131050585708],[-71.591096527631,42.0135133435572],[-71.559439,42.014342],[-71.4982240131247,42.0158741110185],[-71.381401,42.018798],[-71.3814313468931,41.9850841191295],[-71.381461,41.952141],[-71.3817,41.893199],[-71.339298,41.893399],[-71.339597,41.832],[-71.329396,41.7826],[-71.3174020079312,41.7772561089687],[-71.261392,41.752301],[-71.2086005328951,41.6903092436027],[-71.19564,41.67509],[-71.132888,41.660102],[-71.1359851428921,41.6213937682114],[-71.137492,41.602561],[-71.12057,41.497448],[-71.085663,41.509292],[-71.035514,41.499047],[-70.981708,41.51007],[-70.941785,41.540121],[-70.910165,41.577073],[-70.853121,41.587321],[-70.82191,41.582841],[-70.8039626132079,41.6015155410003],[-70.765463,41.641575],[-70.7159798446688,41.6140132687642],[-70.695392,41.602546],[-70.698197,41.559002],[-70.726088944807,41.5432369319176],[-70.806861,41.497583],[-70.934986,41.454699],[-70.948431,41.409193],[-70.857528,41.425767],[-70.79027,41.446339],[-70.734306,41.486335],[-70.6690583666005,41.5129296626746],[-70.654104,41.519025],[-70.559689,41.54833],[-70.476256,41.558502],[-70.445289,41.591815],[-70.400581,41.606382],[-70.321588,41.630508],[-70.269687,41.617775],[-70.158621,41.650438],[-70.055523,41.664843],[-70.007011,41.671579],[-70.011961,41.619797],[-70.011229,41.543931],[-69.964982,41.55111],[-69.931129,41.622659],[-69.928261,41.6917],[-69.935952,41.809422],[-69.974781,41.925105],[-69.994136,41.999258],[-70.049382,42.064689],[-70.138942,42.092907],[-70.189305,42.082337],[-70.245385,42.063733],[-70.190834,42.020028],[-70.15076,42.026569],[-70.083775,42.012041],[-70.074006,41.93865],[-70.06901,41.884924],[-70.006111,41.852396],[-70.003842,41.80852],[-70.024734,41.787364],[-70.121978,41.758841],[-70.216073,41.742981],[-70.272289,41.721346],[-70.323819,41.736058],[-70.441718,41.752898],[-70.494048,41.773883],[-70.5364072541248,41.8116341457464],[-70.54103,41.815754],[-70.525567,41.85873],[-70.546386,41.916751],[-70.583572,41.950007],[-70.608166,41.940701],[-70.662476,41.960592],[-70.678798,42.00551],[-70.644337,42.045895],[-70.63848,42.081579],[-70.685315,42.133025],[-70.73056,42.21094],[-70.7815745455685,42.2486369460239],[-70.788724,42.25392],[-70.8358517753944,42.2647632647134],[-70.851093,42.26827],[-70.881242,42.300663],[-70.91749,42.305686],[-70.9484970435343,42.2823546937823],[-70.967351,42.268168],[-70.9930596399482,42.3128922804124],[-70.997838,42.321205],[-70.9830935859472,42.3434671949331],[-70.9758929421261,42.3543392537219],[-70.974897,42.355843],[-70.9825456015879,42.420221800052],[-70.982994,42.423996],[-70.9552110614633,42.4254690903917],[-70.913192,42.427697],[-70.886493,42.470197],[-70.835991,42.490496],[-70.848492,42.550195],[-70.804091,42.561595],[-70.698574,42.577393],[-70.654727,42.582234],[-70.594014,42.63503],[-70.602506,42.677702],[-70.645101,42.689423],[-70.681594,42.662342],[-70.72982,42.669602],[-70.772267,42.711064],[-70.80522,42.781798],[-70.817296,42.87229],[-70.86475,42.870258],[-70.930799,42.884589],[-70.9665,42.868989],[-71.031201,42.859089],[-71.0487164136986,42.8310643380822],[-71.064201,42.806289],[-71.1163750121775,42.8119029144351],[-71.149703,42.815489],[-71.186104,42.790689],[-71.181803,42.73759],[-71.2453840329207,42.7365553285746],[-71.2551101218106,42.7363970532872],[-71.255605,42.736389],[-71.294205,42.69699],[-71.351874,42.698154],[-71.636214,42.704888],[-71.745817,42.707287],[-71.8987687719366,42.7114667208088],[-71.9290300590535,42.7122936725326],[-72.1110573073528,42.7172679403547],[-72.124526,42.717636],[-72.2830340925109,42.722010250624],[-72.458519,42.726853],[-72.809113,42.736581],[-72.8642918548454,42.7377138851592],[-72.9301066166812,42.7390651376842],[-73.0230178932901,42.7409727127269],[-73.264957,42.74594],[-73.352527,42.510002],[-73.508142,42.086257]]]]}},{"type":"Feature","properties":{"name":"<at><openparen>Michigan<closeparen>","STATEFP":"26","STATENS":"01779789","GEOIDFQ":"0400000US26","GEOID":"26","STUSPS":"MI","NAME":"Michigan","LSAD":"00","ALAND":"146625947203","AWATER":"103860207077"},"geometry":{"type":"MultiPolygon","coordinates":[[[[-84.61622,45.89447],[-84.650783,45.85921],[-84.587572,45.8067],[-84.484128,45.73071],[-84.394038,45.727623],[-84.35602,45.771895],[-84.419696,45.799823],[-84.517895,45.828543],[-84.61622,45.89447]]],[[[-85.701809,45.736129],[-85.696872,45.69725],[-85.622741,45.586028],[-85.561634,45.572213],[-85.509276,45.596475],[-85.377132,45.769013],[-85.360952,45.817554],[-85.524448,45.829794],[-85.651866,45.743139],[-85.701809,45.736129]]],[[[-86.138095,45.043038],[-86.154824,45.002394],[-86.081487,44.990096],[-85.976883,45.06266],[-85.954021,45.119281],[-85.989412,45.151069],[-86.04443,45.159582],[-86.138095,45.043038]]],[[[-86.824828,41.76024],[-86.6996808040417,41.7598546378772],[-86.640044,41.759671],[-86.5242197424429,41.7595721559735],[-86.501773,41.759553],[-86.2260943449874,41.7600159591164],[-86.22607,41.760016],[-86.0625630290106,41.759653033158],[-85.791363,41.759051],[-85.7913349619628,41.7590510395575],[-85.6597502379909,41.759236686047],[-85.2921788113335,41.7597552747018],[-85.232835,41.759839],[-85.196774200302,41.759870841803],[-84.8251282838768,41.7601990063519],[-84.805883,41.760216],[-84.806082,41.696089],[-84.438067,41.704903],[-84.3995487854742,41.7059213574056],[-84.3604190413973,41.7069558826335],[-84.134417,41.712931],[-83.8803904653533,41.7201944903196],[-83.7631498513652,41.7235468017856],[-83.763038,41.72355],[-83.453832,41.732647],[-83.424076,41.740738],[-83.441668,41.808646],[-83.39622,41.852965],[-83.341557,41.879956],[-83.326024,41.924961],[-83.269521,41.939042],[-83.216897,41.988561],[-83.1949523116895,42.033107926811],[-83.185526,42.052243],[-83.133511,42.088143],[-83.133923,42.17474],[-83.1254680663077,42.2008263707347],[-83.096521,42.290138],[-82.988619,42.332439],[-82.92397,42.352068],[-82.870347,42.450888],[-82.8703322691976,42.4510095842051],[-82.859316,42.541935],[-82.755927,42.564415],[-82.766004,42.600051],[-82.801022,42.629545],[-82.707885,42.675497],[-82.639701,42.661233],[-82.706371,42.621107],[-82.679059,42.52221],[-82.583996,42.554041],[-82.509935,42.637294],[-82.467483,42.76191],[-82.469912,42.887459],[-82.428603,42.952001],[-82.415937,43.005555],[-82.486042,43.102486],[-82.5060424049551,43.1688273713115],[-82.523086,43.225361],[-82.53993,43.422378],[-82.593785,43.581467],[-82.6064790828381,43.6904492707095],[-82.612224,43.739771],[-82.633641,43.831224],[-82.709839,43.948226],[-82.793205,44.023247],[-82.928884,44.069389],[-83.024604,44.045174],[-83.046577,44.01571],[-83.134881,43.993147],[-83.26153,43.973525],[-83.28231,43.938031],[-83.407146,43.919807],[-83.43261,43.885273],[-83.479567,43.793625],[-83.5060855525428,43.7451572131399],[-83.51234,43.733726],[-83.683351,43.590584],[-83.6994170918811,43.6016371502565],[-83.731005,43.623369],[-83.817894,43.673789],[-83.909479,43.672622],[-83.94774,43.735165],[-83.929375,43.777091],[-83.910613,43.89322],[-83.901329352181,43.9084270508442],[-83.869406,43.960719],[-83.787863,43.985279],[-83.693214,43.98877],[-83.679654,44.036365],[-83.58409,44.056748],[-83.567744,44.155899],[-83.5646457924967,44.163524818403],[-83.524817,44.261558],[-83.442731,44.265361],[-83.401822,44.301831],[-83.336988,44.332919],[-83.31761,44.486058],[-83.3169638754402,44.5116830117597],[-83.314517,44.608725],[-83.276836,44.689354],[-83.296971,44.758495],[-83.3162661085766,44.8585914505609],[-83.320503,44.880571],[-83.352815,44.886164],[-83.438856,44.940843],[-83.435822,45.000012],[-83.442052,45.051056],[-83.399255,45.070364],[-83.340257,45.041545],[-83.265896,45.026844],[-83.315924,45.139992],[-83.3852110792565,45.207103993148],[-83.405914,45.227157],[-83.385104,45.274195],[-83.488826,45.355872],[-83.599273,45.352561],[-83.697316,45.396239],[-83.841543,45.435287],[-83.909472,45.485784],[-83.99835,45.491158],[-84.095905,45.497298],[-84.126532,45.556616],[-84.196043,45.621456],[-84.2108933451565,45.6262310177199],[-84.329537,45.66438],[-84.413642,45.669427],[-84.46168,45.652404],[-84.553311,45.698566],[-84.718904,45.777599],[-84.732242,45.780496853289],[-84.772765,45.789301],[-84.866976,45.752066],[-85.014509,45.760329],[-84.97095,45.686334],[-85.061488,45.639505],[-85.119737,45.569026],[-85.109252,45.521626],[-85.040936,45.436701],[-84.980953,45.429382],[-84.912956,45.409776],[-84.959119,45.375973],[-85.054805,45.364091],[-85.096056872271,45.3630880404348],[-85.196704,45.360641],[-85.294848,45.316408],[-85.371593,45.270834],[-85.377824295933,45.2076444024869],[-85.380464,45.180876],[-85.366749,45.101591],[-85.380659,45.046319],[-85.4314154750083,45.0166494527177],[-85.475204,44.991053],[-85.520034,44.973996],[-85.5551427027088,45.0270345441369],[-85.56613,45.043633],[-85.531461,45.177247],[-85.551072,45.210742],[-85.633124,45.170899],[-85.681096,45.092693],[-85.746444,45.051229],[-85.780439,44.977932],[-85.854304,44.938147],[-85.9316,44.968788],[-85.980219,44.906136],[-86.058862,44.911012],[-86.065966,44.821522],[-86.0784981880303,44.7783307476609],[-86.089186,44.741496],[-86.160268,44.728189],[-86.248474,44.699046],[-86.25395,44.64808],[-86.220697,44.566742],[-86.2370208650165,44.5182985861447],[-86.248914,44.483004],[-86.251926,44.400984],[-86.26871,44.345324],[-86.351638,44.229429],[-86.3878373602652,44.178694],[-86.429871,44.119782],[-86.514702,44.058119],[-86.501738,44.021912],[-86.463136,43.970976],[-86.447915,43.918089],[-86.431198,43.84072],[-86.4354850382583,43.8194291980042],[-86.445123,43.771564],[-86.510319,43.698625],[-86.540787,43.644593],[-86.529507,43.593462],[-86.479276,43.515335],[-86.4635168866811,43.4723296995067],[-86.448743,43.432013],[-86.407832,43.338436],[-86.3480562518982,43.2448802601045],[-86.316259,43.195114],[-86.2739282786714,43.1183679687078],[-86.254646,43.083409],[-86.226305,42.988284],[-86.2142923988824,42.8848840080177],[-86.214138,42.883555],[-86.2085385029097,42.7675438719157],[-86.208309,42.762789],[-86.226638,42.644922],[-86.240642,42.54],[-86.2769940445315,42.4193103159263],[-86.284448,42.394563],[-86.356218,42.254166],[-86.3663791270383,42.2431077271809],[-86.466262,42.134406],[-86.501322,42.08454],[-86.5281140302125,42.03841982407],[-86.597899,41.918291],[-86.693267,41.835403],[-86.824828,41.76024]]],[[[-89.221332,47.908069],[-89.255202,47.876102],[-89.201812,47.850243],[-89.157738,47.824015],[-89.044463,47.85575],[-88.898986,47.900685],[-88.852923,47.965322],[-88.718555,47.995134],[-88.579172,48.040758],[-88.55044,48.102111],[-88.427373,48.166764],[-88.425162,48.21065],[-88.547033,48.174891],[-88.631908,48.148307],[-88.728198,48.101914],[-88.816084,48.057006],[-88.893701,48.03477],[-88.940886,48.01959],[-89.018303,47.992525],[-89.179154,47.93503],[-89.221332,47.908069]]],[[[-90.418136,46.566094],[-90.387228,46.533663],[-90.331887,46.553278],[-90.285707,46.518846],[-90.214866,46.499947],[-90.158241,46.420485],[-90.120489,46.336852],[-89.9291256256648,46.2999157284081],[-89.638416,46.243804],[-89.09163,46.138505],[-88.991217028396,46.096536354436],[-88.9327684510096,46.072107163776],[-88.811948,46.021609],[-88.739994,46.027308],[-88.6832322084994,46.0144656703203],[-88.679132,46.013538],[-88.65776,45.989287],[-88.613063,45.990627],[-88.59386,46.015132],[-88.526673,46.020822],[-88.409864,45.979688],[-88.380183,45.991654],[-88.30952,45.959369],[-88.246307,45.962983],[-88.178008,45.947111],[-88.1168565373761,45.9228112422627],[-88.115346,45.922211],[-88.073944,45.875593],[-88.135067,45.821694],[-88.105518,45.798839],[-88.057010465949,45.7849770301437],[-88.048514,45.782549],[-87.995876,45.795435],[-87.96697,45.764021],[-87.879812,45.754843],[-87.8330494680353,45.7227525753469],[-87.805076,45.703556],[-87.781007,45.673934],[-87.824676,45.653211],[-87.777671,45.609204],[-87.787292,45.574906],[-87.804203,45.524676],[-87.805773,45.473139],[-87.847429,45.444177],[-87.85683,45.393106],[-87.863489,45.35302],[-87.800464,45.353608],[-87.750928,45.355037],[-87.706767,45.383827],[-87.657349,45.368752],[-87.667423,45.31636],[-87.71148,45.245224],[-87.741805,45.197051],[-87.695055,45.150522],[-87.648191,45.106368],[-87.590208,45.095264],[-87.548964,45.191591],[-87.465201,45.273351],[-87.350852,45.407743],[-87.288726,45.501606],[-87.2534496287802,45.5501155908891],[-87.172241,45.661788],[-87.070442,45.718779],[-86.964275,45.672761],[-86.838746,45.722307],[-86.773279,45.811385],[-86.647319,45.732618],[-86.705184,45.690901],[-86.712328,45.610939],[-86.636895,45.542053],[-86.616972,45.620581],[-86.54143,45.70811],[-86.4598805177494,45.750226550596],[-86.439661,45.760669],[-86.349134,45.83416],[-86.278007,45.942057],[-86.072067,45.965313],[-85.913769,45.919439],[-85.8658399219427,45.9475710731853],[-85.810442,45.980087],[-85.697203,45.960158],[-85.648581,45.983695],[-85.540858,46.079581],[-85.381394,46.082044],[-85.266385,46.065779],[-85.152027,46.050725],[-85.003597,46.00613],[-84.917484,45.93067],[-84.792763,45.858691],[-84.706383,45.848658],[-84.734002,45.907026],[-84.632855,45.951007],[-84.567493,45.947702],[-84.480436,45.977764],[-84.376429,45.931962],[-84.254952,45.956068],[-84.1146065625188,45.9679083747954],[-84.080071,45.970822],[-83.910838,45.965613],[-83.80104,45.937582],[-83.65766,45.945463],[-83.583052,45.915919],[-83.526347,45.918636],[-83.480639,45.996164],[-83.598612,46.090085],[-83.719791,46.101031],[-83.815826,46.108529],[-83.882303,46.042065],[-83.974012,46.081552],[-84.026536,46.131648],[-84.114941,46.174114],[-84.108089,46.241238],[-84.097766,46.256512],[-84.138906,46.372221],[-84.125026,46.470143],[-84.117925,46.517619],[-84.193729,46.53992],[-84.293016,46.492803],[-84.420274,46.501077],[-84.461827,46.466566],[-84.493401,46.440313],[-84.607945,46.456747],[-84.678423,46.487694],[-84.849767,46.460245],[-84.969464,46.47629],[-85.027374,46.553756],[-85.028291,46.675125],[-84.964652,46.772845],[-85.173042,46.763634],[-85.2378731773596,46.7557027812565],[-85.25686,46.75338],[-85.482096,46.680432],[-85.841057,46.688896],[-85.8646071413292,46.6865683155134],[-85.995044,46.673676],[-86.138295,46.672935],[-86.188024,46.654008],[-86.45993,46.551928],[-86.557731,46.487434],[-86.62738,46.53371],[-86.695645,46.555026],[-86.750157,46.479109],[-86.810967,46.449663],[-86.903742,46.466138],[-86.976958,46.526581],[-87.1163595894707,46.5061514021205],[-87.175065,46.497548],[-87.366767,46.507303],[-87.381649,46.580059],[-87.503025,46.647497],[-87.573203,46.720471],[-87.595307,46.78295],[-87.687164,46.841742],[-87.77693,46.876726],[-87.900339,46.909686],[-88.0445216822815,46.9174499452762],[-88.065192,46.918563],[-88.143688,46.966665],[-88.244437,46.929612],[-88.372681,46.872277],[-88.477935,46.85056],[-88.455404,46.923321],[-88.4393631859438,46.9419824250004],[-88.385606,47.004522],[-88.340052,47.080494],[-88.239895,47.139436],[-88.2004506759337,47.199716895982],[-88.194218,47.209242],[-88.096851,47.261351],[-88.016478,47.306275],[-87.94336,47.335899],[-87.941613,47.390073],[-87.800294,47.392148],[-87.604704,47.388625],[-87.591498,47.424113],[-87.680067,47.455685],[-87.801184,47.473301],[-87.929269,47.478737],[-88.085252,47.468961],[-88.217822,47.448738],[-88.285195,47.422392],[-88.418673,47.371188],[-88.50078,47.293503],[-88.5129465056361,47.286107247715],[-88.584912,47.242361],[-88.69966,47.204831],[-88.814834,47.141399],[-88.88914,47.100575],[-88.924492,47.042156],[-88.9333684513417,47.033599097856],[-88.959409,47.008496],[-89.02893,47.00114],[-89.142595,46.984859],[-89.227914,46.912954],[-89.415154,46.843983],[-89.49908,46.841621],[-89.569808,46.831859],[-89.642255,46.82534],[-89.720277,46.830413],[-89.831956,46.804053],[-89.8843295804115,46.765471149277],[-89.918466,46.740324],[-90.04542,46.668272],[-90.237609,46.624485],[-90.327626,46.607744],[-90.418136,46.566094]]]]}},{"type":"Feature","properties":{"name":"<at><openparen>Minnesota<closeparen>","STATEFP":"27","STATENS":"00662849","GEOIDFQ":"0400000US27","GEOID":"27","STUSPS":"MN","NAME":"Minnesota","LSAD":"00","ALAND":"206245435043","AWATER":"18936592419"},"geometry":{"type":"Polygon","coordinates":[[[-97.229039,49.000687],[-97.227854,48.945864],[-97.187362,48.867598],[-97.152588,48.772602],[-97.121253,48.713593],[-97.100009,48.667926],[-97.142915,48.583733],[-97.1477235683009,48.5438916836506],[-97.1481034661336,48.5407440461867],[-97.149122,48.532305],[-97.139173,48.430528],[-97.137904,48.344585],[-97.129533,48.257815],[-97.1418970728279,48.193696665318],[-97.1458449594749,48.1732234829905],[-97.146745,48.168556],[-97.105616,48.091362],[-97.068987,48.026267],[-97.037354,47.933279],[-96.996364,47.844398],[-96.928506,47.744884],[-96.8934933013398,47.6721269594437],[-96.882376,47.649025],[-96.854073,47.57201],[-96.8559593490532,47.499173229529],[-96.85748,47.440457],[-96.84022,47.276981],[-96.8360095945419,47.2379818754871],[-96.8265691272283,47.150539],[-96.819078,47.081152],[-96.833504,47.01011],[-96.763973,46.912507],[-96.788803,46.777575],[-96.786845,46.692805],[-96.790523,46.63688],[-96.7897865130498,46.6357466727167],[-96.7857861825985,46.6295908492609],[-96.744436,46.56596],[-96.709095,46.435294],[-96.647296,46.358499],[-96.60104,46.319554],[-96.59567,46.21985],[-96.554507,46.083978],[-96.572697494194,46.0218916713577],[-96.574264,46.016545],[-96.563672,45.935245],[-96.571871,45.871846],[-96.587093,45.816445],[-96.630512,45.781157],[-96.672665,45.732336],[-96.745086,45.701576],[-96.82616,45.654164],[-96.851621,45.619412],[-96.843957,45.594003],[-96.8354191619781,45.5861286928808],[-96.781036,45.535972],[-96.742509,45.478723],[-96.710786,45.43693],[-96.675447,45.410216],[-96.617726,45.408092],[-96.562142,45.38609],[-96.521787,45.375645],[-96.482556,45.346273],[-96.4700776030493,45.3267996493923],[-96.457781,45.30761],[-96.457553498485,45.2688979287184],[-96.4558401136336,44.97734524828],[-96.4548305155538,44.8055502040458],[-96.4538066996671,44.631335831948],[-96.4532913135987,44.543636801818],[-96.452213,44.360149],[-96.4524358245955,44.196801586665],[-96.4524358546695,44.1967795400951],[-96.4529095716932,43.8495088526372],[-96.4529095743663,43.8495068930184],[-96.453315,43.552299],[-96.45326,43.50039],[-96.198484,43.500335],[-96.05316283451,43.5001877081575],[-95.8609462015723,43.4999928849056],[-95.834421,43.499966],[-95.486803,43.500246],[-95.4544322386606,43.50032208525],[-95.3877875940219,43.5004787289074],[-95.214938,43.500885],[-94.9146134847136,43.5005958729861],[-94.874235,43.500557],[-94.8545550676107,43.5005534191522],[-94.4428499897182,43.5004785076547],[-94.390597,43.500469],[-94.2479674415552,43.5001754767076],[-93.97076,43.499605],[-93.6485330311736,43.4995354896751],[-93.576728,43.49952],[-93.4973513252204,43.4995307245117],[-93.228861,43.499567],[-93.0491920078165,43.4995574800246],[-93.0243479005419,43.49955616363],[-92.870277,43.499548],[-92.553161,43.5003],[-92.5531280905188,43.5003000363123],[-92.4489479514378,43.5004149885627],[-92.178863,43.500713],[-92.0798019931283,43.5007048851766],[-91.824848,43.500684],[-91.7302169978377,43.5006857009461],[-91.6108350005544,43.5006878467793],[-91.491042,43.50069],[-91.217706,43.50055],[-91.232812,43.564842],[-91.252926,43.600363],[-91.273252,43.666623],[-91.2570001560057,43.7256587372224],[-91.243955,43.773046],[-91.2876556273671,43.847065],[-91.291002,43.852733],[-91.357426,43.917231],[-91.4235686998173,43.9842968803226],[-91.440536,44.001501],[-91.5592155630397,44.0242093165812],[-91.573283,44.026901],[-91.647873,44.064109],[-91.719097,44.128853],[-91.817302,44.164235],[-91.8544999752977,44.1972265195522],[-91.892698,44.231105],[-91.916191,44.318094],[-91.9636,44.362112],[-92.0845285804928,44.404614314801],[-92.111085,44.413948],[-92.232472,44.445434],[-92.2453646490054,44.4542511243518],[-92.291005,44.485464],[-92.314071,44.538014],[-92.3169331334058,44.5392760122027],[-92.361518,44.558935],[-92.399281,44.558292],[-92.54928,44.577704],[-92.618025,44.61287],[-92.696491,44.689436],[-92.7316238513032,44.7149227852596],[-92.7923607996705,44.7589838136971],[-92.805287,44.768361],[-92.768574,44.854368],[-92.7671173343572,44.8615151858759],[-92.7670232657519,44.8619767370977],[-92.750802,44.941567],[-92.761904,45.022467],[-92.802911,45.065403],[-92.7897119873686,45.0755542806195],[-92.740509,45.113396],[-92.766932,45.195111],[-92.7660914086737,45.2100217024227],[-92.761868,45.284938],[-92.7482676746859,45.2960593865098],[-92.698967,45.336374],[-92.658486,45.396058],[-92.646768,45.437929],[-92.686793,45.472271],[-92.728023,45.525652],[-92.756906,45.557499],[-92.801503,45.562854],[-92.881136,45.573409],[-92.887929,45.639006],[-92.886697124409,45.644148],[-92.869689,45.715142],[-92.8407421066255,45.7293967344697],[-92.826013,45.73665],[-92.776496,45.790014],[-92.759458,45.835341],[-92.721128,45.883805],[-92.656125,45.924442],[-92.580565,45.94625],[-92.545682,45.970118],[-92.472761,45.972952],[-92.44963,46.002252],[-92.392681,46.01954],[-92.35176,46.015685],[-92.338239,46.052149],[-92.294033,46.074377],[-92.2938306085787,46.157321306496],[-92.293619,46.244043],[-92.2927598024283,46.41721950288],[-92.292371,46.495585],[-92.292192,46.663242],[-92.205492,46.664741],[-92.183091,46.695241],[-92.143338,46.731596],[-92.100255,46.734446],[-92.050819,46.710517],[-92.01529,46.706469],[-92.062088,46.804038],[-92.013405,46.833727],[-91.906483,46.891236],[-91.806851,46.933727],[-91.7943601058784,46.9425241508697],[-91.737098,46.982853],[-91.644564,47.026491],[-91.573817,47.089917],[-91.456965,47.139156],[-91.387021,47.187293],[-91.262512,47.27929],[-91.146958,47.381464],[-91.023124,47.464964],[-90.86827,47.5569],[-90.735927,47.624343],[-90.647837,47.656176],[-90.537105,47.703055],[-90.42139,47.73515],[-90.323446,47.753771],[-90.187636,47.77813],[-90.072025,47.811105],[-89.974296,47.830514],[-89.923649,47.862062],[-89.793539,47.891358],[-89.737539,47.918183],[-89.660616,47.951216],[-89.555015,47.974849],[-89.489226,48.014528],[-89.625087,48.011517],[-89.749314,48.023325],[-89.868153,47.989898],[-89.973433,48.02035],[-90.029626,48.087588],[-90.136191,48.112136],[-90.31723,48.103793],[-90.471019,48.106076],[-90.566113,48.12262],[-90.703702,48.096009],[-90.775962,48.122229],[-90.804207,48.177833],[-90.843624,48.243576],[-90.906829,48.237339],[-91.0326551809553,48.1905357779605],[-91.03555,48.189459],[-91.156107,48.140475],[-91.250112,48.084087],[-91.336578,48.069627],[-91.465499,48.06677],[-91.542512,48.053268],[-91.559272,48.108268],[-91.692366,48.11933],[-91.714931,48.19913],[-91.781182,48.200432],[-91.7973140618676,48.2057860320392],[-91.89347,48.237699],[-91.980772,48.247801],[-92.000133,48.321355],[-92.055228,48.359213],[-92.162161,48.363279],[-92.26228,48.354933],[-92.295412,48.323957],[-92.295668,48.278118],[-92.314665,48.240527],[-92.369174,48.220268],[-92.416285,48.295463],[-92.469948,48.351836],[-92.456325,48.414204],[-92.51491,48.448313],[-92.575636,48.440827],[-92.657101,48.466915],[-92.631117,48.508252],[-92.634931,48.542873],[-92.728046,48.53929],[-92.894687,48.594915],[-92.954876,48.631493],[-93.088548716516,48.6268109196626],[-93.14242,48.624924],[-93.207398,48.642474],[-93.347528,48.62662],[-93.371156,48.605085],[-93.464308,48.591792],[-93.467504,48.545664],[-93.562062,48.528897],[-93.674568,48.516297],[-93.815178,48.526508],[-93.80527,48.570299],[-93.844008,48.629395],[-93.927004,48.63122],[-94.091244,48.643669],[-94.250191,48.656323],[-94.251169,48.683514],[-94.281797,48.705255],[-94.388848,48.711945],[-94.4302012792341,48.6983087855285],[-94.446604,48.6929],[-94.508862,48.700362],[-94.61901,48.737374],[-94.694312,48.789352],[-94.685681,48.840119],[-94.683069,48.883929],[-94.718932,48.999991],[-94.750221,49.099763],[-94.774228,49.124994],[-94.797244,49.214284],[-94.816222,49.320987],[-94.878454,49.333193],[-94.952111,49.368679],[-94.988908,49.368897],[-95.058404,49.35317],[-95.153314,49.384358],[-95.15333,49.309287],[-95.153309,49.18488],[-95.153711,48.998903],[-95.31988739824,48.9987583452162],[-95.340962,48.99874],[-95.97539,48.999984],[-96.405411,48.999984],[-96.93096,48.999984],[-97.229039,49.000687]]]}},{"type":"Feature","properties":{"name":"<at><openparen>Mississippi<closeparen>","STATEFP":"28","STATENS":"01779790","GEOIDFQ":"0400000US28","GEOID":"28","STUSPS":"MS","NAME":"Mississippi","LSAD":"00","ALAND":"121534611855","AWATER":"3914024462"},"geometry":{"type":"Polygon","coordinates":[[[-91.621358,31.267811],[-91.644356,31.234414],[-91.590051,31.193693],[-91.5909938930645,31.1919985656988],[-91.621671,31.13687],[-91.594693,31.091444],[-91.560365,31.049508],[-91.6282572982088,31.0050970018952],[-91.636942,30.999416],[-91.224068,30.999183],[-91.1761401239669,30.9992242023186],[-91.0601274679966,30.9993239353092],[-90.8258291412919,30.9995253553406],[-90.758775,30.999583],[-90.5671954006585,30.9999450243999],[-90.5475744252331,30.9999821017916],[-90.3473046214524,31.0003605479089],[-90.346007,31.000363],[-90.2595549404913,31.0006617812291],[-89.897516,31.001913],[-89.8359078243282,31.0021014231176],[-89.728147,31.002431],[-89.7281756901606,31.0023138879841],[-89.750073,30.91293],[-89.791745,30.820387],[-89.836331,30.727197],[-89.8261803591152,30.6688232701852],[-89.821868,30.644024],[-89.791664,30.551524],[-89.712493,30.47751],[-89.6999320828408,30.454036880786],[-89.678514,30.414012],[-89.634208,30.308256],[-89.607655,30.217096],[-89.524504,30.180753],[-89.475824,30.191561],[-89.447465,30.205098],[-89.424624,30.245391],[-89.344746,30.293196],[-89.3070237608445,30.3039947802441],[-89.294444,30.307596],[-89.18684,30.331197],[-89.083237,30.368097],[-88.971233,30.390798],[-88.89393,30.393398],[-88.818762,30.36059],[-88.8003435152035,30.3572641730949],[-88.746945,30.347622],[-88.700587,30.343689],[-88.66382,30.362099],[-88.613006,30.353964],[-88.581929,30.331063],[-88.522494,30.340092],[-88.471875,30.32002],[-88.446495,30.347753],[-88.409927,30.342115],[-88.395023,30.369425],[-88.403931,30.543359],[-88.41227,30.731771],[-88.4124674313592,30.7355974592153],[-88.4150475999783,30.7856042566701],[-88.4260209637871,30.9982813574303],[-88.432007,31.114298],[-88.44866,31.421277],[-88.4494460690171,31.4358368612776],[-88.459478,31.621652],[-88.4636253046849,31.6979423713502],[-88.468669,31.790722],[-88.4686624840513,31.8938557116156],[-88.46866,31.933173],[-88.4311453634628,32.2276362346889],[-88.428278,32.250143],[-88.4213122213943,32.3086791230113],[-88.3892485641243,32.5781223959586],[-88.373338,32.711825],[-88.3474902478349,32.9290347868805],[-88.3400849921393,32.991264337875],[-88.317135,33.184123],[-88.3044428135104,33.28832],[-88.2745163342439,33.534002598714],[-88.254445,33.698779],[-88.2483874739095,33.7449075948817],[-88.207229,34.058333],[-88.2035834952194,34.0865277314681],[-88.1732617345949,34.3210395343343],[-88.1549021840087,34.46303430044],[-88.1395594412474,34.5816967458839],[-88.134263,34.62266],[-88.097888,34.892202],[-88.154617,34.922392],[-88.200064,34.995634],[-88.258111,34.995463],[-88.3635302685392,34.9957467517971],[-88.3804925115221,34.9957924082221],[-88.469877,34.996033],[-88.786612,34.995252],[-88.823050501632,34.995207045695],[-89.0171270115524,34.9949676128363],[-89.02654,34.994956],[-89.198287901495,34.9944505301151],[-89.3526793918484,34.9939961417459],[-89.434954,34.993754],[-89.644051831619,34.994066863428],[-89.7066076930667,34.9941604628742],[-89.724322525596,34.9941869687599],[-89.795187,34.994293],[-90.309297,34.995694],[-90.244476,34.937596],[-90.250095,34.90732],[-90.3114467159881,34.872838517743],[-90.313476,34.871698],[-90.401633,34.835305],[-90.4079823819208,34.835265981566],[-90.463795,34.834923],[-90.473527,34.788835],[-90.505494,34.764568],[-90.546053,34.702076],[-90.550158,34.663445],[-90.5748549582232,34.6316539794501],[-90.587224,34.615732],[-90.549244,34.568101],[-90.569347,34.524867],[-90.5694607451505,34.5243442788972],[-90.583717,34.458829],[-90.575336,34.415152],[-90.641398,34.383869],[-90.660404,34.33576],[-90.729131,34.364206],[-90.765174,34.342818],[-90.752681,34.289266],[-90.812829,34.279438],[-90.839981,34.236114],[-90.89456,34.22438],[-90.882701,34.184364],[-90.894385,34.160953],[-90.938064,34.148754],[-90.9440807601938,34.1200652947774],[-90.9448449522363,34.1164215264479],[-90.946323,34.109374],[-90.90113,34.094667],[-90.874541,34.072041],[-90.89242,34.02686],[-90.942662,34.01805],[-90.979945,34.000106],[-91.004981,33.977011],[-91.048367,33.985078],[-91.088696,33.961334],[-91.035961,33.943758],[-91.026382,33.90798],[-91.061247,33.877505],[-91.052819,33.824181],[-91.025173,33.805953],[-91.026782,33.763642],[-91.08551,33.77641],[-91.111494,33.774568],[-91.143287,33.747141],[-91.075389,33.714403],[-91.10098,33.660551],[-91.178311,33.651109],[-91.130902,33.610919],[-91.188942,33.576225],[-91.206415960587,33.5456284081563],[-91.215671,33.529423],[-91.2156615141091,33.5294098627481],[-91.189375,33.493005],[-91.171799,33.462342],[-91.147663,33.427172],[-91.113764,33.393124],[-91.142219,33.348989],[-91.125539,33.280255],[-91.086137,33.273652],[-91.068708,33.232936],[-91.084366,33.180856],[-91.104317,33.131598],[-91.153015,33.135093],[-91.180836,33.098364],[-91.120379,33.05453],[-91.1596060796211,33.0112423416025],[-91.166073,33.004106],[-91.134414,32.980533],[-91.072075,32.937832],[-91.070602,32.888659],[-91.13789,32.848975],[-91.161669,32.812465],[-91.157614,32.776033],[-91.113652,32.73997],[-91.056999,32.72558],[-91.098762,32.685291],[-91.079506,32.60068],[-91.0554092828289,32.5790876048294],[-91.049312,32.573624],[-91.0487604277637,32.5727970404214],[-91.011275,32.516596],[-91.060516,32.512361],[-91.052907,32.438442],[-90.965986,32.424806],[-90.986672,32.35176],[-90.92117,32.342073],[-90.947834,32.283486],[-90.991227,32.214662],[-91.108509,32.20815],[-91.039472318907,32.1079681426653],[-91.034707,32.101053],[-91.079108,32.050255],[-91.080808,32.023456],[-91.117409,31.987057],[-91.17741,31.973257],[-91.18111,31.920059],[-91.234899,31.876863],[-91.2440151613247,31.8697324375039],[-91.290135,31.833658],[-91.345714,31.842861],[-91.359514,31.799362],[-91.3204587332816,31.7478006144822],[-91.318576,31.745315],[-91.3801245299835,31.73262695305],[-91.380915,31.732464],[-91.395715,31.644165],[-91.463817,31.620365],[-91.457517,31.587566],[-91.437616,31.546166],[-91.489618,31.534266],[-91.51714,31.498394],[-91.510356,31.438928],[-91.532336,31.390275],[-91.536061,31.338355],[-91.508858,31.291644],[-91.564192,31.261633],[-91.621358,31.267811]]]}},{"type":"Feature","properties":{"name":"<at><openparen>Missouri<closeparen>","STATEFP":"29","STATENS":"01779791","GEOIDFQ":"0400000US29","GEOID":"29","STUSPS":"MO","NAME":"Missouri","LSAD":"00","ALAND":"178052192662","AWATER":"2487934091"},"geometry":{"type":"Polygon","coordinates":[[[-95.765645,40.585208],[-95.75711,40.52599],[-95.714291,40.527208],[-95.7122801670449,40.5237540745061],[-95.694726,40.493602],[-95.684363,40.463366],[-95.649418,40.396149],[-95.641027,40.366399],[-95.653729,40.322582],[-95.598657,40.309809],[-95.553292,40.291158],[-95.5481820011801,40.2644146728427],[-95.5478703162703,40.2627834608198],[-95.54716,40.259066],[-95.472548,40.236078],[-95.48102,40.188524],[-95.432165,40.141025],[-95.394216,40.108263],[-95.414734,40.06982],[-95.382957,40.027112],[-95.348777,40.029297],[-95.30829,39.999998],[-95.231114,39.943784],[-95.142445,39.89542],[-95.081534,39.861718],[-95.018743,39.897372],[-94.9933742397144,39.8985652599923],[-94.95154,39.900533],[-94.928466,39.876344],[-94.878677,39.826522],[-94.8778576828861,39.8207000955167],[-94.871144,39.772994],[-94.860371,39.74953],[-94.899316,39.724042],[-94.971078,39.723146],[-94.971317,39.68641],[-95.037464,39.652905],[-95.0440507525704,39.6136682968209],[-95.047165,39.595117],[-95.076688,39.576764],[-95.113557,39.553941],[-95.091419402824,39.53325788521],[-95.049845,39.494415],[-94.982144,39.440552],[-94.9657474186335,39.4216817446564],[-94.946662,39.399717],[-94.888972,39.392432],[-94.908065,39.323663],[-94.857072,39.273825],[-94.825663,39.241729],[-94.799663,39.206018],[-94.7919946737433,39.2012602502402],[-94.741938,39.170203],[-94.680336,39.184303],[-94.623934,39.156603],[-94.6019379819211,39.1555032334638],[-94.591933,39.155003],[-94.607354,39.113444],[-94.6075301405959,39.0897840043202],[-94.607870353374,39.0440850964785],[-94.608334,38.981806],[-94.6089603437495,38.847211315445],[-94.609456,38.7407],[-94.6094896723458,38.7381017094732],[-94.6128655959221,38.4776021802351],[-94.612866,38.477571],[-94.6127726289929,38.3887184827318],[-94.612614,38.237766],[-94.6139299610557,38.0600529598965],[-94.6141002487054,38.0370565833813],[-94.614465,37.987799],[-94.617885,37.682214],[-94.6178724508981,37.6731107003321],[-94.6178455243542,37.6535777966344],[-94.617511,37.410909],[-94.6176676047008,37.3641703270387],[-94.6177538916066,37.338418],[-94.618351,37.160211],[-94.618102891103,37.0567963908729],[-94.617964,36.998905],[-94.618307,36.76656],[-94.6179917784172,36.6679212723442],[-94.617815,36.612604],[-94.617919,36.499414],[-94.361203,36.4996],[-94.0770881248555,36.49897595691],[-93.95919,36.498717],[-93.8666892118508,36.4988662760355],[-93.700171,36.499135],[-93.5842625342512,36.4989016403491],[-93.426989,36.498585],[-93.3153233371857,36.4983127171069],[-93.2930675065906,36.4982584490195],[-93.125969,36.497851],[-92.8540081073941,36.4980234071379],[-92.838876,36.498033],[-92.7723338933721,36.4980831540794],[-92.564238,36.49824],[-92.5291361751611,36.498165682126],[-92.350277,36.497787],[-92.150306261007,36.4981403333038],[-92.120391964917,36.4981931896223],[-91.985802,36.498431],[-91.6723336435146,36.4992566570116],[-91.64259,36.499335],[-91.450023110521,36.4975403827277],[-91.4068712895641,36.4971382315405],[-91.404915,36.49712],[-91.1265376607175,36.4977977039745],[-91.017974,36.498062],[-90.784029207405,36.4984625681699],[-90.765672,36.498494],[-90.5761790655673,36.498405927798],[-90.494575,36.498368],[-90.2207490539154,36.4959375921945],[-90.153871,36.495344],[-90.141399,36.459874],[-90.131038,36.415069],[-90.066136,36.386272],[-90.063526,36.356911],[-90.06398,36.303038],[-90.114922,36.265595],[-90.155928,36.214074],[-90.1891019136628,36.1989984552544],[-90.220425,36.184764],[-90.235585,36.139474],[-90.294492,36.112949],[-90.339343,36.047112],[-90.368718,35.995812],[-90.2890769140827,35.9965128689775],[-90.103842,35.998143],[-89.9593746319162,35.9990141141563],[-89.901183,35.999365],[-89.733095,36.000608],[-89.692437,36.020507],[-89.680029,36.082494],[-89.64302,36.10362],[-89.592102,36.135637],[-89.623804,36.183128],[-89.6276414416754,36.185460316606],[-89.69263,36.224959],[-89.678046,36.248284],[-89.602374,36.238106],[-89.554289,36.277751],[-89.611819,36.309088],[-89.600544,36.342985],[-89.5450313339691,36.344271398663],[-89.522695,36.344789],[-89.51038,36.378356],[-89.542337,36.420103],[-89.521021,36.461934],[-89.539232,36.497934],[-89.571481,36.538087],[-89.544434,36.57451],[-89.479346,36.566253],[-89.407906,36.562345],[-89.378694,36.622292],[-89.327319777009,36.6239462887705],[-89.324658,36.624032],[-89.278935,36.577699],[-89.227319,36.569375],[-89.199136,36.625649],[-89.1756497723469,36.6513192625535],[-89.165488,36.662426],[-89.202511,36.716618],[-89.15699,36.755968],[-89.1559849090704,36.7862926633714],[-89.155891,36.789126],[-89.147674,36.847148],[-89.120472,36.891896],[-89.1031354483266,36.9447609003223],[-89.098843,36.95785],[-89.132915,36.982057],[-89.195039,36.989768],[-89.257608,37.015496],[-89.3081469138122,37.0289484973829],[-89.359456,37.042606],[-89.384175,37.103267],[-89.456105,37.18812],[-89.470525,37.253357],[-89.482889284644,37.2609507184141],[-89.517032,37.28192],[-89.49516,37.324795],[-89.4744347243599,37.334500215676],[-89.428185,37.356158],[-89.42594,37.407471],[-89.471201,37.466473],[-89.5124,37.52981],[-89.5017910494998,37.5588957193232],[-89.4977459260392,37.5699859139282],[-89.494051,37.580116],[-89.506563,37.62505],[-89.521948,37.696475],[-89.591289,37.723599],[-89.667993,37.759484],[-89.6872324838884,37.7964280387079],[-89.696559,37.814337],[-89.782035,37.855092],[-89.851048,37.90398],[-89.923185,37.870672],[-89.933095790915,37.8800990582524],[-89.974221,37.919217],[-89.95491,37.966647],[-90.008353,37.970179],[-90.080959,38.015428],[-90.126006,38.05057],[-90.2038911808417,38.0873651230282],[-90.218708,38.094365],[-90.252484,38.127571],[-90.2527463239757,38.1277738262293],[-90.322353,38.181593],[-90.363926,38.236355],[-90.372519,38.323354],[-90.349743,38.377609],[-90.3410952558139,38.3862448217446],[-90.288815,38.438453],[-90.271314,38.496052],[-90.2610973860555,38.518263021789],[-90.2552985826054,38.5308696789927],[-90.248913,38.544752],[-90.18451,38.611551],[-90.18111,38.65955],[-90.1813411498458,38.6600090209705],[-90.19521,38.68755],[-90.20991,38.72605],[-90.1667566245041,38.7722766188072],[-90.166409,38.772649],[-90.117707,38.805748],[-90.113327,38.849306],[-90.1912067304162,38.8902755743579],[-90.230336,38.91086],[-90.2764739288339,38.9193183391288],[-90.298711,38.923395],[-90.395816,38.960037],[-90.4509699408919,38.9613950033245],[-90.467784,38.961809],[-90.500117,38.910408],[-90.555693,38.870785],[-90.595354,38.87505],[-90.657254,38.92027],[-90.6615829068768,38.9347033077532],[-90.676397,38.984096],[-90.713629,39.053977],[-90.681086,39.10059],[-90.707902,39.15086],[-90.7232836234127,39.2241029700576],[-90.72996,39.255894],[-90.840106,39.340438],[-90.9352871462396,39.3994805728603],[-90.937419,39.400803],[-91.03827,39.448436],[-91.064305,39.494643],[-91.100307,39.538695],[-91.148275,39.545798],[-91.174232,39.591975],[-91.1828755008197,39.5982331157954],[-91.27614,39.665759],[-91.3057603349652,39.6862154700779],[-91.367753,39.729029],[-91.3646166033233,39.7587182263223],[-91.361571,39.787548],[-91.397853,39.821122],[-91.436051,39.84551],[-91.428956,39.907729],[-91.4368432685991,39.9452434636785],[-91.43709,39.946417],[-91.484064,40.019332],[-91.497663,40.078257],[-91.511956,40.170441],[-91.5062615151283,40.2001550699717],[-91.4969574903395,40.2487038763728],[-91.492891,40.269923],[-91.469656,40.322409],[-91.419422,40.378264],[-91.498093,40.401926],[-91.519134,40.432822],[-91.563844,40.460988],[-91.608347,40.50004],[-91.618999,40.539084],[-91.670993,40.550937],[-91.685381,40.578892],[-91.7166549876819,40.603740139296],[-91.729115,40.61364],[-91.939292,40.60615],[-91.9431174596857,40.606060586354],[-92.17978,40.600529],[-92.3508041867264,40.5972572763761],[-92.453745,40.595288],[-92.6379032935995,40.5909565470979],[-92.686693,40.589809],[-92.714597263045,40.5895828338363],[-92.941595,40.587743],[-93.0972912037498,40.5838234773251],[-93.135802,40.582854],[-93.345442,40.580514],[-93.3743862587638,40.5803970326092],[-93.5568966742717,40.5796594850605],[-93.597352,40.579496],[-93.7743442040303,40.5775304533911],[-93.84093,40.576791],[-94.015492,40.5740737070096],[-94.091085,40.572897],[-94.2322407102083,40.5720146121266],[-94.310724,40.571524],[-94.4712077271232,40.570959458357],[-94.533878,40.570739],[-94.6320259176948,40.5717595874],[-94.819978,40.573714],[-94.9148978673616,40.5749211691113],[-95.068921,40.57688],[-95.2022660008303,40.578375628996],[-95.335588,40.579871],[-95.3739250533987,40.5803323779415],[-95.533182,40.582249],[-95.765645,40.585208]]]}},{"type":"Feature","properties":{"name":"<at><openparen>Montana<closeparen>","STATEFP":"30","STATENS":"00767982","GEOIDFQ":"0400000US30","GEOID":"30","STUSPS":"MT","NAME":"Montana","LSAD":"00","ALAND":"376973522036","AWATER":"3866841435"},"geometry":{"type":"Polygon","coordinates":[[[-116.049193,49.000912],[-116.049156520649,48.5020424817581],[-116.049155,48.481247],[-116.048948,48.309847],[-116.048929247776,48.2161279479271],[-116.048911,48.12493],[-116.049153,47.999923],[-116.038565829873,47.9846342564417],[-116.030751,47.973349],[-115.959946,47.898142],[-115.900934,47.843064],[-115.845474,47.814967],[-115.835365,47.760957],[-115.72377,47.696671],[-115.73627,47.654762],[-115.694284,47.62346],[-115.721207,47.576323],[-115.717024,47.532693],[-115.634684,47.48176],[-115.69293,47.457237],[-115.71034,47.417784],[-115.578619,47.367007],[-115.531971,47.314121],[-115.470959,47.284873],[-115.371825,47.265213],[-115.326903,47.255912],[-115.29211,47.209861],[-115.255786,47.174725],[-115.189451,47.131032],[-115.120917,47.061237],[-115.071254,47.022083],[-115.031651,46.971548],[-114.961422906068,46.9328938759708],[-114.927432,46.914185],[-114.943281,46.867971],[-114.880588,46.811791],[-114.79004,46.778729],[-114.76718,46.738828],[-114.699008,46.740223],[-114.676827162695,46.7318387398131],[-114.626695,46.712889],[-114.621483,46.658143],[-114.591116003227,46.6525504803548],[-114.547321,46.644485],[-114.453239,46.649266],[-114.360709,46.669059],[-114.335724935405,46.6552729673536],[-114.320665,46.646963],[-114.331338,46.577781],[-114.351655,46.508119],[-114.403019,46.498675],[-114.384756,46.411784],[-114.422458,46.387097],[-114.431708,46.310744],[-114.441326,46.2738],[-114.449819,46.237119],[-114.445928,46.173933],[-114.514706,46.167726],[-114.5213,46.125287],[-114.460049,46.097104],[-114.480241,46.030325],[-114.441185,45.988453],[-114.402261,45.961489],[-114.413168,45.911479],[-114.388243,45.88234],[-114.422963,45.855381],[-114.517143,45.835993],[-114.562509,45.779927],[-114.504869,45.722176],[-114.499637,45.669035],[-114.53577,45.650613],[-114.538132,45.606834],[-114.523773044931,45.5853265066066],[-114.506341,45.559216],[-114.456764,45.543983],[-114.36852,45.492716],[-114.279217,45.480616],[-114.251836,45.537812],[-114.18647,45.545539],[-114.083149,45.603996],[-114.014973,45.654008],[-114.015633,45.696127],[-113.971565,45.700636],[-113.94832148257,45.6825773584415],[-113.898883,45.644167],[-113.861404,45.62366],[-113.806729,45.602146],[-113.802849,45.523159],[-113.759986,45.480735],[-113.763368,45.427732],[-113.73239,45.385058],[-113.735601,45.325265],[-113.650064,45.23471],[-113.57467,45.128411],[-113.510819,45.099902],[-113.45197,45.059247],[-113.437726,45.006967],[-113.448958,44.953544],[-113.474573,44.910846],[-113.422376,44.842595],[-113.377153,44.834858],[-113.301508,44.798985],[-113.247166,44.82295],[-113.131387,44.764738],[-113.101154,44.708578],[-113.049349,44.62938],[-113.061071,44.577329],[-113.006828,44.518439],[-113.006846,44.471715],[-112.951146,44.416699],[-112.881769,44.380315],[-112.826826881265,44.4052024317675],[-112.821896,44.407436],[-112.828191,44.442472],[-112.735084,44.499159],[-112.707815,44.503023],[-112.601863,44.491015],[-112.473207,44.480027],[-112.387389,44.448058],[-112.358917,44.528847],[-112.286187,44.568472],[-112.221698,44.543519],[-112.125101,44.528527],[-112.034133,44.537716],[-111.870504,44.564033],[-111.807914,44.511716],[-111.704218,44.560205],[-111.617107034305,44.5571272484186],[-111.562814,44.555209],[-111.519126,44.582916],[-111.468833,44.679335],[-111.456947232494,44.6956407378395],[-111.438793,44.720546],[-111.385005,44.755128],[-111.377138236735,44.7511964139636],[-111.323669,44.724474],[-111.26875,44.668279],[-111.224161,44.623402],[-111.201459,44.575696],[-111.143557,44.535732],[-111.122654,44.493659],[-111.048974,44.474072],[-111.055208,44.624927],[-111.055332727124,44.6662623099175],[-111.055511,44.725343],[-111.056888,44.866658],[-111.04431854543,45.0008800033077],[-111.044275,45.001345],[-110.785008,45.002952],[-110.705272,44.992324],[-110.324441,44.999156],[-109.99505,45.003174],[-109.798483772435,45.002920308285],[-109.574321,45.002631],[-109.103445,45.005904],[-109.062262,44.999623],[-108.62149349473,44.9996763710215],[-108.500679,44.999691],[-108.248525185308,45.0006298274175],[-107.997353,45.001565],[-107.911522788162,45.0015440046114],[-107.351441,45.001407],[-106.888773,44.995885],[-106.263715092465,44.9937884330015],[-106.263586,44.993788],[-106.024880029032,44.9975841235561],[-105.848065,45.000396],[-105.076600952254,45.0002966134074],[-105.038252188274,45.0002916729918],[-105.025266,45.00029],[-104.057698,44.997431],[-104.039138,44.99852],[-104.039977,45.124988],[-104.040135756493,45.2128907620416],[-104.040358,45.335946],[-104.041764,45.490789],[-104.041937,45.557915],[-104.042597,45.749998],[-104.043776,45.864707],[-104.044133156107,45.8819762583498],[-104.045443,45.94531],[-104.045465951587,46.2800809626881],[-104.045469,46.324545],[-104.045045,46.509788],[-104.045125235308,46.5408609881557],[-104.045385111108,46.6415039321916],[-104.045572,46.713881],[-104.045542,46.933887],[-104.044788,47.12743],[-104.045308341358,47.3301401263698],[-104.045313,47.331955],[-104.044976739577,47.3970647144107],[-104.043912,47.603229],[-104.042384,47.803256],[-104.043933,47.971515],[-104.044093106669,47.9960816799606],[-104.044093214262,47.9960981889019],[-104.045692,48.241415],[-104.046782142047,48.3892980643109],[-104.047555,48.49414],[-104.048087180484,48.6339103786847],[-104.0489,48.847387],[-104.048736,48.999877],[-104.543636,48.999541],[-104.875527,48.998991],[-105.057634998852,48.9992288786173],[-105.265192,48.9995],[-105.355888,48.999357],[-105.775808,48.999637],[-106.050543,48.999207],[-106.1120637647,48.9992794389196],[-106.233987,48.999423],[-106.617539,48.999583],[-107.179812010645,48.9999116017463],[-107.363582,49.000019],[-107.441017,48.999363],[-107.704696,48.999872],[-108.236361659295,48.9995581358031],[-108.543194,48.999377],[-109.000708,48.999234],[-109.250722,49.000011],[-109.489548844193,49.0004208022765],[-109.500737,49.00044],[-110.171595,48.999262],[-110.438151,48.999188],[-110.531615,48.99839],[-110.743064,48.9980081121848],[-111.003916,48.997537],[-111.269864027259,48.9972297844707],[-111.500812,48.996963],[-111.854088,48.998067],[-112.143769,48.998917],[-112.193409099075,48.9988937771468],[-113.116356,48.998462],[-113.375925,48.998562],[-113.692982,48.997632],[-113.907487,48.998858],[-114.068177472879,48.999355878623],[-114.180211,48.999703],[-114.375977,49.00139],[-114.678217,49.000725],[-114.72705020628,49.0005869898058],[-115.207912,48.999228],[-115.501016,49.000694],[-116.049193,49.000912]]]}},{"type":"Feature","properties":{"name":"<at><openparen>Nebraska<closeparen>","STATEFP":"31","STATENS":"01779792","GEOIDFQ":"0400000US31","GEOID":"31","STUSPS":"NE","NAME":"Nebraska","LSAD":"00","ALAND":"198950563271","AWATER":"1378346850"},"geometry":{"type":"Polygon","coordinates":[[[-104.053142,41.114457],[-104.053249,41.001406],[-103.574522,41.001721],[-103.573774006195,41.0017217990841],[-103.38249165189,41.001926146621],[-103.076536,41.002253],[-102.653464137269,41.0022253241436],[-102.621033024452,41.0022232026156],[-102.556789,41.002219],[-102.051717521832,41.0023769676222],[-102.051614,41.002377],[-102.051292,40.749591],[-102.051294151579,40.697546832389],[-102.051304798597,40.440007993377],[-102.051308551844,40.3492213568722],[-102.051309,40.338381],[-102.051744,40.003078],[-101.832161,40.002933],[-101.542273,40.002609],[-101.411028987802,40.0025825695676],[-101.324036026572,40.0025650505849],[-101.293991,40.002559],[-101.060317,40.002307],[-100.75883,40.002302],[-100.738824713191,40.0022629565677],[-100.477018,40.001752],[-100.19359,40.001573],[-100.177797545879,40.0015658138516],[-99.813401,40.0014],[-99.6282538492245,40.0017719472684],[-99.6253267263996,40.001777827647],[-99.501792,40.002026],[-99.1791331508611,40.0021089526949],[-99.085597,40.002133],[-99.0670183498981,40.0021435130522],[-98.726372963939,40.0023362731669],[-98.613755,40.0024],[-98.5044549836368,40.002379876736],[-98.2740170597529,40.0023374507299],[-98.076034,40.002301],[-97.9318249263172,40.0022363450196],[-97.8215008122752,40.0021868820889],[-97.777155,40.002167],[-97.415833,40.002001],[-97.369199035315,40.0019393057605],[-97.009165,40.001463],[-96.9164070054658,40.0014540910439],[-96.873812,40.00145],[-96.805768,40.0013684550954],[-96.469945,40.000966],[-96.4637120767748,40.0009585725545],[-96.2392078784111,40.0006910427544],[-96.239172,40.000691],[-96.154365,40.000495],[-96.02409,40.000719],[-96.0106788179345,40.000704665772],[-95.7881109948917,40.0004667793653],[-95.784575,40.000463],[-95.3398959708503,40.0000288571054],[-95.30829,39.999998],[-95.348777,40.029297],[-95.382957,40.027112],[-95.414734,40.06982],[-95.394216,40.108263],[-95.432165,40.141025],[-95.48102,40.188524],[-95.472548,40.236078],[-95.54716,40.259066],[-95.5478703162703,40.2627834608198],[-95.5481820011801,40.2644146728427],[-95.553292,40.291158],[-95.598657,40.309809],[-95.653729,40.322582],[-95.641027,40.366399],[-95.649418,40.396149],[-95.684363,40.463366],[-95.694726,40.493602],[-95.7122801670449,40.5237540745061],[-95.714291,40.527208],[-95.75711,40.52599],[-95.765645,40.585208],[-95.748626,40.603355],[-95.781909,40.653272],[-95.846034,40.682605],[-95.888697,40.736292],[-95.834156,40.783016],[-95.8342438167144,40.7837843870431],[-95.841309,40.845604],[-95.810709,40.886681],[-95.8187272785699,40.8979480664065],[-95.837774,40.924712],[-95.828329,40.972378],[-95.865878,41.017403],[-95.8647847640853,41.0528455046135],[-95.863839,41.083507],[-95.868688,41.124698],[-95.8618980682094,41.1603023482127],[-95.856788,41.187098],[-95.90969,41.184398],[-95.9099128702696,41.1914208374192],[-95.911391,41.237998],[-95.890152,41.278308],[-95.92569,41.322197],[-95.92879,41.370096],[-95.9273362423201,41.3899879374596],[-95.922529,41.455766],[-95.982962,41.469778],[-95.9940203930119,41.5068906409415],[-96.005079,41.544004],[-96.080493,41.528199],[-96.09182,41.561086],[-96.118105,41.613495],[-96.111483,41.668548],[-96.1079378717465,41.6765089897621],[-96.0876,41.72218],[-96.064537,41.793002],[-96.107911,41.840339],[-96.1268212534654,41.8660952477016],[-96.159098,41.910057],[-96.132537,41.974625],[-96.223611,42.022652],[-96.272877,42.047238],[-96.2689,42.11359],[-96.347752,42.166806],[-96.3372160947059,42.2148495068956],[-96.336323,42.218922],[-96.336003,42.264806],[-96.351957192496,42.2808947045433],[-96.407998,42.337408],[-96.411808,42.410894],[-96.381307,42.461694],[-96.445508,42.49063],[-96.501321,42.482749],[-96.525142,42.510234],[-96.611489,42.506088],[-96.6279454569017,42.5270961391418],[-96.658754,42.566426],[-96.7093,42.603753],[-96.697639,42.659143],[-96.778182,42.662993],[-96.801652,42.698774],[-96.8073706000982,42.700678985373],[-96.906797,42.7338],[-96.965679,42.724532],[-97.0156311127472,42.7565254624882],[-97.02485,42.76243],[-97.131331,42.771929],[-97.1650703923738,42.7916166414677],[-97.213957,42.820143],[-97.237868,42.853139],[-97.302075,42.86566],[-97.341181,42.855882],[-97.417066,42.865918],[-97.452177,42.846048],[-97.484916876342,42.8500032148679],[-97.515948,42.853752],[-97.59926,42.856229],[-97.6354420904415,42.8518090751855],[-97.70103,42.843797],[-97.801344,42.858003],[-97.857957,42.865093],[-97.876887,42.852663],[-97.905001,42.798872],[-97.950147,42.769619],[-98.035034,42.764205],[-98.1047,42.808475],[-98.14806,42.840013],[-98.1525866548382,42.8411533810637],[-98.231922,42.86114],[-98.280007,42.874996],[-98.3081868164513,42.8864892074256],[-98.386445,42.918407],[-98.434503,42.929227],[-98.478919,42.963539],[-98.49855,42.99856],[-98.847992,42.998255],[-99.2544550123166,42.9982209267867],[-99.534055014809,42.9981974883181],[-99.850037,42.998171],[-100.198412588721,42.9979768846442],[-100.198413799775,42.9979768839694],[-101.000429,42.99753],[-101.228013397794,42.9978687396475],[-102.082486319192,42.9991405485193],[-102.082548043072,42.99914064039],[-102.40864,42.999626],[-102.792110939839,43.0000362357704],[-103.000609526033,43.0002592867744],[-103.476133,43.000768],[-103.505099916029,43.0007588128236],[-104.053127,43.000585],[-104.052586,42.630917],[-104.052662191568,42.6117663005415],[-104.053107,42.499964],[-104.052793,42.249962],[-104.052729,42.016318],[-104.052762109856,42.0017302658048],[-104.053026,41.885464],[-104.052825094979,41.6978228532141],[-104.052735,41.613676],[-104.052634571633,41.5642757795737],[-104.052287,41.393307],[-104.052287134121,41.3932140001934],[-104.052453,41.278202],[-104.053142,41.114457]]]}},{"type":"Feature","properties":{"name":"<at><openparen>Nevada<closeparen>","STATEFP":"32","STATENS":"01779793","GEOIDFQ":"0400000US32","GEOID":"32","STUSPS":"NV","NAME":"Nevada","LSAD":"00","ALAND":"284537074263","AWATER":"1839852286"},"geometry":{"type":"Polygon","coordinates":[[[-120.004795512304,39.3164750119585],[-120.005142,39.291258],[-120.003364028833,39.1656267640688],[-120.002614842913,39.1126893740958],[-120.001975250867,39.0674958744683],[-120.001014,38.999574],[-119.904315,38.933324],[-119.587679,38.714734],[-119.585406144839,38.7131509006712],[-119.330366469799,38.5355095158185],[-119.279262,38.499914],[-119.155815824409,38.4134036584505],[-118.949673,38.26894],[-118.500958,37.949019],[-118.427995325157,37.8962242809098],[-118.022181,37.602583],[-117.833504044144,37.4649387662445],[-117.68061,37.353399],[-117.244917,37.030244],[-117.166000564031,36.9712075385903],[-117.000895,36.847694],[-116.488233,36.459097],[-116.375875,36.372562],[-116.093601,36.155805],[-115.892975,35.999967],[-115.846113922762,35.9635526731109],[-115.648032019625,35.8096292126029],[-115.647683,35.809358],[-115.404537,35.617605],[-115.303743,35.538207],[-115.160068,35.424129],[-115.043812,35.332012],[-114.948154366683,35.2552173238086],[-114.804249,35.139689],[-114.633487,35.001857],[-114.625069,35.068478],[-114.619905,35.121632],[-114.59912,35.12105],[-114.572747,35.138725],[-114.587129,35.262376],[-114.627137,35.409504],[-114.6645,35.449497],[-114.663105,35.524491],[-114.655967476877,35.5879979564327],[-114.653406,35.610789],[-114.689407,35.651412],[-114.697309,35.733686],[-114.70371,35.814585],[-114.669687,35.865084],[-114.700271,35.901772],[-114.731159,35.943916],[-114.742779,36.009963],[-114.743299245886,36.0659351737601],[-114.743342,36.070535],[-114.736165,36.104367],[-114.666538,36.117343],[-114.627855,36.141012],[-114.572031,36.15161],[-114.511721,36.150956],[-114.487034,36.129396],[-114.448654,36.12641],[-114.41695,36.145761],[-114.372106,36.143114],[-114.337273,36.10802],[-114.316109,36.063109],[-114.270645,36.03572],[-114.21369,36.015613],[-114.151725,36.024563],[-114.138203,36.053161],[-114.09987,36.121654],[-114.046838,36.194069],[-114.048226,36.268874],[-114.047584,36.325573],[-114.049493,36.604059],[-114.050160776088,36.8431415396894],[-114.0506,37.000396],[-114.051749,37.088434],[-114.051974,37.284511],[-114.052701,37.492014],[-114.052472,37.604776],[-114.051728,37.745997],[-114.049658,37.881368],[-114.049903,38.148601],[-114.049903375658,38.1487630266706],[-114.050138,38.24996],[-114.05012,38.404536],[-114.050154,38.57292],[-114.050153620806,38.5729752130034],[-114.049436705931,38.6773624568796],[-114.048054,38.878693],[-114.049104,39.005509],[-114.047079,39.499943],[-114.047181412926,39.5427436022297],[-114.047783,39.79416],[-114.047268153077,39.9060981137562],[-114.046386,40.097896],[-114.046372817373,40.1169358330122],[-114.046178,40.398313],[-114.045577,40.495801],[-114.043505,40.726292],[-114.042145146235,40.9998965772633],[-114.042145,40.999926],[-114.041447,41.207752],[-114.040231,41.49169],[-114.039901,41.753781],[-114.041723,41.99372],[-114.28179946722,41.9942138857579],[-114.281855,41.994214],[-114.598267,41.994511],[-114.89921,41.999909],[-115.038109752434,41.9986341156765],[-115.313877,41.996103],[-115.625914,41.997415],[-115.870181,41.996766],[-116.332763,41.997283],[-116.625947,41.997379],[-117.018203216741,41.9998398503691],[-117.026197,41.99989],[-117.197798,42.00038],[-117.403613,41.99929],[-117.623731,41.998467],[-117.873467,41.998335],[-118.197189,41.996995],[-118.197369215928,41.9969940811635],[-118.501002,41.995446],[-118.775869,41.992692],[-119.001022,41.993793],[-119.20828,41.993177],[-119.324184120439,41.9938756277933],[-119.360123119603,41.9940922549812],[-119.72573,41.996296],[-119.999168,41.99454],[-119.999276,41.874891],[-119.99828,41.618765],[-119.999866,41.183974],[-119.999231,40.865899],[-119.997533,40.720992],[-119.996155,40.32125],[-119.997124,40.126363],[-119.997634,39.956505],[-119.999935448085,39.7224069247242],[-120.00174,39.538852],[-120.003028919657,39.4450457761605],[-120.004795512304,39.3164750119585]]]}},{"type":"Feature","properties":{"name":"<at><openparen>New Hampshire<closeparen>","STATEFP":"33","STATENS":"01779794","GEOIDFQ":"0400000US33","GEOID":"33","STUSPS":"NH","NAME":"New Hampshire","LSAD":"00","ALAND":"23190733491","AWATER":"1025349624"},"geometry":{"type":"Polygon","coordinates":[[[-72.556112,42.866252],[-72.5396,42.804832],[-72.477615,42.761245],[-72.458519,42.726853],[-72.2830340925109,42.722010250624],[-72.124526,42.717636],[-72.1110573073528,42.7172679403547],[-71.9290300590535,42.7122936725326],[-71.8987687719366,42.7114667208088],[-71.745817,42.707287],[-71.636214,42.704888],[-71.351874,42.698154],[-71.294205,42.69699],[-71.255605,42.736389],[-71.2551101218106,42.7363970532872],[-71.2453840329207,42.7365553285746],[-71.181803,42.73759],[-71.186104,42.790689],[-71.149703,42.815489],[-71.1163750121775,42.8119029144351],[-71.064201,42.806289],[-71.0487164136986,42.8310643380822],[-71.031201,42.859089],[-70.9665,42.868989],[-70.930799,42.884589],[-70.86475,42.870258],[-70.817296,42.87229],[-70.8096545528256,42.8935836747146],[-70.8014801553857,42.9163624698957],[-70.798636,42.924288],[-70.765222,42.975349],[-70.735477,43.012201],[-70.703818,43.059825],[-70.756397,43.079988],[-70.819549285713,43.1232309734312],[-70.8281,43.129086],[-70.824801,43.179685],[-70.813119,43.217252],[-70.872585,43.270152],[-70.923949,43.324768],[-70.984335,43.376128],[-70.968359,43.429283],[-70.954755,43.509802],[-70.9637926798064,43.5402209553665],[-70.972716,43.570255],[-70.981946,43.70096],[-70.987258046746,43.7929735928842],[-70.989929,43.839239],[-71.001367,44.092931],[-71.008736,44.258825],[-71.0102711678683,44.284888321572],[-71.01127,44.301846],[-71.022992,44.500058],[-71.036705,44.736498],[-71.057861,45.000049],[-71.083924,45.305451],[-71.109349,45.282222],[-71.13943,45.242958],[-71.182587,45.241069],[-71.244499,45.268139],[-71.283684,45.301977],[-71.360664,45.269835],[-71.438546,45.239004],[-71.405636,45.198139],[-71.419058,45.170488],[-71.448678,45.109001],[-71.498399,45.069629],[-71.501088,45.013377],[-71.531605,44.976023],[-71.494403,44.911837],[-71.522393,44.880811],[-71.570402,44.805276],[-71.626909,44.747224],[-71.584574,44.665351],[-71.551722,44.627598],[-71.544922,44.579278],[-71.588076,44.54785],[-71.579974,44.501778],[-71.646551,44.468869],[-71.69092,44.421234],[-71.7631925213134,44.4035682627764],[-71.778613,44.399799],[-71.818838,44.352939],[-71.8378392792652,44.3477512592393],[-71.875863,44.33737],[-71.945163,44.337744],[-72.002314,44.324871],[-72.046302,44.291983],[-72.05399,44.246926],[-72.061338,44.184951],[-72.053859587702,44.1599265291283],[-72.036883,44.103119],[-72.075486,44.034614],[-72.116706,43.991954],[-72.105875,43.94937],[-72.16978,43.873425],[-72.183333,43.808177],[-72.2114826490853,43.7730437148214],[-72.222069,43.759831],[-72.284805,43.72036],[-72.329522,43.608393],[-72.3335965013563,43.6055913415891],[-72.37944,43.574069],[-72.380894,43.493394],[-72.413377,43.362741],[-72.402532,43.32038],[-72.421583,43.263442],[-72.4336262531276,43.2328655889508],[-72.440563,43.215254],[-72.4503959392159,43.1612135169064],[-72.451802,43.153486],[-72.435191,43.086622],[-72.462248,43.044214],[-72.444977,43.004416],[-72.492597,42.967648],[-72.532186,42.954945],[-72.531469,42.89795],[-72.556112,42.866252]]]}},{"type":"Feature","properties":{"name":"<at><openparen>New Jersey<closeparen>","STATEFP":"34","STATENS":"01779795","GEOIDFQ":"0400000US34","GEOID":"34","STUSPS":"NJ","NAME":"New Jersey","LSAD":"00","ALAND":"19049443028","AWATER":"3533161265"},"geometry":{"type":"Polygon","coordinates":[[[-75.559446,39.629812],[-75.543965,39.596],[-75.512732,39.578],[-75.527676,39.535278],[-75.528088,39.498114],[-75.536431,39.460559],[-75.465212,39.43893],[-75.442393,39.402291],[-75.4171070774881,39.3889106867137],[-75.399304,39.37949],[-75.355558,39.347823],[-75.326754,39.332473],[-75.285333,39.292212],[-75.244357,39.2857],[-75.21251,39.262755],[-75.166667,39.222577],[-75.136667,39.181883],[-75.090794,39.210802],[-75.048487,39.215222],[-74.998002,39.191253],[-74.9151558055627,39.1766975035188],[-74.905181,39.174945],[-74.885914,39.143627],[-74.903664,39.087437],[-74.955363,39.001262],[-74.967274,38.933413],[-74.933571,38.928519],[-74.864458,38.94041],[-74.807917,38.985948],[-74.778777,39.023073],[-74.705876,39.102937],[-74.714341,39.119804],[-74.67143,39.179802],[-74.646595,39.212002],[-74.581008,39.270819],[-74.5407878555825,39.3000254911844],[-74.521797,39.313816],[-74.412692,39.360816],[-74.36699,39.402017],[-74.304343,39.471445],[-74.3006975948254,39.4818057455425],[-74.291585,39.507705],[-74.190974,39.625118],[-74.101443,39.756173],[-74.0924096209922,39.7938665766277],[-74.090945,39.799978],[-74.077247,39.910991],[-74.076911808935,39.9127335742937],[-74.064135,39.979157],[-74.0349623822635,40.1025843059482],[-74.030181,40.122814],[-74.007636380237,40.1956061612582],[-73.981681,40.279411],[-73.971381,40.34801],[-73.976982,40.408508],[-73.997943,40.476668],[-74.019334,40.471244],[-74.047884,40.418908],[-74.108295,40.443788],[-74.157094,40.447571],[-74.206188,40.440707],[-74.2246524660147,40.4486624894865],[-74.261889,40.464706],[-74.260611,40.502436],[-74.249211,40.545064],[-74.216839,40.558618],[-74.203688,40.592691],[-74.2036686021776,40.5932053855576],[-74.202247,40.630903],[-74.2001860628537,40.6318401804838],[-74.170611,40.645289],[-74.1601467831532,40.6460765164448],[-74.086806,40.651596],[-74.0710905992628,40.6670634911162],[-74.067720330319,40.6703805942445],[-74.047313,40.690466],[-74.0470400238482,40.6910044377047],[-74.0294745361997,40.7256518630867],[-74.0195090269308,40.7453085470169],[-74.013784,40.756601],[-73.9845857755727,40.7975527523865],[-73.9712111786194,40.8163111938137],[-73.968082,40.8207],[-73.9654070011692,40.8255147482372],[-73.9649687823477,40.8263035012169],[-73.9532150549994,40.8474591134658],[-73.9450156392176,40.8622172966197],[-73.938081,40.874699],[-73.9348922281485,40.8826498616415],[-73.9204843942222,40.9185742549309],[-73.90728,40.951498],[-73.893979,40.997197],[-74.041054,41.059088],[-74.2116176431986,41.1329813635363],[-74.234473,41.142883],[-74.2344924405545,41.1428915543507],[-74.301994,41.172594],[-74.3670382614474,41.2042114724438],[-74.457584,41.248225],[-74.694914,41.357423],[-74.760325,41.340325],[-74.815703,41.296151],[-74.867405,41.22777],[-74.8793333807378,41.2050477441029],[-74.905256,41.155668],[-74.979873,41.110423],[-74.9830420742478,41.1060175588568],[-74.9923859951822,41.0930282469934],[-75.015271,41.061215],[-75.070532,41.01862],[-75.133086,40.980179],[-75.1232539442085,40.9653055343877],[-75.09772,40.926679],[-75.065438,40.885682],[-75.090962,40.849187],[-75.108505,40.791094],[-75.177477,40.764225],[-75.192612,40.715874],[-75.191059,40.637971],[-75.1892364013559,40.6090569611221],[-75.1881998781252,40.5926133666486],[-75.186737,40.569406],[-75.136748,40.575731],[-75.078503,40.548296],[-75.062227,40.481391],[-75.070568,40.455165],[-75.056102,40.416066],[-75.024775,40.403455],[-74.969597,40.39977],[-74.946006,40.357306],[-74.9281105690914,40.3398284476893],[-74.90331,40.315607],[-74.856508,40.277407],[-74.823907,40.241508],[-74.760605,40.198909],[-74.7484976572578,40.184908614104],[-74.721604,40.15381],[-74.7233792971515,40.1528955462317],[-74.769488,40.129145],[-74.825907,40.12391],[-74.863809,40.08221],[-74.932211,40.068411],[-74.9731758798159,40.046332290708],[-74.989914,40.037311],[-75.059017,39.992512],[-75.0607519886792,39.9917310058102],[-75.11922,39.965412],[-75.13572,39.947112],[-75.135548101392,39.9433078838052],[-75.1342656240616,39.9149266604838],[-75.13342,39.896213],[-75.1407939068226,39.8941020495155],[-75.183023,39.882013],[-75.211394924927,39.8664092625395],[-75.221025,39.861113],[-75.2572734800476,39.8549350617895],[-75.293376,39.848782],[-75.341765,39.846082],[-75.4104924776371,39.8046722343221],[-75.415062,39.801919],[-75.459439,39.765813],[-75.47764,39.715013],[-75.509742,39.686113],[-75.535144,39.647212],[-75.559446,39.629812]]]}},{"type":"Feature","properties":{"name":"<at><openparen>New Mexico<closeparen>","STATEFP":"35","STATENS":"00897535","GEOIDFQ":"0400000US35","GEOID":"35","STUSPS":"NM","NAME":"New Mexico","LSAD":"00","ALAND":"314198529853","AWATER":"726526491"},"geometry":{"type":"Polygon","coordinates":[[[-109.049195,31.796551],[-109.050044,31.332502],[-108.861028,31.332315],[-108.707657,31.333191],[-108.208573,31.333395],[-108.208572,31.499742],[-108.208394,31.783599],[-107.422246,31.783599],[-107.296792996712,31.7836253371067],[-106.993544,31.783689],[-106.531731,31.78391],[-106.528242,31.783148],[-106.581344,31.813906],[-106.63588,31.871514],[-106.623445,31.914034],[-106.630114,31.971258],[-106.618486,32.000495],[-106.513986060717,32.0008176642324],[-106.377173188247,32.0012401010375],[-106.200699,32.001785],[-105.997971151664,32.001974590699],[-105.750527,32.002206],[-105.153994,32.000497],[-104.91835699428,32.0004720730735],[-104.84774,32.000464602835],[-104.643526,32.000443],[-104.024521,32.00001],[-103.980213477381,32.0000328513626],[-103.722881979148,32.0001655686764],[-103.326501,32.00037],[-103.064423,32.000518],[-103.064422401106,32.087051],[-103.064422,32.145006],[-103.064696,32.522193],[-103.064761,32.587983],[-103.064829054562,32.7269504153502],[-103.064889,32.849359],[-103.063468888475,32.9591063818305],[-103.060103,33.219225],[-103.056495064338,33.3884142146206],[-103.052610516564,33.5705747764422],[-103.05261,33.570599],[-103.047346,33.824675],[-103.043516,34.079382],[-103.043835830165,34.302648],[-103.043850301172,34.3127498735079],[-103.043946,34.379555],[-103.043072,34.619782],[-103.042769,34.747361],[-103.042738818608,34.9541420403614],[-103.042711,35.144735],[-103.042617950565,35.1831572590084],[-103.041554,35.622487],[-103.041356721818,35.7394335063487],[-103.040824,36.055231],[-103.041924,36.500439],[-103.002434,36.500397],[-103.002188,36.602716],[-103.002518,36.675186],[-103.001964,36.909573],[-103.002199,37.000104],[-103.086101075631,36.9998643611064],[-103.733247,36.998016],[-104.007849409613,36.9959840947091],[-104.338833,36.993535],[-104.732031,36.993447],[-105.1208,36.995428],[-105.155042748048,36.9954744456106],[-105.220505200781,36.9955632364865],[-105.251296,36.995605],[-105.41931,36.995856],[-105.533922,36.995875],[-105.716471,36.995849],[-105.718469683991,36.995845927301],[-105.997472,36.995417],[-106.006316410798,36.9953866288173],[-106.343139,36.99423],[-106.476233588828,36.9937741005469],[-106.869796,36.992426],[-106.877292,37.000139],[-107.420913,37.000005],[-107.481736999155,37.0000045803143],[-108.000623,37.000001],[-108.379302950094,36.9995646863115],[-108.620309,36.999287],[-109.045223,36.999084],[-109.045433,36.874589],[-109.045729,36.117028],[-109.045871168205,36.002701630519],[-109.046024,35.8798],[-109.046296,35.614251],[-109.046796,35.363606],[-109.046355894384,35.1755071883512],[-109.045851235183,34.9598185158367],[-109.045851,34.959718],[-109.046138935363,34.5792910128179],[-109.046182,34.522393],[-109.046426,33.875052],[-109.046609005136,33.7774067975977],[-109.047298,33.409783],[-109.047237,33.208965],[-109.047236980528,33.2088950007083],[-109.04711706231,32.7777940009477],[-109.047117,32.77757],[-109.047612,32.426377],[-109.048296,32.084093],[-109.049195,31.796551]]]}},{"type":"Feature","properties":{"name":"<at><openparen>New York<closeparen>","STATEFP":"36","STATENS":"01779796","GEOIDFQ":"0400000US36","GEOID":"36","STUSPS":"NY","NAME":"New York","LSAD":"00","ALAND":"122049344560","AWATER":"19256566831"},"geometry":{"type":"MultiPolygon","coordinates":[[[[-72.018926,41.274114],[-72.034754,41.234818],[-71.917281,41.251333],[-71.926802,41.290122],[-72.018926,41.274114]]],[[[-79.761951,42.26986],[-79.762122,42.131246],[-79.761313,41.998808],[-79.6108357749867,41.9985199041084],[-79.472472,41.998255],[-79.0612581876299,41.9988381187249],[-78.983065,41.998949],[-78.9188983633788,41.9991031002259],[-78.59665,41.999877],[-78.3081443402607,41.9990711776986],[-78.271204,41.998968],[-78.2063790981571,41.9990887227984],[-78.031177,41.999415],[-77.83203,41.998524],[-77.749932223724,41.9987554366682],[-77.610020114476,41.9991498540796],[-77.007635,42.000848],[-76.9657915095295,42.0007834917859],[-76.9269253205306,42.0007235735426],[-76.558118,42.000155],[-76.5576987221493,42.0001496652537],[-76.462155,41.998934],[-76.1455189947821,41.998866463308],[-76.10584,41.998858],[-75.870677,41.998828],[-75.4831402165408,41.9993981778444],[-75.477144,41.999407],[-75.3599310768702,41.9936893594868],[-75.341125,41.992772],[-75.291762,41.947092],[-75.263005,41.885109],[-75.190203,41.862454],[-75.1452931756179,41.8497375185041],[-75.113369,41.840698],[-75.074412,41.802191],[-75.053431,41.752538],[-75.049281,41.641862],[-75.0461986059117,41.6037640199027],[-75.043879,41.575094],[-74.982463,41.496467],[-74.890358,41.455324],[-74.799546,41.43129],[-74.7562718347252,41.4276274285434],[-74.734893,41.425818],[-74.694914,41.357423],[-74.457584,41.248225],[-74.3670382614474,41.2042114724438],[-74.301994,41.172594],[-74.2344924405545,41.1428915543507],[-74.234473,41.142883],[-74.2116176431986,41.1329813635363],[-74.041054,41.059088],[-73.893979,40.997197],[-73.90728,40.951498],[-73.9204843942222,40.9185742549309],[-73.9348922281485,40.8826498616415],[-73.938081,40.874699],[-73.9450156392176,40.8622172966197],[-73.9532150549994,40.8474591134658],[-73.9649687823477,40.8263035012169],[-73.9654070011692,40.8255147482372],[-73.968082,40.8207],[-73.9712111786194,40.8163111938137],[-73.9845857755727,40.7975527523865],[-74.013784,40.756601],[-74.0195090269308,40.7453085470169],[-74.0294745361997,40.7256518630867],[-74.0470400238482,40.6910044377047],[-74.047313,40.690466],[-74.067720330319,40.6703805942445],[-74.0710905992628,40.6670634911162],[-74.086806,40.651596],[-74.1601467831532,40.6460765164448],[-74.170611,40.645289],[-74.2001860628537,40.6318401804838],[-74.202247,40.630903],[-74.2036686021776,40.5932053855576],[-74.203688,40.592691],[-74.216839,40.558618],[-74.249211,40.545064],[-74.260611,40.502436],[-74.199923,40.511729],[-74.112585,40.547603],[-74.057316,40.597546],[-74.0379705239158,40.5895708663395],[-74.0365576544541,40.5889884137416],[-73.991346,40.57035],[-73.9737917702446,40.5608547025179],[-73.940591,40.542896],[-73.8254940011311,40.5761495789939],[-73.774928,40.590759],[-73.7506217216563,40.5893197671277],[-73.640902,40.582823],[-73.507325,40.593411],[-73.4848683943471,40.5987548537601],[-73.4241151206597,40.6132119188686],[-73.351465,40.6305],[-73.306396,40.620756],[-73.20844,40.630884],[-73.012545,40.679651],[-72.923214,40.713282],[-72.8078157852932,40.7487894102986],[-72.757176,40.764371],[-72.39585,40.86666],[-72.298727,40.903151],[-72.097369,40.95888],[-71.936977,41.006137],[-71.856214,41.070598],[-71.919385,41.080517],[-71.959595,41.071237],[-72.051928,41.020506],[-72.095711,41.05402],[-72.084207,41.101524],[-72.126704,41.115139],[-72.162898,41.053187],[-72.217476,41.040611],[-72.283093,41.067874],[-72.254704,41.110852],[-72.182033,41.178345],[-72.189163,41.193549],[-72.291109,41.155874],[-72.354123,41.139952],[-72.389809,41.108304],[-72.445242,41.086116],[-72.504305,41.043329],[-72.585327,40.997587],[-72.708069,40.977851],[-72.859831,40.966088],[-73.040445,40.964498],[-73.110368,40.971938],[-73.144673,40.955842],[-73.148994,40.928898],[-73.229285,40.905121],[-73.33136,40.929597],[-73.392862,40.955297],[-73.4296313554143,40.9381723287418],[-73.436664,40.934897],[-73.485365,40.946397],[-73.4973510386263,40.9231822732944],[-73.499941,40.918166],[-73.617571,40.897898],[-73.654372,40.878199],[-73.713674,40.870099],[-73.7411972449486,40.8758545928374],[-73.766276,40.881099],[-73.756776,40.912599],[-73.697974,40.939598],[-73.657336,40.985171],[-73.659362,41.004034],[-73.659533,41.017857],[-73.7060285207249,41.0742979372722],[-73.727775,41.100696],[-73.482709,41.21276],[-73.550961,41.295422],[-73.5441352908263,41.3664850865317],[-73.5431473462655,41.3767706682974],[-73.536969,41.441094],[-73.5296777143013,41.5271610211283],[-73.5218340787912,41.6197480313024],[-73.520017,41.641197],[-73.5179187906383,41.66672053071],[-73.505008,41.823773],[-73.487314,42.049638],[-73.4896799420321,42.0537977095867],[-73.508142,42.086257],[-73.352527,42.510002],[-73.264957,42.74594],[-73.290944,42.80192],[-73.278673,42.83341],[-73.2784918232505,42.8375357896173],[-73.273832807021,42.9436317475265],[-73.26978,43.035923],[-73.2553649410914,43.3145364556694],[-73.252832,43.363493],[-73.242042,43.534925],[-73.292113,43.584509],[-73.327702,43.625913],[-73.395767,43.568087],[-73.424977,43.598775],[-73.414546,43.658209],[-73.393723,43.6992],[-73.3611071516843,43.7532334572839],[-73.350707,43.770463],[-73.3825261495399,43.8081589885495],[-73.390302,43.817371],[-73.374051,43.875563],[-73.407742,43.929887],[-73.411248,43.975596],[-73.405977,44.011485],[-73.43688,44.042578],[-73.416319,44.099422],[-73.395399,44.166903],[-73.349889,44.230356],[-73.316618,44.257769],[-73.3174559746651,44.2635221898768],[-73.324229,44.310023],[-73.334637,44.356877],[-73.320954,44.382669],[-73.293613,44.440559],[-73.312871,44.507246],[-73.3479832324265,44.546162853597],[-73.3636601533155,44.5635384629765],[-73.367275,44.567545],[-73.389966,44.61962],[-73.36556,44.700297],[-73.357671,44.751018],[-73.33443,44.802188],[-73.365678,44.826451],[-73.379822,44.857037],[-73.338979,44.917681],[-73.34474,44.970468],[-73.343124,45.01084],[-73.639718,45.003464],[-73.874597,45.001223],[-74.0274312115718,44.9973653643332],[-74.234136,44.992148],[-74.436934,44.996177],[-74.611048,44.999203],[-74.6447393198257,44.9970275604167],[-74.725813431619,44.9917926265259],[-74.74464,44.990577],[-74.834669,45.014683],[-74.907956,44.983359],[-74.992756,44.977449],[-75.005155,44.958402],[-75.066245,44.930174],[-75.142958,44.900237],[-75.255517,44.857651],[-75.333744,44.806378],[-75.423943,44.756329],[-75.567413,44.658709],[-75.76623,44.515851],[-75.807778,44.471644],[-75.834126,44.422433],[-75.861341562052,44.4051473192277],[-75.94954,44.349129],[-76.000998,44.347534],[-76.097351,44.299547],[-76.161833,44.280777],[-76.164265,44.239603],[-76.206777,44.214543],[-76.286547,44.203773],[-76.334584,44.164945],[-76.355679,44.133258],[-76.370706,44.100499],[-76.361836,44.072721],[-76.37556,44.031536],[-76.307674,44.025277],[-76.279314,43.972462],[-76.412138,43.925676],[-76.441848,43.882864],[-76.361037,43.872585],[-76.296758,43.857079],[-76.229268,43.804135],[-76.213205,43.753513],[-76.2014825473857,43.6802859602237],[-76.196596,43.649761],[-76.203473,43.574978],[-76.235834,43.529256],[-76.319701,43.512275],[-76.368849,43.525822],[-76.417581,43.521285],[-76.515882,43.471136],[-76.6172137325776,43.4201755544656],[-76.630774,43.413356],[-76.684856,43.352691],[-76.7220025657128,43.3375801959814],[-76.769025,43.318452],[-76.841675,43.305399],[-76.952174,43.270692],[-76.999691,43.271456],[-77.130429,43.285635],[-77.264177,43.277363],[-77.341092,43.280661],[-77.3760519959534,43.274033763487],[-77.50092,43.250363],[-77.551022,43.235763],[-77.660359,43.282998],[-77.760231,43.341161],[-77.816533,43.34356],[-77.994838,43.365259],[-77.9955897949384,43.3653102556776],[-78.145195,43.37551],[-78.329374,43.373149],[-78.4655511875961,43.3708954221664],[-78.547395,43.369541],[-78.834061,43.317555],[-79.070469,43.262454],[-79.052868,43.222054],[-79.044567,43.153255],[-79.0552784833818,43.1337648809955],[-79.060206,43.124799],[-79.074467,43.077855],[-79.0195778848943,43.0662964678904],[-79.018246,43.066016],[-79.00545,43.057231],[-79.019964,42.994756],[-78.961761,42.957756],[-78.927957,42.952922],[-78.909159,42.933257],[-78.912458,42.886557],[-78.882557,42.867258],[-78.865656,42.826758],[-78.8568849923499,42.8052919998773],[-78.851355,42.791758],[-78.904843,42.746121],[-78.972378,42.715991],[-79.04886,42.689158],[-79.06376,42.644758],[-79.111361,42.613358],[-79.1359444040215,42.5691787099736],[-79.138569,42.564462],[-79.193232,42.545881],[-79.283364,42.511228],[-79.381943,42.466491],[-79.453533,42.411157],[-79.627484,42.324686],[-79.761951,42.26986]]]]}},{"type":"Feature","properties":{"name":"<at><openparen>North Carolina<closeparen>","STATEFP":"37","STATENS":"01027616","GEOIDFQ":"0400000US37","GEOID":"37","STUSPS":"NC","NAME":"North Carolina","LSAD":"00","ALAND":"125935547374","AWATER":"13453873497"},"geometry":{"type":"Polygon","coordinates":[[[-84.2865983787409,35.2057582184959],[-84.321869,34.988408],[-84.1294469626359,34.9879469539553],[-84.0053367334383,34.9876495840123],[-83.936646,34.987485],[-83.936427344252,34.9874843833797],[-83.619985,34.986592],[-83.5491807535047,34.988803195914],[-83.4828732042907,34.9908739612868],[-83.322768,34.995874],[-83.108606,35.000659],[-83.108399912205,35.0007130457328],[-83.0084105925124,35.0269348608162],[-82.897559231248,35.0560052045865],[-82.897499,35.056021],[-82.783283,35.0856],[-82.7617976610408,35.0818284636457],[-82.746431,35.079131],[-82.68604,35.124545],[-82.5777151484413,35.1464753478475],[-82.53256,35.155617],[-82.455609,35.177425],[-82.411301,35.202483],[-82.3531752729195,35.1987141296007],[-82.3133570690064,35.196132318454],[-82.295354,35.194965],[-82.215996376597,35.1932531051427],[-82.1058516370446,35.1908770736399],[-82.039651,35.189449],[-81.9693584012576,35.1869270884005],[-81.8744102050921,35.183520599502],[-81.7681344077739,35.1797077063839],[-81.494265,35.169882],[-81.3676041320777,35.1640921256134],[-81.3280909892918,35.1622859155574],[-81.04287,35.149248],[-81.0423024501386,35.1467686494682],[-81.036759,35.122552],[-81.058029,35.07319],[-81.041489,35.044703],[-80.93495,35.107409],[-80.9061786627212,35.0751154751148],[-80.8405485676148,35.0014509426323],[-80.782042,34.935782],[-80.796997,34.823874],[-80.5617085493824,34.8174824003365],[-80.561657,34.817481],[-80.3208325711298,34.813620821544],[-80.077223,34.809716],[-79.927398038772,34.807862590631],[-79.9246842531364,34.8078290197515],[-79.6929463837093,34.8049623069232],[-79.675299,34.804744],[-79.4617910310013,34.6300306785915],[-79.4502772890434,34.6206089970087],[-79.358317,34.545358],[-79.1083782887823,34.3311325283704],[-79.0712542010482,34.2993130268419],[-79.0712436122253,34.2993039510346],[-79.071169,34.29924],[-78.81171,34.081006],[-78.6508712805333,33.9450557205328],[-78.615932,33.915523],[-78.541087,33.851112],[-78.383964,33.901946],[-78.276147,33.912364],[-78.136952,33.912178],[-78.018689,33.888289],[-78.006765,33.858704],[-77.960172,33.853315],[-77.9348271350857,33.9205485057973],[-77.915536,33.971723],[-77.8854550755211,34.038240984853],[-77.829209,34.162618],[-77.764022,34.245641],[-77.7135131704588,34.2902471866868],[-77.635034,34.359555],[-77.5152165445848,34.4373849694266],[-77.462922,34.471354],[-77.322524,34.535574],[-77.240991,34.587507],[-77.136843,34.632926],[-77.1129643930768,34.6380928323915],[-76.906257,34.68282],[-76.726969,34.69669],[-76.618719,34.67255],[-76.553806,34.628252],[-76.535946,34.588577],[-76.450454,34.71445],[-76.386804,34.784579],[-76.31021,34.852309],[-76.233088,34.905477],[-76.137269,34.987858],[-76.013145,35.061855],[-75.912985,35.1196],[-75.757916,35.183079],[-75.7495614239622,35.1856163621922],[-75.635493,35.22026],[-75.533627,35.225825],[-75.486771,35.391652],[-75.458659,35.596597],[-75.496086,35.728515],[-75.51901,35.769087],[-75.569794,35.863301],[-75.658537,36.02043],[-75.71831,36.113674],[-75.7706514625597,36.2320803070508],[-75.79641,36.290351],[-75.838437,36.434897],[-75.867044,36.550754],[-76.02675,36.550553],[-76.1223499470101,36.5505523325541],[-76.313215,36.550551],[-76.3133029682603,36.550551089807],[-76.4914825754723,36.5507329938364],[-76.5419658657183,36.5507845323601],[-76.738329,36.550985],[-76.9157318023497,36.5460897693389],[-76.9160376328562,36.5460813302903],[-76.917318,36.546046],[-77.0716192313025,36.5461127292585],[-77.1643226037182,36.5461528198479],[-77.190175,36.546164],[-77.2989182850567,36.546038840401],[-77.749706,36.54552],[-77.7671039699267,36.5454424093355],[-77.8997741360467,36.5448507330424],[-78.0462083043603,36.5441976726866],[-78.132911,36.543811],[-78.323718509559,36.5424213915586],[-78.4572778962559,36.5414487083995],[-78.509965,36.541065],[-78.7341228011172,36.5416087348408],[-78.7962739551405,36.5417594935816],[-78.942009,36.542113],[-79.1383358988714,36.5416382700559],[-79.2184554959223,36.5414445361761],[-79.3431159193695,36.5411430999685],[-79.4700566739243,36.5408361497866],[-79.510647,36.540738],[-79.5136476625086,36.5407482050707],[-79.714850811052,36.5414324847413],[-80.027269,36.542495],[-80.0273389151412,36.5424953856142],[-80.0534550433501,36.5426394280866],[-80.295243,36.543973],[-80.431605,36.550219],[-80.4403427430004,36.5506059569159],[-80.6121887881246,36.5582162763804],[-80.704831,36.562319],[-80.840213077246,36.5619284516373],[-80.901661118921,36.561751187168],[-80.901726,36.561751],[-81.061866,36.56702],[-81.176712,36.571926],[-81.3532212246022,36.5762382311564],[-81.499831,36.57982],[-81.677535,36.588117],[-81.699962,36.536829],[-81.695311,36.467912],[-81.734312,36.413342],[-81.7253728028917,36.3897385587113],[-81.705966,36.338496],[-81.768977,36.341042],[-81.833202,36.347339],[-81.908137,36.302013],[-81.9184444729048,36.2873579173821],[-81.9343692444926,36.2647162043798],[-81.960101,36.228131],[-82.02874,36.124322],[-82.080143,36.10572],[-82.0811489171324,36.1056921143326],[-82.127146,36.104417],[-82.140847,36.136216],[-82.211251,36.159012],[-82.2202530102866,36.1538200398431],[-82.26569,36.127614],[-82.297655,36.13351],[-82.346857,36.115209],[-82.409458,36.083409],[-82.4169375946732,36.0729700107085],[-82.464558,36.006508],[-82.5080076597225,35.9820132054415],[-82.557874,35.953901],[-82.610885,35.974442],[-82.595525,36.026012],[-82.6057036107936,36.0371988635619],[-82.628365,36.062105],[-82.725065,36.018204],[-82.779397,35.992511],[-82.787465,35.952163],[-82.81613,35.923986],[-82.860724,35.94743],[-82.8937514184314,35.9338572697089],[-82.910608,35.92693],[-82.899718,35.874602],[-82.937437,35.82732],[-82.9666497428986,35.795445979574],[-82.978414,35.78261],[-83.04853,35.787706],[-83.097193,35.776067],[-83.161537,35.763363],[-83.198267,35.725494],[-83.255351,35.71623],[-83.2561415523036,35.7151240626578],[-83.26474416829,35.7030894961701],[-83.297154,35.65775],[-83.347262,35.660474],[-83.421576,35.611186],[-83.452431,35.602918],[-83.498335,35.562981],[-83.587827,35.566963],[-83.653159,35.568309],[-83.6629119015893,35.5677997932083],[-83.771736,35.562118],[-83.848502,35.519259],[-83.916801,35.473612],[-83.9532313801504,35.4600208895767],[-83.9589178345639,35.4578994395799],[-83.973171,35.452582],[-84.021782,35.407418],[-84.007586,35.371661],[-84.038081,35.348363],[-84.02351,35.295783],[-84.0291044137725,35.2921237764939],[-84.097508,35.247382],[-84.178516,35.240679],[-84.223718,35.269078],[-84.28322,35.226577],[-84.2865983787409,35.2057582184959]]]}},{"type":"Feature","properties":{"name":"<at><openparen>North Dakota<closeparen>","STATEFP":"38","STATENS":"01779797","GEOIDFQ":"0400000US38","GEOID":"38","STUSPS":"ND","NAME":"North Dakota","LSAD":"00","ALAND":"178694402328","AWATER":"4414688315"},"geometry":{"type":"Polygon","coordinates":[[[-104.048736,48.999877],[-104.0489,48.847387],[-104.048087180484,48.6339103786847],[-104.047555,48.49414],[-104.046782142047,48.3892980643109],[-104.045692,48.241415],[-104.044093214262,47.9960981889019],[-104.044093106669,47.9960816799606],[-104.043933,47.971515],[-104.042384,47.803256],[-104.043912,47.603229],[-104.044976739577,47.3970647144107],[-104.045313,47.331955],[-104.045308341358,47.3301401263698],[-104.044788,47.12743],[-104.045542,46.933887],[-104.045572,46.713881],[-104.045385111108,46.6415039321916],[-104.045125235308,46.5408609881557],[-104.045045,46.509788],[-104.045469,46.324545],[-104.045465951587,46.2800809626881],[-104.045443,45.94531],[-103.660779,45.945241],[-103.434851,45.945291],[-103.218396,45.945208],[-102.995248020853,45.9451162711238],[-102.942069961191,45.9450944113531],[-102.880252,45.945069],[-102.704871,45.945072],[-102.550947,45.945015],[-102.32823,45.944806],[-102.087555,45.944598],[-102.000679921018,45.9445383927274],[-101.998733079552,45.9445370569484],[-101.794606,45.944397],[-101.557276,45.9441],[-101.365283,45.944092],[-101.106826,45.943984],[-100.76211,45.943767],[-100.511949026151,45.9436540704345],[-100.511793,45.943654],[-100.499354215384,45.9436319988143],[-100.294126,45.943269],[-100.152084,45.942486],[-99.880292,45.941672],[-99.8800619701871,45.9416709152146],[-99.718073,45.940907],[-99.61116,45.941098],[-99.490254,45.940362],[-99.34496,45.940299],[-99.092868,45.940184],[-99.0057543501525,45.9399443091284],[-99.005642,45.939944],[-98.7243744138881,45.9386747332615],[-98.625379,45.938228],[-98.414518,45.936504],[-98.070515,45.93618],[-98.0081017982778,45.9360126290493],[-97.9787778096234,45.9359339920987],[-97.77704,45.935393],[-97.542598,45.935258],[-97.228291,45.9356565956461],[-97.082093,45.935842],[-96.563672,45.935245],[-96.574264,46.016545],[-96.572697494194,46.0218916713577],[-96.554507,46.083978],[-96.59567,46.21985],[-96.60104,46.319554],[-96.647296,46.358499],[-96.709095,46.435294],[-96.744436,46.56596],[-96.7857861825985,46.6295908492609],[-96.7897865130498,46.6357466727167],[-96.790523,46.63688],[-96.786845,46.692805],[-96.788803,46.777575],[-96.763973,46.912507],[-96.833504,47.01011],[-96.819078,47.081152],[-96.8265691272283,47.150539],[-96.8360095945419,47.2379818754871],[-96.84022,47.276981],[-96.85748,47.440457],[-96.8559593490532,47.499173229529],[-96.854073,47.57201],[-96.882376,47.649025],[-96.8934933013398,47.6721269594437],[-96.928506,47.744884],[-96.996364,47.844398],[-97.037354,47.933279],[-97.068987,48.026267],[-97.105616,48.091362],[-97.146745,48.168556],[-97.1458449594749,48.1732234829905],[-97.1418970728279,48.193696665318],[-97.129533,48.257815],[-97.137904,48.344585],[-97.139173,48.430528],[-97.149122,48.532305],[-97.1481034661336,48.5407440461867],[-97.1477235683009,48.5438916836506],[-97.142915,48.583733],[-97.100009,48.667926],[-97.121253,48.713593],[-97.152588,48.772602],[-97.187362,48.867598],[-97.227854,48.945864],[-97.229039,49.000687],[-97.77575,49.000574],[-97.9500120193004,49.000515184076],[-98.869037,49.000205],[-98.9998170456132,48.9999862727847],[-99.376068,48.999357],[-99.5257738863997,48.9992712488674],[-99.91378,48.999049],[-100.182606092555,48.9992301566536],[-100.431676,48.999398],[-101.125434,48.999078],[-101.496550279613,48.9991448003959],[-101.625438,48.999168],[-102.021217638045,48.998756534494],[-102.216993,48.998553],[-102.850455,48.999431],[-102.938957018364,48.9993500857184],[-103.375467,48.998951],[-104.048736,48.999877]]]}},{"type":"Feature","properties":{"name":"<at><openparen>Ohio<closeparen>","STATEFP":"39","STATENS":"01085497","GEOIDFQ":"0400000US39","GEOID":"39","STUSPS":"OH","NAME":"Ohio","LSAD":"00","ALAND":"105824499476","AWATER":"10273857263"},"geometry":{"type":"MultiPolygon","coordinates":[[[[-82.863342,41.693693],[-82.842099,41.628323],[-82.788876,41.643047],[-82.782719,41.694003],[-82.82572,41.72281],[-82.863342,41.693693]]],[[[-84.820159,39.227225],[-84.820157,39.10548],[-84.750749,39.147358],[-84.714048,39.132659],[-84.7119293134928,39.130678600088],[-84.677247,39.09826],[-84.6220474364107,39.0783346767822],[-84.607928,39.073238],[-84.550844,39.09936],[-84.5065187374369,39.101766408188],[-84.493743,39.10246],[-84.480943,39.11676],[-84.462042,39.12176],[-84.445242,39.114461],[-84.432941,39.083961],[-84.40094,39.046362],[-84.326539,39.027463],[-84.3212072268568,39.0205863526894],[-84.297255,38.989694],[-84.288164,38.955789],[-84.232132,38.880483],[-84.2323050454035,38.8747078960317],[-84.233265,38.842671],[-84.226155212983,38.8297636689604],[-84.212904,38.805707],[-84.135088,38.789485],[-84.0526095475065,38.7716067284387],[-84.051642,38.771397],[-83.978814,38.787104],[-83.928454,38.774583],[-83.9043750861048,38.7672838752678],[-83.852085,38.751433],[-83.834015,38.716008],[-83.78362,38.695641],[-83.77216,38.65815],[-83.7058575510284,38.6380366259831],[-83.679484,38.630036],[-83.6469615501443,38.6418337437309],[-83.642994,38.643273],[-83.626922,38.679387],[-83.533339,38.702105],[-83.440404,38.669361],[-83.376302,38.661473],[-83.320531,38.622713],[-83.286514,38.599241],[-83.2642676908446,38.6131319856547],[-83.239515,38.628588],[-83.172647,38.620252],[-83.128973,38.640231],[-83.112372,38.671685],[-83.042338,38.708319],[-83.0303349312311,38.7168676766561],[-83.011816,38.730057],[-82.943147,38.74328],[-82.889193,38.756076],[-82.871192,38.718377],[-82.869592,38.678177],[-82.851314,38.604334],[-82.8115423846504,38.5723695895619],[-82.800112,38.563183],[-82.724846,38.5576],[-82.675724,38.515504],[-82.6641207909684,38.5077181960708],[-82.618474,38.477089],[-82.593673,38.421809],[-82.560664,38.404338],[-82.5089669497313,38.4146439126517],[-82.447076,38.426982],[-82.381773,38.434783],[-82.323999,38.449268],[-82.304223,38.496308],[-82.293271,38.560283],[-82.2821333440281,38.5798607964035],[-82.27427,38.593683],[-82.218967,38.591683],[-82.175167,38.608484],[-82.185567,38.659583],[-82.201537,38.760372],[-82.20929,38.802672],[-82.16157,38.824632],[-82.134766,38.905579],[-82.0988666505543,38.9608792844933],[-82.089065,38.975978],[-82.041563,39.017878],[-82.007062,39.029578],[-81.941829,38.993295],[-81.89847,38.929603],[-81.827354,38.945898],[-81.775734,38.980737],[-81.793304,39.040353],[-81.807855,39.083978],[-81.7502668434263,39.1040311930998],[-81.742953,39.106578],[-81.7522970367401,39.1810347474059],[-81.752754,39.184676],[-81.7214681391725,39.2109608092037],[-81.711628,39.219228],[-81.678331,39.273755],[-81.613896,39.275339],[-81.565247,39.276175],[-81.559647,39.330774],[-81.503189,39.373242],[-81.456143,39.409274],[-81.412706,39.394618],[-81.393794,39.351706],[-81.3703898088263,39.3487006724034],[-81.347567,39.34577],[-81.249088,39.389992],[-81.185946,39.430731],[-81.128533,39.449375],[-81.1212738561078,39.4576974138893],[-81.07595,39.50966],[-81.0373650419871,39.5380557124726],[-80.943782,39.606926],[-80.865575,39.662751],[-80.829764,39.711839],[-80.8355216930075,39.7192518022001],[-80.869933,39.763555],[-80.824969,39.801092],[-80.824276,39.847159],[-80.8234381047859,39.8500320873964],[-80.803394,39.918762],[-80.764479,39.95025],[-80.740126,39.970793],[-80.7382226130315,40.033405951395],[-80.736804,40.080072],[-80.705994,40.151591],[-80.7025753036226,40.1571413980097],[-80.6839113272511,40.1874431522076],[-80.644598,40.25127],[-80.606596,40.303869],[-80.631596,40.385468],[-80.6273626299369,40.3951709330172],[-80.604895,40.446667],[-80.622195,40.520497],[-80.667957,40.582496],[-80.627171,40.619936],[-80.583633,40.61552],[-80.518991,40.638801],[-80.5197051125992,40.8513367786854],[-80.5198697076862,40.9003239342489],[-80.519891,40.906661],[-80.5192220860809,41.1250935667958],[-80.5191972048065,41.1332184995725],[-80.518893,41.232556],[-80.5191652733637,41.4891096844823],[-80.519176130571,41.4993400518638],[-80.519357,41.669767],[-80.5193967266905,41.8495629905593],[-80.519425,41.977523],[-80.581882,41.95761],[-80.800794,41.909635],[-80.900342,41.868912],[-81.0022694065175,41.8491724664376],[-81.05192,41.839557],[-81.184368,41.786671],[-81.286925,41.760243],[-81.388632,41.707144],[-81.466038,41.649148],[-81.488682733409,41.6344639278209],[-81.633652,41.540458],[-81.738755,41.48855],[-81.810758,41.495648],[-81.8439197475277,41.4945509051143],[-81.937862,41.491443],[-81.968480702529,41.5038610079018],[-81.994565,41.51444],[-82.181598,41.471634],[-82.268479,41.430842],[-82.3480192068912,41.4272633087345],[-82.361784,41.426644],[-82.460599,41.386316],[-82.533208,41.391157],[-82.616952,41.428425],[-82.687921,41.492324],[-82.6905671606649,41.4967057954382],[-82.717878,41.54193],[-82.834101,41.587587],[-82.859531,41.576371],[-82.934369,41.514353],[-83.028072,41.555656],[-83.066593,41.59534],[-83.1638214175228,41.624130312974],[-83.23166,41.644218],[-83.326825,41.701562],[-83.409531,41.691247],[-83.453832,41.732647],[-83.763038,41.72355],[-83.7631498513652,41.7235468017856],[-83.8803904653533,41.7201944903196],[-84.134417,41.712931],[-84.3604190413973,41.7069558826335],[-84.3995487854742,41.7059213574056],[-84.438067,41.704903],[-84.806082,41.696089],[-84.8049581562396,41.5301378133882],[-84.8042532576115,41.4260497115499],[-84.804133,41.408292],[-84.8037025496349,41.2709318889484],[-84.8036449822555,41.2525616835482],[-84.803234,41.121414],[-84.8028596219514,40.9893740520086],[-84.8026702061534,40.922568713921],[-84.802119,40.728163],[-84.8021190322638,40.7281459368726],[-84.8024138785794,40.5722128806467],[-84.802547,40.50181],[-84.804119,40.352844],[-84.8041205270149,40.3527622302971],[-84.8049173025784,40.3100959150341],[-84.8073435215596,40.1801749828539],[-84.808706,40.107216],[-84.8101612384745,40.0050675438482],[-84.8114171063805,39.9169136295798],[-84.8141281379328,39.7266165116193],[-84.814129,39.726556],[-84.8157059432555,39.5677216640274],[-84.8161601949108,39.5219681089929],[-84.817453,39.391753],[-84.8188770978104,39.3051661690523],[-84.8188774692751,39.3051435835594],[-84.820159,39.227225]]]]}},{"type":"Feature","properties":{"name":"<at><openparen>Oklahoma<closeparen>","STATEFP":"40","STATENS":"01102857","GEOIDFQ":"0400000US40","GEOID":"40","STUSPS":"OK","NAME":"Oklahoma","LSAD":"00","ALAND":"177664943367","AWATER":"3372936372"},"geometry":{"type":"Polygon","coordinates":[[[-103.002518,36.675186],[-103.002188,36.602716],[-103.002434,36.500397],[-102.162463,36.500326],[-102.032339018963,36.5000656730101],[-101.826565,36.499654],[-101.623915,36.499528],[-101.085156,36.499244],[-100.954152157693,36.4995294966262],[-100.884174,36.499682],[-100.592614,36.499469],[-100.546145126097,36.4995051393038],[-100.311018,36.499688],[-100.003761993368,36.4997018487376],[-100.000406,36.499702],[-100.000399,36.055677],[-100.000396202899,35.8812329999967],[-100.000392,35.619115],[-100.000388844143,35.4223639883094],[-100.000385,35.182702],[-100.000384017848,35.0299299999999],[-100.000382194816,34.7463605525616],[-100.000381,34.560509],[-99.997629328163,34.5611366245601],[-99.929334,34.576714],[-99.8420638841464,34.5069327688814],[-99.818186,34.48784],[-99.764882,34.435266],[-99.696462,34.381036],[-99.600026,34.374688],[-99.58448,34.407673],[-99.4750221370384,34.3968709897905],[-99.470969,34.396471],[-99.420432,34.380464],[-99.394956,34.442099],[-99.350407,34.437083],[-99.27534,34.386599],[-99.2216079008455,34.3253735743726],[-99.2116,34.31397],[-99.189511,34.214312],[-99.131553,34.209352],[-99.0588,34.201256],[-99.002916,34.208782],[-98.9523248875282,34.2046698986035],[-98.94022,34.203686],[-98.872229,34.160446],[-98.80681,34.155901],[-98.737232,34.130992],[-98.690072,34.133155],[-98.648073,34.164441],[-98.6102002179226,34.1561768671247],[-98.577136,34.148962],[-98.5282,34.094961],[-98.475066,34.064269],[-98.423533,34.0819494760059],[-98.414426,34.085074],[-98.398441,34.128456],[-98.364023,34.157109],[-98.31875,34.146421],[-98.225282,34.127245],[-98.16912,34.114171],[-98.1384860257464,34.1412060197111],[-98.123377,34.15454],[-98.099328,34.104295],[-98.099096,34.048639],[-98.082839,34.002412],[-98.005667,33.995964],[-97.947572,33.991053],[-97.953695,33.924373],[-97.9519059508552,33.8912258148573],[-97.951215,33.878424],[-97.865765,33.849393],[-97.803473,33.88019],[-97.759834,33.92521],[-97.671772,33.99137],[-97.609091,33.968093],[-97.596155,33.922106],[-97.5612431502211,33.899061506733],[-97.55827,33.897099],[-97.486505,33.916994],[-97.4841434385876,33.9138891088909],[-97.451469,33.87093],[-97.444193,33.823773],[-97.372941,33.819454],[-97.318243,33.865121],[-97.24618,33.900344],[-97.206141,33.91428],[-97.166629,33.847311],[-97.205652,33.809824],[-97.149394,33.721967],[-97.091072,33.735115],[-97.087852,33.774099],[-97.07859,33.812756],[-97.055838,33.855741],[-96.985567,33.886522],[-96.988745,33.918468],[-96.952313,33.944582],[-96.9446168883705,33.945013250454],[-96.934343303133,33.9455889292528],[-96.905253,33.947219],[-96.897194,33.902954],[-96.850593,33.847211],[-96.794276,33.868886],[-96.776766,33.841976],[-96.712422,33.831633],[-96.682103,33.876645],[-96.659896,33.916666],[-96.5946743073771,33.8830186573983],[-96.590112,33.880665],[-96.592926,33.830916],[-96.572937,33.819098],[-96.523863,33.818114],[-96.502286,33.77346],[-96.436455,33.78005],[-96.403507,33.746289],[-96.3796608259521,33.715530908566],[-96.363135,33.694215],[-96.307389,33.735005],[-96.277269,33.769735],[-96.229023,33.748021],[-96.173025,33.80056],[-96.15163,33.831946],[-96.063924,33.841523],[-95.935325,33.875099],[-95.887491,33.863856],[-95.8448785340707,33.860421904719],[-95.820596,33.858465],[-95.7896393177523,33.8724373846723],[-95.737508,33.895967],[-95.669978,33.905844],[-95.603657,33.927195],[-95.556915,33.92702],[-95.525322,33.885487],[-95.44737,33.86885],[-95.352338,33.867789],[-95.3104497954491,33.8738430381855],[-95.283445,33.877746],[-95.253623,33.92971],[-95.226393,33.961954],[-95.1559076171075,33.9384823885698],[-95.149462,33.936336],[-95.095002,33.904816],[-95.046568,33.862565],[-94.98165,33.852284],[-94.93956,33.810503],[-94.902276,33.776289],[-94.841634,33.739431],[-94.766146,33.748031],[-94.7319329019959,33.7208305162803],[-94.714865,33.707261],[-94.630586,33.673401],[-94.572872,33.669886],[-94.528928,33.62184],[-94.485875,33.637867],[-94.481842,33.789008],[-94.4772691832212,33.9408298614626],[-94.474895,34.019655],[-94.470143947319,34.1901776556377],[-94.465425,34.359548],[-94.4611686861559,34.5074566515725],[-94.4575,34.634945],[-94.4543955288439,34.7289436942281],[-94.449058,34.890556],[-94.4475060874703,34.9340729057232],[-94.4363568693981,35.2467061646578],[-94.435316,35.275893],[-94.431515,35.369591],[-94.4340725641195,35.387474395379],[-94.4348090628047,35.3926242553894],[-94.449696,35.496719],[-94.4731193906467,35.6385471525294],[-94.4930532906959,35.7592465106763],[-94.494549,35.768303],[-94.532071,35.987852],[-94.5518886566514,36.1021239714216],[-94.5622679285528,36.1619726146264],[-94.5862,36.299969],[-94.617919,36.499414],[-94.617815,36.612604],[-94.6179917784172,36.6679212723442],[-94.618307,36.76656],[-94.617964,36.998905],[-94.71277,36.998794],[-94.995293,36.999529],[-95.0076200044721,36.9995225591258],[-95.0735039666303,36.9994881346791],[-95.322565,36.999358],[-95.407733005873,36.9993417150323],[-95.5224145523987,36.9993197867829],[-95.573598,36.99931],[-95.7867618707782,36.999270917592],[-95.928122,36.999245],[-95.9642712321022,36.9992231442824],[-96.0008102061996,36.9992010529279],[-96.217571,36.99907],[-96.500288,36.998643],[-96.5255820442829,36.9986779687248],[-96.749838,36.998988],[-97.100652,36.998998],[-97.1477209669227,36.9989723356215],[-97.384925,36.998843],[-97.4623460298641,36.9988242387969],[-97.768704,36.99875],[-97.8023129703503,36.998698609394],[-98.045342,36.998327],[-98.1119851837458,36.9982479946353],[-98.3471487797447,36.9979692086496],[-98.354073,36.997961],[-98.5446619733489,36.9985242404006],[-98.791936,36.999255],[-99.0003010538842,36.9993580981444],[-99.129449,36.999422],[-99.407015,36.999579],[-99.4562024346753,36.9997002794079],[-99.5411149123609,36.9999096445655],[-99.657658,37.000197],[-99.995201,37.001631],[-100.002571514322,37.001619153912],[-100.089481743903,37.0014794694635],[-100.552683,37.000735],[-100.633324986158,37.0001736090529],[-100.855634,36.998626],[-100.945466793078,36.9982468287288],[-101.06645021566,36.9977361751404],[-101.211486,36.997124],[-101.485326,36.995611],[-101.555258848691,36.9952909392776],[-101.90244,36.993702],[-102.028204191045,36.9931451471083],[-102.04224,36.993083],[-102.355288,36.994506],[-102.698142,36.995149],[-102.841989,36.999598],[-103.002199,37.000104],[-103.001964,36.909573],[-103.002518,36.675186]]]}},{"type":"Feature","properties":{"name":"<at><openparen>Oregon<closeparen>","STATEFP":"41","STATENS":"01155107","GEOIDFQ":"0400000US41","GEOID":"41","STUSPS":"OR","NAME":"Oregon","LSAD":"00","ALAND":"248630742196","AWATER":"6168664862"},"geometry":{"type":"Polygon","coordinates":[[[-124.552441,42.840568],[-124.510017,42.734746],[-124.448418,42.689909],[-124.45074,42.675798],[-124.413119,42.657934],[-124.400918,42.597518],[-124.399065,42.539928],[-124.435105,42.440163],[-124.425554,42.351874],[-124.410556,42.307431],[-124.410982,42.250547],[-124.383633,42.22716],[-124.361009,42.180752],[-124.351535,42.129796],[-124.314289,42.067864],[-124.270464,42.045553],[-124.211605,41.99846],[-124.001188,41.996146],[-123.822037598588,41.995620816947],[-123.656998,41.995137],[-123.519112836804,41.9991725180329],[-123.43477,42.001641],[-123.347562,41.999108],[-123.231001260578,42.004970062256],[-123.145959,42.009247],[-123.045254,42.003049],[-122.80008,42.004071],[-122.501135,42.00846],[-122.289749096157,42.0077647304966],[-122.289527,42.007764],[-122.101922,42.005766],[-121.846712,42.00307],[-121.675348,42.000351],[-121.447539998048,41.9971900332726],[-121.43961,41.99708],[-121.251099,41.99757],[-121.035195,41.993323],[-120.879925710236,41.9934832599849],[-120.692219,41.993677],[-120.501069,41.993785],[-120.181563,41.994588],[-119.999168,41.99454],[-119.72573,41.996296],[-119.360123119603,41.9940922549812],[-119.324184120439,41.9938756277933],[-119.20828,41.993177],[-119.001022,41.993793],[-118.775869,41.992692],[-118.501002,41.995446],[-118.197369215928,41.9969940811635],[-118.197189,41.996995],[-117.873467,41.998335],[-117.623731,41.998467],[-117.403613,41.99929],[-117.197798,42.00038],[-117.026197,41.99989],[-117.026551,42.378557],[-117.026253,42.807447],[-117.026652,43.025128],[-117.026889,43.596033],[-117.025663810446,43.680293635954],[-117.023577,43.823811],[-116.98554503849,43.8811848528138],[-116.976024,43.895548],[-116.959871,43.982925],[-116.937342,44.029376],[-116.977351,44.085364],[-116.897854677115,44.1526663953914],[-116.895931,44.154295],[-116.902752,44.179467],[-116.965498,44.194126],[-116.971958,44.235677],[-117.059352,44.237244],[-117.121037,44.277585],[-117.170342,44.25889],[-117.216974,44.288357],[-117.211995506953,44.2964510959383],[-117.192203,44.32863],[-117.216911,44.360163],[-117.243027,44.390974],[-117.215072,44.427162],[-117.225932,44.479389],[-117.167187,44.523431],[-117.14293,44.557236],[-117.094968,44.652011],[-117.062273,44.727143],[-117.013802,44.756841],[-116.9318,44.787181],[-116.889295186967,44.8405297781533],[-116.865338,44.870599],[-116.833632,44.928976],[-116.858313,44.978761],[-116.841314,45.030907],[-116.78371,45.076972],[-116.783128263267,45.07771250501],[-116.754643,45.113972],[-116.696047,45.254679],[-116.690916254858,45.2689841379699],[-116.674648,45.314342],[-116.588195,45.44292],[-116.502756,45.566608],[-116.463504,45.615785],[-116.528272,45.681473],[-116.535698,45.734231],[-116.593004,45.778541],[-116.665344,45.781998],[-116.736268,45.826179],[-116.78752,45.840204],[-116.799204532501,45.8510454354829],[-116.859795,45.907264],[-116.886843,45.958617],[-116.915989,45.995413],[-117.353928,45.996349],[-117.479937263654,45.9975667668422],[-117.603425834504,45.9987601734427],[-117.717852,45.999866],[-117.977657306532,46.000168202382],[-117.996970429603,46.0001906671726],[-118.36779,46.000622],[-118.67787,46.000935],[-118.987129,45.999855],[-118.987227539565,45.9998002135237],[-119.061462,45.958527],[-119.12612,45.932859],[-119.25715,45.939926],[-119.364396,45.921605],[-119.432138558816,45.9132091442339],[-119.487829,45.906307],[-119.571584,45.925456],[-119.600549,45.919581],[-119.669877,45.856867],[-119.802655,45.84753],[-119.868153889391,45.8382266026357],[-119.965744,45.824365],[-119.999505153462,45.8116849230819],[-120.07015,45.785152],[-120.141352,45.773152],[-120.210754,45.725951],[-120.282156,45.72125],[-120.40396,45.699249],[-120.488546820704,45.6999122274785],[-120.505863,45.700048],[-120.591166,45.746547],[-120.634968,45.745847],[-120.652516760194,45.7361697306749],[-120.68937,45.715847],[-120.855674,45.671545],[-120.895575,45.642945],[-120.913935013084,45.6480658664235],[-120.943977,45.656445],[-121.084933,45.647893],[-121.1222,45.616067],[-121.183841,45.606441],[-121.215779,45.671238],[-121.33777,45.704949],[-121.423592,45.69399],[-121.440695827861,45.6990737947724],[-121.52400610422,45.7238362251992],[-121.533106,45.726541],[-121.668362,45.705082],[-121.735104,45.694039],[-121.811304,45.706761],[-121.867167,45.693277],[-121.900858,45.662009],[-121.923749361985,45.6543495089694],[-121.951838,45.644951],[-122.00369,45.61593],[-122.101675,45.583516],[-122.183695,45.577696],[-122.249197008052,45.5499989327412],[-122.262625,45.544321],[-122.331502,45.548241],[-122.380302,45.575941],[-122.438674,45.563585],[-122.492259,45.583281],[-122.643907,45.609739],[-122.738109,45.644138],[-122.756443903971,45.6624210250876],[-122.774511,45.680437],[-122.76651077133,45.7286625744452],[-122.761451,45.759163],[-122.795605,45.81],[-122.788086362595,45.8510074543561],[-122.785026,45.867699],[-122.81151,45.912725],[-122.813998,45.960984],[-122.856158,46.014469],[-122.904119,46.083734],[-122.962681,46.104817],[-123.004233,46.133823],[-123.115904,46.185268],[-123.166414,46.188973],[-123.212493591209,46.1710964584003],[-123.280166,46.144843],[-123.363744507266,46.1462431943485],[-123.371433,46.146372],[-123.430847,46.181827],[-123.427629,46.229348],[-123.479644,46.269131],[-123.547659,46.259109],[-123.586205,46.228654],[-123.660868,46.216296],[-123.718149,46.188989],[-123.757589,46.213001],[-123.838801,46.192211],[-123.912405,46.17945],[-123.998052,46.235327],[-124.041128,46.197672],[-123.95919,46.141675],[-123.92933,46.041978],[-123.937471,45.977306],[-123.993703,45.946431],[-123.96763,45.907807],[-123.961544,45.837101],[-123.966278384519,45.7830849035453],[-123.968563,45.757019],[-123.939448,45.708795],[-123.939005,45.661923],[-123.947556,45.564878],[-123.976544,45.489733],[-123.960557,45.430778],[-123.979715,45.347724],[-123.962887,45.280218],[-123.972919,45.216784],[-123.975425,45.145476],[-124.00977,45.047266],[-124.010097209885,45.0449989594412],[-124.023834,44.949825],[-124.063155,44.835333],[-124.074066,44.798107],[-124.063406,44.703177],[-124.065008,44.632504],[-124.083601,44.501123],[-124.084401,44.415611],[-124.1152,44.286486],[-124.114370074258,44.276194],[-124.111054,44.235071],[-124.122406,44.104442],[-124.150267,43.91085],[-124.160207315876,43.8637205015216],[-124.193455,43.706085],[-124.219057676906,43.610931759189],[-124.233534,43.55713],[-124.286896,43.436296],[-124.353332,43.342667],[-124.400404,43.302121],[-124.38246,43.270167],[-124.395607,43.223908],[-124.41139,43.159853],[-124.436198,43.071312],[-124.479882226932,42.9543224376774],[-124.480938,42.951495],[-124.552441,42.840568]]]}},{"type":"Feature","properties":{"name":"<at><openparen>Pennsylvania<closeparen>","STATEFP":"42","STATENS":"01779798","GEOIDFQ":"0400000US42","GEOID":"42","STUSPS":"PA","NAME":"Pennsylvania","LSAD":"00","ALAND":"115882017582","AWATER":"3397072484"},"geometry":{"type":"Polygon","coordinates":[[[-80.519891,40.906661],[-80.5198697076862,40.9003239342489],[-80.5197051125992,40.8513367786854],[-80.518991,40.638801],[-80.5190171173474,40.4773631462371],[-80.5190296911941,40.3996410563407],[-80.519039,40.342101],[-80.5190843704566,40.1596719951181],[-80.51912,40.01641],[-80.5191607943145,39.9622000525219],[-80.519342,39.721403],[-80.421388,39.721189],[-80.075947,39.72135],[-79.9160173560378,39.7210559335188],[-79.763774,39.720776],[-79.476662,39.721078],[-79.3924584050224,39.7214393586401],[-79.045576,39.722928],[-78.9284161298889,39.7229985874409],[-78.8082995296216,39.7230709562769],[-78.723578,39.723122],[-78.380477064564,39.72270413884],[-78.3428335185744,39.7226582929265],[-78.342593,39.722658],[-78.0989706961667,39.7224661944281],[-78.075861,39.722448],[-77.768644,39.721538],[-77.469274,39.720229],[-77.4691450036804,39.72022900225],[-77.4591384979573,39.7202291767892],[-77.23995,39.720233],[-77.2170237552374,39.7202172483854],[-76.9993180263332,39.7200676723526],[-76.991062,39.720062],[-76.7870971997576,39.7210481461113],[-76.715771,39.721393],[-76.6976581403161,39.7214011168578],[-76.5694491257313,39.7214585707527],[-76.41898,39.721526],[-76.2396837411146,39.7216419899246],[-76.233485,39.721646],[-76.2332793471166,39.7216462556279],[-76.1356974269902,39.7217675506067],[-75.788596,39.722199],[-75.773786,39.7222],[-75.753228,39.757989],[-75.717059,39.792325],[-75.662846,39.821425],[-75.5943169052201,39.8345949730913],[-75.5925626443241,39.8349321082726],[-75.5796477422344,39.8374141038914],[-75.570433,39.839185],[-75.481207,39.829191],[-75.415062,39.801919],[-75.4104924776371,39.8046722343221],[-75.341765,39.846082],[-75.293376,39.848782],[-75.2572734800476,39.8549350617895],[-75.221025,39.861113],[-75.211394924927,39.8664092625395],[-75.183023,39.882013],[-75.1407939068226,39.8941020495155],[-75.13342,39.896213],[-75.1342656240616,39.9149266604838],[-75.135548101392,39.9433078838052],[-75.13572,39.947112],[-75.11922,39.965412],[-75.0607519886792,39.9917310058102],[-75.059017,39.992512],[-74.989914,40.037311],[-74.9731758798159,40.046332290708],[-74.932211,40.068411],[-74.863809,40.08221],[-74.825907,40.12391],[-74.769488,40.129145],[-74.7233792971515,40.1528955462317],[-74.721604,40.15381],[-74.7484976572578,40.184908614104],[-74.760605,40.198909],[-74.823907,40.241508],[-74.856508,40.277407],[-74.90331,40.315607],[-74.9281105690914,40.3398284476893],[-74.946006,40.357306],[-74.969597,40.39977],[-75.024775,40.403455],[-75.056102,40.416066],[-75.070568,40.455165],[-75.062227,40.481391],[-75.078503,40.548296],[-75.136748,40.575731],[-75.186737,40.569406],[-75.1881998781252,40.5926133666486],[-75.1892364013559,40.6090569611221],[-75.191059,40.637971],[-75.192612,40.715874],[-75.177477,40.764225],[-75.108505,40.791094],[-75.090962,40.849187],[-75.065438,40.885682],[-75.09772,40.926679],[-75.1232539442085,40.9653055343877],[-75.133086,40.980179],[-75.070532,41.01862],[-75.015271,41.061215],[-74.9923859951822,41.0930282469934],[-74.9830420742478,41.1060175588568],[-74.979873,41.110423],[-74.905256,41.155668],[-74.8793333807378,41.2050477441029],[-74.867405,41.22777],[-74.815703,41.296151],[-74.760325,41.340325],[-74.694914,41.357423],[-74.734893,41.425818],[-74.7562718347252,41.4276274285434],[-74.799546,41.43129],[-74.890358,41.455324],[-74.982463,41.496467],[-75.043879,41.575094],[-75.0461986059117,41.6037640199027],[-75.049281,41.641862],[-75.053431,41.752538],[-75.074412,41.802191],[-75.113369,41.840698],[-75.1452931756179,41.8497375185041],[-75.190203,41.862454],[-75.263005,41.885109],[-75.291762,41.947092],[-75.341125,41.992772],[-75.3599310768702,41.9936893594868],[-75.477144,41.999407],[-75.4831402165408,41.9993981778444],[-75.870677,41.998828],[-76.10584,41.998858],[-76.1455189947821,41.998866463308],[-76.462155,41.998934],[-76.5576987221493,42.0001496652537],[-76.558118,42.000155],[-76.9269253205306,42.0007235735426],[-76.9657915095295,42.0007834917859],[-77.007635,42.000848],[-77.610020114476,41.9991498540796],[-77.749932223724,41.9987554366682],[-77.83203,41.998524],[-78.031177,41.999415],[-78.2063790981571,41.9990887227984],[-78.271204,41.998968],[-78.3081443402607,41.9990711776986],[-78.59665,41.999877],[-78.9188983633788,41.9991031002259],[-78.983065,41.998949],[-79.0612581876299,41.9988381187249],[-79.472472,41.998255],[-79.6108357749867,41.9985199041084],[-79.761313,41.998808],[-79.762122,42.131246],[-79.761951,42.26986],[-79.844661,42.235486],[-79.923924,42.207546],[-80.020323,42.163116],[-80.088512,42.173184],[-80.136213,42.149937],[-80.154084,42.114757],[-80.329976,42.036168],[-80.519425,41.977523],[-80.5193967266905,41.8495629905593],[-80.519357,41.669767],[-80.519176130571,41.4993400518638],[-80.5191652733637,41.4891096844823],[-80.518893,41.232556],[-80.5191972048065,41.1332184995725],[-80.5192220860809,41.1250935667958],[-80.519891,40.906661]]]}},{"type":"Feature","properties":{"name":"<at><openparen>Puerto Rico<closeparen>","STATEFP":"72","STATENS":"01779808","GEOIDFQ":"0400000US72","GEOID":"72","STUSPS":"PR","NAME":"Puerto Rico","LSAD":"00","ALAND":"8869703179","AWATER":"4921575413"},"geometry":{"type":"MultiPolygon","coordinates":[[[[-65.342068,18.34529],[-65.337451,18.308308],[-65.283269,18.280214],[-65.241257,18.301078],[-65.221568,18.320959],[-65.255933,18.342117],[-65.342068,18.34529]]],[[[-65.57686,18.103224],[-65.542087,18.081177],[-65.45138,18.086096],[-65.374419,18.108041],[-65.291235,18.103469],[-65.287962,18.148097],[-65.398166,18.161723],[-65.50592,18.152605],[-65.57686,18.103224]]],[[[-67.2391283574046,18.373827545192],[-67.27135,18.362329],[-67.235137,18.299935],[-67.2252402484797,18.297984662974],[-67.209963,18.294974],[-67.1912212777205,18.2667488840118],[-67.158001,18.216719],[-67.180754718857,18.1681984717822],[-67.180822,18.168055],[-67.199314,18.091135],[-67.209887,18.035439],[-67.211973,17.992993],[-67.183457,17.931135],[-67.133733,17.951919],[-67.1078094342763,17.9516231929024],[-67.089827,17.951418],[-67.054455,17.973165],[-67.014744,17.968468],[-66.982206,17.961192],[-66.9787756201729,17.9573743836352],[-66.955577,17.931557],[-66.927261,17.926875],[-66.88344,17.952526],[-66.8583208621404,17.9510728128512],[-66.8579139400858,17.951049271681],[-66.838584,17.949931],[-66.784953,17.978326],[-66.7753589020879,17.9844314338257],[-66.758467,17.995181],[-66.746248,17.990349],[-66.716957,17.990344],[-66.6970344469585,17.9819737685972],[-66.664391,17.968259],[-66.645651,17.98026],[-66.583233,17.961229],[-66.5405373162362,17.9754758878275],[-66.510143,17.985618],[-66.4532967534793,17.9801331134818],[-66.445481,17.979379],[-66.385059,17.939004],[-66.33839,17.976458],[-66.3381394256891,17.9763514577553],[-66.297679,17.959148],[-66.243235,17.913769],[-66.22053069398,17.9178103809448],[-66.155387,17.929406],[-66.098628,17.957935],[-66.0681034015261,17.9456048296446],[-66.041704,17.934941],[-66.024,17.975896],[-66.0179548341394,17.9749022636095],[-65.98455,17.969411],[-65.9149360834884,17.9827659029197],[-65.884937,17.988521],[-65.8509185557852,18.0119664368788],[-65.833142,18.024218],[-65.809174,18.056818],[-65.8029066863755,18.071186],[-65.777584,18.129239],[-65.758728,18.156601],[-65.7333570957557,18.1657704722157],[-65.695856,18.179324],[-65.6599257449176,18.1915732067306],[-65.635281,18.199975],[-65.599065,18.212961],[-65.588317,18.254257],[-65.613949666955,18.2938153422042],[-65.624871,18.31067],[-65.564931,18.325042],[-65.565949,18.358333],[-65.586232,18.393383],[-65.624022,18.38717],[-65.6613516940984,18.3890389313634],[-65.718618,18.391906],[-65.7417964652894,18.3981817451377],[-65.771695,18.406277],[-65.827737477559,18.4255624895091],[-65.831476,18.426849],[-65.904988,18.450926],[-65.99079,18.460419],[-65.9928037546563,18.4601715544638],[-66.0343218474795,18.4550699067989],[-66.03944,18.454441],[-66.1292603454387,18.4721745898571],[-66.137959,18.473892],[-66.186722,18.469732],[-66.1958822114694,18.4706537645082],[-66.258015,18.476906],[-66.3150242736902,18.4747411913405],[-66.315477,18.474724],[-66.3495033226913,18.4792143103093],[-66.420921,18.488639],[-66.4389500073989,18.4814929092627],[-66.470292,18.46907],[-66.5342564453186,18.4794853710095],[-66.5862547756768,18.4879522919662],[-66.624618,18.494199],[-66.733986,18.473457],[-66.7656396799838,18.4828163808725],[-66.79932,18.492775],[-66.836591129039,18.4911296443528],[-66.9015667585517,18.4882612574349],[-66.924089,18.487267],[-66.95631595186,18.4939004288703],[-67.042276,18.511594],[-67.0973034258565,18.5116679163542],[-67.125655,18.511706],[-67.169011,18.466352],[-67.159608,18.415915],[-67.1601698778747,18.4155997471433],[-67.226744,18.378247],[-67.2391283574046,18.373827545192]]],[[[-67.941222,18.126927],[-67.955811,18.074232],[-67.885547,18.036472],[-67.850633,18.046268],[-67.820915,18.084711],[-67.846219,18.127576],[-67.896293,18.136802],[-67.941222,18.126927]]]]}},{"type":"Feature","properties":{"name":"<at><openparen>Rhode Island<closeparen>","STATEFP":"44","STATENS":"01219835","GEOIDFQ":"0400000US44","GEOID":"44","STUSPS":"RI","NAME":"Rhode Island","LSAD":"00","ALAND":"2677770297","AWATER":"1323680040"},"geometry":{"type":"MultiPolygon","coordinates":[[[[-71.631472,41.166678],[-71.5937,41.146339],[-71.51921,41.149624],[-71.534084,41.181862],[-71.54541,41.24273],[-71.593342,41.237428],[-71.631472,41.166678]]],[[[-71.860513,41.320248],[-71.862772,41.309791],[-71.785957,41.325739],[-71.701631,41.336968],[-71.624505,41.36087],[-71.555381,41.373316],[-71.483295,41.371722],[-71.455371,41.407962],[-71.428652,41.454158],[-71.4172127867938,41.4560313135425],[-71.389284,41.460605],[-71.351096,41.450802],[-71.312694,41.451402],[-71.285639,41.487805],[-71.245992,41.481302],[-71.19302,41.457931],[-71.140224,41.485855],[-71.12057,41.497448],[-71.137492,41.602561],[-71.1359851428921,41.6213937682114],[-71.132888,41.660102],[-71.19564,41.67509],[-71.2086005328951,41.6903092436027],[-71.261392,41.752301],[-71.3174020079312,41.7772561089687],[-71.329396,41.7826],[-71.339597,41.832],[-71.339298,41.893399],[-71.3817,41.893199],[-71.381461,41.952141],[-71.3814313468931,41.9850841191295],[-71.381401,42.018798],[-71.4982240131247,42.0158741110185],[-71.559439,42.014342],[-71.591096527631,42.0135133435572],[-71.6066944190753,42.0131050585708],[-71.799242,42.008065],[-71.792767,41.807001],[-71.7896954316824,41.7251982448091],[-71.789678,41.724734],[-71.789356,41.59691],[-71.7893586727423,41.5968521603427],[-71.7935683158896,41.5057530964788],[-71.797683,41.416709],[-71.839649,41.412119],[-71.835951,41.353935],[-71.860513,41.320248]]]]}},{"type":"Feature","properties":{"name":"<at><openparen>South Carolina<closeparen>","STATEFP":"45","STATENS":"01779799","GEOIDFQ":"0400000US45","GEOID":"45","STUSPS":"SC","NAME":"South Carolina","LSAD":"00","ALAND":"77865991519","AWATER":"5074452542"},"geometry":{"type":"Polygon","coordinates":[[[-83.353238,34.728648],[-83.3496085109133,34.7170105826273],[-83.3400391067846,34.6863277104121],[-83.33869,34.682002],[-83.27796,34.644853],[-83.221402,34.609947],[-83.154577,34.588198],[-83.1028738260357,34.5374309097654],[-83.096858,34.531524],[-83.0505729641024,34.4950536521691],[-83.048289,34.493254],[-82.99509,34.472483],[-82.9913881531823,34.4729806272358],[-82.925766,34.481802],[-82.873831,34.471508],[-82.841997,34.399766],[-82.82342,34.358872],[-82.780308,34.296701],[-82.7746287310121,34.2883668182547],[-82.744982,34.244861],[-82.7359800166139,34.215462648637],[-82.715373,34.148165],[-82.642797,34.081312],[-82.5950257926073,34.0135178092096],[-82.591855,34.009018],[-82.5629967985809,33.9565549105269],[-82.556835,33.945353],[-82.51295,33.936969],[-82.43115,33.867051],[-82.32448,33.820033],[-82.239098,33.730872],[-82.2159383647475,33.6877549753187],[-82.199747,33.657611],[-82.161908,33.610643],[-82.1146464844333,33.5979030721672],[-82.10624,33.595637],[-82.028238,33.544934],[-82.016581923059,33.5290907977257],[-81.990938,33.494235],[-81.926336,33.462937],[-81.920121,33.410753],[-81.932737,33.343541],[-81.846136,33.303843],[-81.8465005323579,33.2472520854299],[-81.846536,33.241746],[-81.763535,33.203648],[-81.7625059827958,33.1972658882973],[-81.755135,33.15155],[-81.658433,33.103152],[-81.6159557107891,33.089338539364],[-81.601655,33.084688],[-81.5439662243139,33.0443999541444],[-81.50203,33.015113],[-81.499566,32.943722],[-81.464069,32.897814],[-81.42062,32.831223],[-81.4131167951736,32.7442613279615],[-81.41267,32.739083],[-81.393818,32.653491],[-81.397106,32.605587],[-81.3869019026942,32.5989648538998],[-81.328753,32.561228],[-81.2842383817656,32.547110946285],[-81.274927,32.544158],[-81.194829,32.465086],[-81.194931,32.411489],[-81.1734737944861,32.3849027808867],[-81.133032,32.334794],[-81.128034,32.276297],[-81.153531,32.237687],[-81.1475951704554,32.2271694465971],[-81.119361,32.177142],[-81.113334,32.113205],[-81.038265,32.084469],[-81.006745,32.101152],[-80.943226,32.057824],[-80.885517,32.0346],[-80.8674276818916,32.07849],[-80.858735,32.099581],[-80.812503,32.109746],[-80.721463,32.160427],[-80.669166,32.216783],[-80.726967,32.265706],[-80.766038,32.292608],[-80.714601,32.325656],[-80.644794,32.291497],[-80.596394,32.273549],[-80.539429,32.287024],[-80.455192,32.326458],[-80.434303,32.375193],[-80.457502,32.410264],[-80.484617,32.460976],[-80.4722931246951,32.4833489145801],[-80.46571,32.4953],[-80.413505,32.471174],[-80.338354,32.47873],[-80.2520535958345,32.5278724387921],[-80.246361,32.531114],[-80.190108,32.546841],[-80.148406,32.578479],[-80.077039,32.603319],[-80.000801,32.605892],[-79.968468,32.639732],[-79.884961,32.684402],[-79.868352,32.734849],[-79.818237,32.766352],[-79.726389,32.805996],[-79.695141,32.850398],[-79.601309,32.89815],[-79.569762,32.926692],[-79.606615,32.972248],[-79.580725,33.006447],[-79.522449,33.03535],[-79.483499,33.001265],[-79.423447,33.015085],[-79.359961,33.006672],[-79.339313,33.050336],[-79.329909,33.089986],[-79.291591,33.109773],[-79.2744945846428,33.1200562677204],[-79.215453,33.155569],[-79.172394,33.206577],[-79.180563,33.237955],[-79.162332,33.327246],[-79.135441,33.403867],[-79.084588,33.483669],[-79.028516,33.533365],[-78.9951309899024,33.572664],[-78.938076,33.639826],[-78.862931,33.705654],[-78.772737,33.768511],[-78.67226,33.817587],[-78.541087,33.851112],[-78.615932,33.915523],[-78.6508712805333,33.9450557205328],[-78.81171,34.081006],[-79.071169,34.29924],[-79.0712436122253,34.2993039510346],[-79.0712542010482,34.2993130268419],[-79.1083782887823,34.3311325283704],[-79.358317,34.545358],[-79.4502772890434,34.6206089970087],[-79.4617910310013,34.6300306785915],[-79.675299,34.804744],[-79.6929463837093,34.8049623069232],[-79.9246842531364,34.8078290197515],[-79.927398038772,34.807862590631],[-80.077223,34.809716],[-80.3208325711298,34.813620821544],[-80.561657,34.817481],[-80.5617085493824,34.8174824003365],[-80.796997,34.823874],[-80.782042,34.935782],[-80.8405485676148,35.0014509426323],[-80.9061786627212,35.0751154751148],[-80.93495,35.107409],[-81.041489,35.044703],[-81.058029,35.07319],[-81.036759,35.122552],[-81.0423024501386,35.1467686494682],[-81.04287,35.149248],[-81.3280909892918,35.1622859155574],[-81.3676041320777,35.1640921256134],[-81.494265,35.169882],[-81.7681344077739,35.1797077063839],[-81.8744102050921,35.183520599502],[-81.9693584012576,35.1869270884005],[-82.039651,35.189449],[-82.1058516370446,35.1908770736399],[-82.215996376597,35.1932531051427],[-82.295354,35.194965],[-82.3133570690064,35.196132318454],[-82.3531752729195,35.1987141296007],[-82.411301,35.202483],[-82.455609,35.177425],[-82.53256,35.155617],[-82.5777151484413,35.1464753478475],[-82.68604,35.124545],[-82.746431,35.079131],[-82.7617976610408,35.0818284636457],[-82.783283,35.0856],[-82.897499,35.056021],[-82.897559231248,35.0560052045865],[-83.0084105925124,35.0269348608162],[-83.108399912205,35.0007130457328],[-83.108606,35.000659],[-83.124378,34.95524],[-83.140621,34.924915],[-83.201183,34.884653],[-83.252582,34.853483],[-83.284812,34.823043],[-83.323866,34.789712],[-83.320062,34.759616],[-83.353238,34.728648]]]}},{"type":"Feature","properties":{"name":"<at><openparen>South Dakota<closeparen>","STATEFP":"46","STATENS":"01785534","GEOIDFQ":"0400000US46","GEOID":"46","STUSPS":"SD","NAME":"South Dakota","LSAD":"00","ALAND":"196341986509","AWATER":"3387247814"},"geometry":{"type":"Polygon","coordinates":[[[-104.057698,44.997431],[-104.05581,44.691343],[-104.055695199261,44.5709903771422],[-104.055389,44.249983],[-104.055406377827,44.1803828740957],[-104.055416190705,44.1410812067834],[-104.055488,43.853477],[-104.055032,43.558603],[-104.054794284348,43.503327530406],[-104.054684568427,43.477815541711],[-104.053876,43.289801],[-104.053127,43.000585],[-103.505099916029,43.0007588128236],[-103.476133,43.000768],[-103.000609526033,43.0002592867744],[-102.792110939839,43.0000362357704],[-102.40864,42.999626],[-102.082548043072,42.99914064039],[-102.082486319192,42.9991405485193],[-101.228013397794,42.9978687396475],[-101.000429,42.99753],[-100.198413799775,42.9979768839694],[-100.198412588721,42.9979768846442],[-99.850037,42.998171],[-99.534055014809,42.9981974883181],[-99.2544550123166,42.9982209267867],[-98.847992,42.998255],[-98.49855,42.99856],[-98.478919,42.963539],[-98.434503,42.929227],[-98.386445,42.918407],[-98.3081868164513,42.8864892074256],[-98.280007,42.874996],[-98.231922,42.86114],[-98.1525866548382,42.8411533810637],[-98.14806,42.840013],[-98.1047,42.808475],[-98.035034,42.764205],[-97.950147,42.769619],[-97.905001,42.798872],[-97.876887,42.852663],[-97.857957,42.865093],[-97.801344,42.858003],[-97.70103,42.843797],[-97.6354420904415,42.8518090751855],[-97.59926,42.856229],[-97.515948,42.853752],[-97.484916876342,42.8500032148679],[-97.452177,42.846048],[-97.417066,42.865918],[-97.341181,42.855882],[-97.302075,42.86566],[-97.237868,42.853139],[-97.213957,42.820143],[-97.1650703923738,42.7916166414677],[-97.131331,42.771929],[-97.02485,42.76243],[-97.0156311127472,42.7565254624882],[-96.965679,42.724532],[-96.906797,42.7338],[-96.8073706000982,42.700678985373],[-96.801652,42.698774],[-96.778182,42.662993],[-96.697639,42.659143],[-96.7093,42.603753],[-96.658754,42.566426],[-96.6279454569017,42.5270961391418],[-96.611489,42.506088],[-96.525142,42.510234],[-96.501321,42.482749],[-96.445508,42.49063],[-96.477454,42.509589],[-96.49297,42.517282],[-96.476952,42.556079],[-96.48002247898,42.5613247765607],[-96.526766,42.641184],[-96.591602,42.688081],[-96.624704,42.725497],[-96.621875,42.779255],[-96.577937,42.827645],[-96.537851,42.878475],[-96.5404723291933,42.908595697956],[-96.541689,42.922576],[-96.500308,42.959391],[-96.520246,42.977643],[-96.492693,43.005089],[-96.511605,43.039927],[-96.458201,43.067554],[-96.4520975160537,43.0825529251945],[-96.439335,43.113916],[-96.458854,43.143356],[-96.475571,43.221054],[-96.522084,43.22096],[-96.552963,43.247281],[-96.5590273427097,43.257555675618],[-96.578823,43.291095],[-96.530392,43.300034],[-96.524289,43.347214],[-96.521572,43.38564],[-96.594254,43.434153],[-96.584603,43.46961],[-96.598928,43.500457],[-96.45326,43.50039],[-96.453315,43.552299],[-96.4529095743663,43.8495068930184],[-96.4529095716932,43.8495088526372],[-96.4524358546695,44.1967795400951],[-96.4524358245955,44.196801586665],[-96.452213,44.360149],[-96.4532913135987,44.543636801818],[-96.4538066996671,44.631335831948],[-96.4548305155538,44.8055502040458],[-96.4558401136336,44.97734524828],[-96.457553498485,45.2688979287184],[-96.457781,45.30761],[-96.4700776030493,45.3267996493923],[-96.482556,45.346273],[-96.521787,45.375645],[-96.562142,45.38609],[-96.617726,45.408092],[-96.675447,45.410216],[-96.710786,45.43693],[-96.742509,45.478723],[-96.781036,45.535972],[-96.8354191619781,45.5861286928808],[-96.843957,45.594003],[-96.851621,45.619412],[-96.82616,45.654164],[-96.745086,45.701576],[-96.672665,45.732336],[-96.630512,45.781157],[-96.587093,45.816445],[-96.571871,45.871846],[-96.563672,45.935245],[-97.082093,45.935842],[-97.228291,45.9356565956461],[-97.542598,45.935258],[-97.77704,45.935393],[-97.9787778096234,45.9359339920987],[-98.0081017982778,45.9360126290493],[-98.070515,45.93618],[-98.414518,45.936504],[-98.625379,45.938228],[-98.7243744138881,45.9386747332615],[-99.005642,45.939944],[-99.0057543501525,45.9399443091284],[-99.092868,45.940184],[-99.34496,45.940299],[-99.490254,45.940362],[-99.61116,45.941098],[-99.718073,45.940907],[-99.8800619701871,45.9416709152146],[-99.880292,45.941672],[-100.152084,45.942486],[-100.294126,45.943269],[-100.499354215384,45.9436319988143],[-100.511793,45.943654],[-100.511949026151,45.9436540704345],[-100.76211,45.943767],[-101.106826,45.943984],[-101.365283,45.944092],[-101.557276,45.9441],[-101.794606,45.944397],[-101.998733079552,45.9445370569484],[-102.000679921018,45.9445383927274],[-102.087555,45.944598],[-102.32823,45.944806],[-102.550947,45.945015],[-102.704871,45.945072],[-102.880252,45.945069],[-102.942069961191,45.9450944113531],[-102.995248020853,45.9451162711238],[-103.218396,45.945208],[-103.434851,45.945291],[-103.660779,45.945241],[-104.045443,45.94531],[-104.044133156107,45.8819762583498],[-104.043776,45.864707],[-104.042597,45.749998],[-104.041937,45.557915],[-104.041764,45.490789],[-104.040358,45.335946],[-104.040135756493,45.2128907620416],[-104.039977,45.124988],[-104.039138,44.99852],[-104.057698,44.997431]]]}},{"type":"Feature","properties":{"name":"<at><openparen>Tennessee<closeparen>","STATEFP":"47","STATENS":"01325873","GEOIDFQ":"0400000US47","GEOID":"47","STUSPS":"TN","NAME":"Tennessee","LSAD":"00","ALAND":"106771660995","AWATER":"2344243062"},"geometry":{"type":"Polygon","coordinates":[[[-90.300697,35.028793],[-90.309297,34.995694],[-89.795187,34.994293],[-89.724322525596,34.9941869687599],[-89.7066076930667,34.9941604628742],[-89.644051831619,34.994066863428],[-89.434954,34.993754],[-89.3526793918484,34.9939961417459],[-89.198287901495,34.9944505301151],[-89.02654,34.994956],[-89.0171270115524,34.9949676128363],[-88.823050501632,34.995207045695],[-88.786612,34.995252],[-88.469877,34.996033],[-88.3804925115221,34.9957924082221],[-88.3635302685392,34.9957467517971],[-88.258111,34.995463],[-88.200064,34.995634],[-88.202959,35.008028],[-88.000032,35.005939],[-87.9849160436989,35.0059101243258],[-87.851886,35.005656],[-87.625025,35.003732],[-87.6060978676533,35.0035195262043],[-87.424908998267,35.0014855209409],[-87.2240536418757,34.9992307419721],[-87.216683,34.999148],[-87.2107585799823,34.9990491809997],[-86.8362863159495,34.992803004217],[-86.783648,34.991925],[-86.783628017169,34.991924921992],[-86.467798,34.990692],[-86.3187607654651,34.9910785804428],[-86.311274,34.991098],[-85.8639461118069,34.9870308587481],[-85.605165,34.984678],[-85.4743388431343,34.9836733267911],[-85.384967,34.982987],[-85.3639190289311,34.9833765631405],[-85.277556,34.984975],[-85.2650550217158,34.9850776447417],[-85.045183,34.986883],[-84.9798540252315,34.9872056139756],[-84.9769738065923,34.9872198373549],[-84.861314,34.987791],[-84.8104774668864,34.9878779552292],[-84.7758376712973,34.9879372061493],[-84.727434,34.98802],[-84.621483,34.988329],[-84.509052,34.988033],[-84.321869,34.988408],[-84.2865983787409,35.2057582184959],[-84.28322,35.226577],[-84.223718,35.269078],[-84.178516,35.240679],[-84.097508,35.247382],[-84.0291044137725,35.2921237764939],[-84.02351,35.295783],[-84.038081,35.348363],[-84.007586,35.371661],[-84.021782,35.407418],[-83.973171,35.452582],[-83.9589178345639,35.4578994395799],[-83.9532313801504,35.4600208895767],[-83.916801,35.473612],[-83.848502,35.519259],[-83.771736,35.562118],[-83.6629119015893,35.5677997932083],[-83.653159,35.568309],[-83.587827,35.566963],[-83.498335,35.562981],[-83.452431,35.602918],[-83.421576,35.611186],[-83.347262,35.660474],[-83.297154,35.65775],[-83.26474416829,35.7030894961701],[-83.2561415523036,35.7151240626578],[-83.255351,35.71623],[-83.198267,35.725494],[-83.161537,35.763363],[-83.097193,35.776067],[-83.04853,35.787706],[-82.978414,35.78261],[-82.9666497428986,35.795445979574],[-82.937437,35.82732],[-82.899718,35.874602],[-82.910608,35.92693],[-82.8937514184314,35.9338572697089],[-82.860724,35.94743],[-82.81613,35.923986],[-82.787465,35.952163],[-82.779397,35.992511],[-82.725065,36.018204],[-82.628365,36.062105],[-82.6057036107936,36.0371988635619],[-82.595525,36.026012],[-82.610885,35.974442],[-82.557874,35.953901],[-82.5080076597225,35.9820132054415],[-82.464558,36.006508],[-82.4169375946732,36.0729700107085],[-82.409458,36.083409],[-82.346857,36.115209],[-82.297655,36.13351],[-82.26569,36.127614],[-82.2202530102866,36.1538200398431],[-82.211251,36.159012],[-82.140847,36.136216],[-82.127146,36.104417],[-82.0811489171324,36.1056921143326],[-82.080143,36.10572],[-82.02874,36.124322],[-81.960101,36.228131],[-81.9343692444926,36.2647162043798],[-81.9184444729048,36.2873579173821],[-81.908137,36.302013],[-81.833202,36.347339],[-81.768977,36.341042],[-81.705966,36.338496],[-81.7253728028917,36.3897385587113],[-81.734312,36.413342],[-81.695311,36.467912],[-81.699962,36.536829],[-81.677535,36.588117],[-81.6469,36.611918],[-81.8267341480526,36.6147191041614],[-81.922644,36.616213],[-81.934144,36.594213],[-82.1455732705145,36.5945603308341],[-82.173982,36.594607],[-82.2433850052002,36.5948761876654],[-82.2941364201291,36.5950730329585],[-82.487238,36.595822],[-82.609181949399,36.5950896860685],[-82.830433,36.593761],[-82.9844584955724,36.59528996905],[-83.2763,36.598187],[-83.4720935738096,36.5994757320593],[-83.675413,36.600814],[-83.690714,36.582581],[-83.894421,36.586481],[-83.9307607839439,36.5876942581124],[-83.9876109506828,36.5895922860725],[-83.987842,36.5896],[-84.2271939619983,36.5921795123551],[-84.227332,36.592181],[-84.2613212015047,36.592741697267],[-84.499938,36.596678],[-84.7784558643505,36.6032105122159],[-84.785341,36.603372],[-84.7853999785503,36.6033754199356],[-84.943948,36.612569],[-84.9748684358374,36.6145833593172],[-85.096128,36.622483],[-85.2762879474994,36.6261575408034],[-85.290627,36.62645],[-85.2958124857275,36.6261495593675],[-85.4364042728859,36.618003845027],[-85.488353,36.614994],[-85.731862,36.620429],[-85.7885565436139,36.6217118590347],[-85.873857,36.623642],[-85.975713174144,36.6286377186817],[-86.081944,36.633848],[-86.205565269856,36.6392468703288],[-86.4114961989664,36.6482404228482],[-86.507771,36.652445],[-86.551292,36.637985],[-86.5620676518653,36.6407466739073],[-86.606394,36.652107],[-86.7632909641085,36.6487206745018],[-86.813037,36.647647],[-87.0608263443929,36.6447708848516],[-87.1150035566884,36.6441420446512],[-87.3359790500808,36.6415771604931],[-87.347796,36.64144],[-87.64115,36.638036],[-87.6941859078643,36.6368382439437],[-87.853204,36.633247],[-87.849567,36.663701],[-88.011792,36.677025],[-88.070532,36.678118],[-88.055738,36.630475],[-88.033802,36.551733],[-88.050466,36.500053],[-88.0533508007759,36.4999962506816],[-88.127378,36.49854],[-88.4890767387132,36.5012837190757],[-88.51192,36.501457],[-88.5163580599794,36.5014641981633],[-88.8167641573481,36.5019514318132],[-88.8271780363405,36.5019683222569],[-88.8345890228743,36.5019803422593],[-88.964471,36.502191],[-89.211409,36.50563],[-89.3451943195388,36.5013432086369],[-89.417293,36.499033],[-89.539232,36.497934],[-89.521021,36.461934],[-89.542337,36.420103],[-89.51038,36.378356],[-89.522695,36.344789],[-89.5450313339691,36.344271398663],[-89.600544,36.342985],[-89.611819,36.309088],[-89.554289,36.277751],[-89.602374,36.238106],[-89.678046,36.248284],[-89.69263,36.224959],[-89.6276414416754,36.185460316606],[-89.623804,36.183128],[-89.592102,36.135637],[-89.64302,36.10362],[-89.680029,36.082494],[-89.692437,36.020507],[-89.733095,36.000608],[-89.686924,35.947716],[-89.652279,35.921462],[-89.6491186188564,35.9047155762998],[-89.64727,35.89492],[-89.722634,35.873718],[-89.729517,35.847632],[-89.723426,35.809382],[-89.797053,35.782648],[-89.863874,35.747592],[-89.915491,35.754917],[-89.956589,35.695486],[-89.898916,35.650904],[-89.876548,35.626653],[-89.9325,35.607865],[-89.944754,35.560308],[-89.958498,35.541703],[-90.037615,35.550329],[-90.045805,35.496533],[-90.022064,35.457375],[-90.045306,35.415435],[-90.070549,35.423291],[-90.112504,35.410153],[-90.087903,35.36327],[-90.121864,35.304535],[-90.166594,35.274588],[-90.097947,35.249983],[-90.093285,35.203282],[-90.099777,35.164474],[-90.09061,35.118287],[-90.160058,35.12883],[-90.181387,35.091401],[-90.197146,35.050731],[-90.265296,35.040293],[-90.300697,35.028793]]]}},{"type":"Feature","properties":{"name":"<at><openparen>Texas<closeparen>","STATEFP":"48","STATENS":"01779801","GEOIDFQ":"0400000US48","GEOID":"48","STUSPS":"TX","NAME":"Texas","LSAD":"00","ALAND":"676660157338","AWATER":"19008164905"},"geometry":{"type":"Polygon","coordinates":[[[-106.623445,31.914034],[-106.63588,31.871514],[-106.581344,31.813906],[-106.528242,31.783148],[-106.484642,31.747809],[-106.467642,31.759608],[-106.41794,31.752009],[-106.370139,31.71071],[-106.33992838068,31.6697519606808],[-106.303536,31.620413],[-106.280811,31.562062],[-106.236804,31.513376],[-106.175675,31.456279],[-106.080258,31.398702],[-106.004926,31.392458],[-105.996429378287,31.3878401295126],[-105.953943,31.364749],[-105.938452,31.318735],[-105.869353,31.288634],[-105.794386,31.20224],[-105.773257,31.166897],[-105.709491,31.136375],[-105.627349,31.098545],[-105.579542,31.035396],[-105.55743,30.990229],[-105.488027,30.943278],[-105.399609,30.888941],[-105.394242,30.852979],[-105.314863,30.816961],[-105.21866,30.801567],[-105.160153,30.757059],[-105.098282,30.718914],[-105.062334,30.686303],[-105.00124,30.672583],[-104.980753891325,30.6288120187883],[-104.972071,30.61026],[-104.924796,30.604832],[-104.889376,30.535144],[-104.869872,30.458645],[-104.859521,30.390413],[-104.824314,30.370466],[-104.761634,30.301148],[-104.740448,30.259454],[-104.702788,30.211736],[-104.692094,30.107304],[-104.703998,30.02421],[-104.685479,29.989943],[-104.672327,29.911112],[-104.619039,29.844445],[-104.565688,29.770462],[-104.539761,29.676074],[-104.452301,29.60366],[-104.371175,29.543063],[-104.308813,29.524337],[-104.229081,29.48105],[-104.181273,29.426265],[-104.143692,29.383278],[-104.055596,29.33091],[-103.975235,29.296017],[-103.856893,29.281852],[-103.793873010934,29.2592383933486],[-103.789034,29.257502],[-103.724743,29.19147],[-103.660203,29.170934],[-103.59236,29.15026],[-103.524613,29.120998],[-103.463196,29.066822],[-103.361998,29.018914],[-103.28119,28.982138],[-103.227801,28.991532],[-103.126748,28.982124],[-103.100368,29.026877],[-103.076355,29.085722],[-103.035683,29.103029],[-102.995688,29.161219],[-102.917805,29.190697],[-102.871347,29.241625],[-102.891022,29.287113],[-102.871857,29.352093],[-102.824564,29.399558],[-102.83097,29.444267],[-102.808692,29.522319],[-102.777531,29.556497],[-102.738428,29.621929],[-102.693466,29.676507],[-102.677192,29.738261],[-102.612879,29.748182],[-102.551081,29.752358],[-102.512687,29.780303],[-102.468946,29.779817],[-102.392906,29.765569],[-102.369522,29.820395],[-102.349861,29.862317],[-102.318683954588,29.8721929465015],[-102.301381,29.877674],[-102.227553,29.843534],[-102.161674,29.819487],[-102.115682,29.79239],[-102.073646,29.786926],[-102.021919,29.802491],[-101.966167,29.807343],[-101.8754,29.794023],[-101.809441,29.790161],[-101.761619209528,29.7788600967222],[-101.714224,29.76766],[-101.654578,29.765163],[-101.561569,29.794658],[-101.503223,29.764582],[-101.453499,29.759671],[-101.400636,29.738079],[-101.367198,29.664041],[-101.307332,29.640716],[-101.305533,29.577925],[-101.254895,29.520342],[-101.19272,29.520285],[-101.137503,29.473542],[-101.060151,29.458661],[-100.995607,29.363403],[-100.886842,29.307848],[-100.848664,29.271421],[-100.801867546029,29.232831568098],[-100.795681,29.22773],[-100.772649,29.168492],[-100.727462,29.129123],[-100.674656,29.099777],[-100.671215189194,29.0835160253445],[-100.660208,29.031497],[-100.646993,28.957079],[-100.627206,28.903734],[-100.576846,28.836168],[-100.53583,28.805888],[-100.533017,28.76328],[-100.506701,28.716745],[-100.500354,28.66196],[-100.448648,28.616774],[-100.39727,28.575637],[-100.38886,28.515748],[-100.368288,28.477196],[-100.337059,28.427151],[-100.320393,28.362117],[-100.287554,28.301093],[-100.267604,28.250269],[-100.197510055501,28.1970007311399],[-100.174413,28.179448],[-100.075474,28.124882],[-100.028725,28.073118],[-99.984923,27.990729],[-99.932161,27.96771],[-99.917461,27.917973],[-99.904385,27.875284],[-99.87784,27.824376],[-99.844737,27.778809],[-99.801651,27.741771],[-99.758534,27.717071],[-99.704601,27.654954],[-99.624515,27.634515],[-99.556812,27.614336],[-99.530138,27.580207],[-99.52832,27.498896],[-99.497519,27.500496],[-99.495104,27.451518],[-99.487521,27.412396],[-99.529654,27.306051],[-99.487937,27.294941],[-99.463309,27.268437],[-99.4608257991343,27.2622401970428],[-99.445238,27.223341],[-99.429984,27.159149],[-99.442123,27.106839],[-99.44697,27.026026],[-99.387367,26.982399],[-99.361144,26.928921],[-99.3289,26.879761],[-99.268613,26.843213],[-99.242444,26.788262],[-99.208907,26.724761],[-99.200522,26.656443],[-99.1768160923811,26.5696605553736],[-99.171404,26.549848],[-99.105031,26.500335],[-99.091635,26.476977],[-99.110855,26.426278],[-99.082002,26.39651],[-99.032316,26.412082],[-98.958325,26.394056],[-98.890965,26.357569],[-98.807348,26.369421],[-98.779912,26.326542],[-98.698856,26.265619],[-98.654221,26.23596],[-98.613465,26.252028],[-98.5931641791091,26.2428750129916],[-98.576188,26.235221],[-98.503492,26.214798],[-98.442536,26.199151],[-98.386694,26.157872],[-98.302979,26.11005],[-98.248806,26.073101],[-98.197046,26.056153],[-98.149463,26.055813],[-98.091038,26.059169],[-98.080115736643,26.0553958966484],[-98.039239,26.041275],[-98.010971,26.063863],[-97.944345,26.059621],[-97.871187,26.058083],[-97.8622582970613,26.0577459501697],[-97.795291,26.055218],[-97.758838,26.032131],[-97.697069,26.023455],[-97.644011,26.006614],[-97.582565,25.937857],[-97.542957,25.920035],[-97.496861,25.880058],[-97.454727,25.879337],[-97.422636,25.840378],[-97.372864,25.840117],[-97.360082,25.868874],[-97.365976,25.902447],[-97.338346,25.923125],[-97.277163,25.935438],[-97.206945,25.960899],[-97.156608,25.949022],[-97.145567,25.971132],[-97.151922,26.017653],[-97.158798,26.08266],[-97.196935,26.305865],[-97.2272884780129,26.4111776799575],[-97.253801,26.503164],[-97.2875411166858,26.6003398814733],[-97.32275,26.701746],[-97.366872,26.885581],[-97.378697,27.060044],[-97.358469,27.234796],[-97.3468508769557,27.2779588322095],[-97.336122,27.317818],[-97.296057,27.427175],[-97.257325,27.510644],[-97.2229914075318,27.5766073164796],[-97.212679,27.59642],[-97.140854,27.716688],[-97.090735,27.785888],[-97.044846,27.834466],[-97.0436840836865,27.8365323534718],[-97.003325,27.908307],[-96.886459,28.030734],[-96.8520706227301,28.0598208616046],[-96.792158,28.110497],[-96.719627,28.164594],[-96.63201,28.222821],[-96.442849,28.317666],[-96.390376,28.381815],[-96.3785331592868,28.3898650304879],[-96.328817,28.423659],[-96.194412,28.502224],[-96.000682,28.588238],[-95.812504,28.664942],[-95.684089,28.734041],[-95.588801,28.783169],[-95.507037396917,28.8247355121921],[-95.439594,28.859022],[-95.38239,28.866348],[-95.297147,28.934073],[-95.191391,29.02309],[-95.125134,29.067321],[-95.1150505055983,29.0755520224787],[-95.026219,29.148064],[-94.803695,29.279237],[-94.72253,29.331446],[-94.731047,29.369141],[-94.670389,29.43078],[-94.594853,29.467903],[-94.500807,29.505367],[-94.370816,29.555645988295],[-94.3541225449137,29.5621028201748],[-94.161549,29.636588],[-94.056506,29.671163],[-93.961867,29.682213],[-93.861291,29.679007],[-93.837971,29.690619],[-93.863204,29.724059],[-93.890821,29.761673],[-93.929208,29.802952],[-93.872446,29.85165],[-93.8523098709223,29.8720910043919],[-93.830374,29.894359],[-93.807815,29.954549],[-93.741078,30.021571],[-93.7061835663174,30.0523143321691],[-93.70394,30.054291],[-93.702436,30.112721],[-93.703764,30.173936],[-93.713359,30.225261],[-93.7110621713009,30.2439707156403],[-93.70719,30.275513],[-93.760328,30.329924],[-93.745333,30.397022],[-93.7381729998702,30.4025470540047],[-93.702665,30.429947],[-93.710117,30.5064],[-93.729195,30.544842],[-93.684329,30.592586],[-93.685121,30.625201],[-93.629904,30.67994],[-93.617688,30.738479],[-93.569303,30.802969],[-93.558617,30.869424],[-93.5545758543455,30.8774695018611],[-93.530936,30.924534],[-93.549841,30.967118],[-93.539526,31.008498],[-93.531219,31.051678],[-93.540278,31.128868],[-93.535097,31.185614],[-93.5524973075023,31.1848200234468],[-93.6006030873629,31.1826249552688],[-93.602443,31.182541],[-93.613942,31.259375],[-93.67544,31.30104],[-93.668146,31.375103],[-93.697603,31.428409],[-93.749476,31.46869],[-93.725925,31.504092],[-93.787687,31.527344],[-93.834924,31.586211],[-93.816838,31.622509],[-93.803419,31.700686],[-93.85339,31.805467],[-93.8782518953866,31.8442765572456],[-93.909557,31.893144],[-93.977461,31.926419],[-94.029428406596,31.979686964168],[-94.041833,31.992402],[-94.042681,32.137956],[-94.0426959391654,32.1960649748209],[-94.042739,32.363559],[-94.0427882328053,32.3922831932812],[-94.043083,32.564261],[-94.0430515276176,32.6930299766656],[-94.043026,32.797476],[-94.0430026215633,32.881088978924],[-94.042964,33.019219],[-94.042719,33.160291],[-94.0429458450603,33.2712410493864],[-94.043067,33.330498],[-94.042988,33.435824],[-94.043428,33.551425],[-94.07267,33.572234],[-94.143024,33.577725],[-94.183395,33.592212],[-94.213605,33.570622],[-94.238868,33.576722],[-94.303742,33.564486],[-94.338422,33.567082],[-94.354165,33.556452],[-94.388052,33.565511],[-94.419057,33.577217],[-94.485875,33.637867],[-94.528928,33.62184],[-94.572872,33.669886],[-94.630586,33.673401],[-94.714865,33.707261],[-94.7319329019959,33.7208305162803],[-94.766146,33.748031],[-94.841634,33.739431],[-94.902276,33.776289],[-94.93956,33.810503],[-94.98165,33.852284],[-95.046568,33.862565],[-95.095002,33.904816],[-95.149462,33.936336],[-95.1559076171075,33.9384823885698],[-95.226393,33.961954],[-95.253623,33.92971],[-95.283445,33.877746],[-95.3104497954491,33.8738430381855],[-95.352338,33.867789],[-95.44737,33.86885],[-95.525322,33.885487],[-95.556915,33.92702],[-95.603657,33.927195],[-95.669978,33.905844],[-95.737508,33.895967],[-95.7896393177523,33.8724373846723],[-95.820596,33.858465],[-95.8448785340707,33.860421904719],[-95.887491,33.863856],[-95.935325,33.875099],[-96.063924,33.841523],[-96.15163,33.831946],[-96.173025,33.80056],[-96.229023,33.748021],[-96.277269,33.769735],[-96.307389,33.735005],[-96.363135,33.694215],[-96.3796608259521,33.715530908566],[-96.403507,33.746289],[-96.436455,33.78005],[-96.502286,33.77346],[-96.523863,33.818114],[-96.572937,33.819098],[-96.592926,33.830916],[-96.590112,33.880665],[-96.5946743073771,33.8830186573983],[-96.659896,33.916666],[-96.682103,33.876645],[-96.712422,33.831633],[-96.776766,33.841976],[-96.794276,33.868886],[-96.850593,33.847211],[-96.897194,33.902954],[-96.905253,33.947219],[-96.934343303133,33.9455889292528],[-96.9446168883705,33.945013250454],[-96.952313,33.944582],[-96.988745,33.918468],[-96.985567,33.886522],[-97.055838,33.855741],[-97.07859,33.812756],[-97.087852,33.774099],[-97.091072,33.735115],[-97.149394,33.721967],[-97.205652,33.809824],[-97.166629,33.847311],[-97.206141,33.91428],[-97.24618,33.900344],[-97.318243,33.865121],[-97.372941,33.819454],[-97.444193,33.823773],[-97.451469,33.87093],[-97.4841434385876,33.9138891088909],[-97.486505,33.916994],[-97.55827,33.897099],[-97.5612431502211,33.899061506733],[-97.596155,33.922106],[-97.609091,33.968093],[-97.671772,33.99137],[-97.759834,33.92521],[-97.803473,33.88019],[-97.865765,33.849393],[-97.951215,33.878424],[-97.9519059508552,33.8912258148573],[-97.953695,33.924373],[-97.947572,33.991053],[-98.005667,33.995964],[-98.082839,34.002412],[-98.099096,34.048639],[-98.099328,34.104295],[-98.123377,34.15454],[-98.1384860257464,34.1412060197111],[-98.16912,34.114171],[-98.225282,34.127245],[-98.31875,34.146421],[-98.364023,34.157109],[-98.398441,34.128456],[-98.414426,34.085074],[-98.423533,34.0819494760059],[-98.475066,34.064269],[-98.5282,34.094961],[-98.577136,34.148962],[-98.6102002179226,34.1561768671247],[-98.648073,34.164441],[-98.690072,34.133155],[-98.737232,34.130992],[-98.80681,34.155901],[-98.872229,34.160446],[-98.94022,34.203686],[-98.9523248875282,34.2046698986035],[-99.002916,34.208782],[-99.0588,34.201256],[-99.131553,34.209352],[-99.189511,34.214312],[-99.2116,34.31397],[-99.2216079008455,34.3253735743726],[-99.27534,34.386599],[-99.350407,34.437083],[-99.394956,34.442099],[-99.420432,34.380464],[-99.470969,34.396471],[-99.4750221370384,34.3968709897905],[-99.58448,34.407673],[-99.600026,34.374688],[-99.696462,34.381036],[-99.764882,34.435266],[-99.818186,34.48784],[-99.8420638841464,34.5069327688814],[-99.929334,34.576714],[-99.997629328163,34.5611366245601],[-100.000381,34.560509],[-100.000382194816,34.7463605525616],[-100.000384017848,35.0299299999999],[-100.000385,35.182702],[-100.000388844143,35.4223639883094],[-100.000392,35.619115],[-100.000396202899,35.8812329999967],[-100.000399,36.055677],[-100.000406,36.499702],[-100.003761993368,36.4997018487376],[-100.311018,36.499688],[-100.546145126097,36.4995051393038],[-100.592614,36.499469],[-100.884174,36.499682],[-100.954152157693,36.4995294966262],[-101.085156,36.499244],[-101.623915,36.499528],[-101.826565,36.499654],[-102.032339018963,36.5000656730101],[-102.162463,36.500326],[-103.002434,36.500397],[-103.041924,36.500439],[-103.040824,36.055231],[-103.041356721818,35.7394335063487],[-103.041554,35.622487],[-103.042617950565,35.1831572590084],[-103.042711,35.144735],[-103.042738818608,34.9541420403614],[-103.042769,34.747361],[-103.043072,34.619782],[-103.043946,34.379555],[-103.043850301172,34.3127498735079],[-103.043835830165,34.302648],[-103.043516,34.079382],[-103.047346,33.824675],[-103.05261,33.570599],[-103.052610516564,33.5705747764422],[-103.056495064338,33.3884142146206],[-103.060103,33.219225],[-103.063468888475,32.9591063818305],[-103.064889,32.849359],[-103.064829054562,32.7269504153502],[-103.064761,32.587983],[-103.064696,32.522193],[-103.064422,32.145006],[-103.064422401106,32.087051],[-103.064423,32.000518],[-103.326501,32.00037],[-103.722881979148,32.0001655686764],[-103.980213477381,32.0000328513626],[-104.024521,32.00001],[-104.643526,32.000443],[-104.84774,32.000464602835],[-104.91835699428,32.0004720730735],[-105.153994,32.000497],[-105.750527,32.002206],[-105.997971151664,32.001974590699],[-106.200699,32.001785],[-106.377173188247,32.0012401010375],[-106.513986060717,32.0008176642324],[-106.618486,32.000495],[-106.630114,31.971258],[-106.623445,31.914034]]]}},{"type":"Feature","properties":{"name":"<at><openparen>Utah<closeparen>","STATEFP":"49","STATENS":"01455989","GEOIDFQ":"0400000US49","GEOID":"49","STUSPS":"UT","NAME":"Utah","LSAD":"00","ALAND":"213921693698","AWATER":"5963352640"},"geometry":{"type":"Polygon","coordinates":[[[-114.052472,37.604776],[-114.052701,37.492014],[-114.051974,37.284511],[-114.051749,37.088434],[-114.0506,37.000396],[-113.965907,37.000025],[-112.966471,37.000219],[-112.899190897616,37.0003012286284],[-112.829501944372,37.0003864013144],[-112.545094,37.000734],[-112.538571,37.000744128882],[-112.35769,37.001025],[-111.413013987341,37.0014775769675],[-111.405869,37.001481],[-111.278286,37.000465],[-111.250762024167,37.0007150407456],[-111.066496,37.002389],[-110.75069,37.003197],[-110.47019,36.997997],[-110.000677,36.997968],[-109.495338,36.999105],[-109.045223,36.999084],[-109.043780720503,37.4848192314175],[-109.042604100621,37.8810848174926],[-109.041796614855,38.1530323049685],[-109.041762,38.16469],[-109.060062,38.275489],[-109.059962,38.499987],[-109.059961475353,38.5000258740357],[-109.051512,39.126095],[-109.051223831017,39.3666775495863],[-109.051066846273,39.4977388093662],[-109.050871925262,39.6604717771594],[-109.050615,39.87497],[-109.050973,40.180849],[-109.050732112077,40.2226552582576],[-109.048249,40.653601],[-109.048259750048,40.662601817228],[-109.048455,40.826081],[-109.050076,41.000659],[-109.250735,41.001009],[-109.715409,40.998191],[-110.000716736441,40.9974254597082],[-110.048482995685,40.9972972928506],[-110.121639,40.997101],[-110.539819,40.996346],[-110.872056382044,40.9974031999772],[-111.046723,40.997959],[-111.046636983126,41.2516269562514],[-111.0466,41.360692],[-111.045789,41.565571],[-111.045818464842,41.5798449482258],[-111.046689,42.001567],[-111.374129,42.000893],[-111.471381,41.999739],[-111.507806195687,41.9996856783643],[-111.507813035176,41.9996856683522],[-111.750778,41.99933],[-112.10944305582,41.9975984294066],[-112.109532,41.997598],[-112.15917745151,41.9986819297378],[-112.264936,42.000991],[-112.648019,42.000307],[-113.000040139624,41.9982276125391],[-113.000821,41.998223],[-113.249159,41.996203],[-113.496548,41.993305],[-113.817964,41.98858],[-114.041723,41.99372],[-114.039901,41.753781],[-114.040231,41.49169],[-114.041447,41.207752],[-114.042145,40.999926],[-114.042145146235,40.9998965772633],[-114.043505,40.726292],[-114.045577,40.495801],[-114.046178,40.398313],[-114.046372817373,40.1169358330122],[-114.046386,40.097896],[-114.047268153077,39.9060981137562],[-114.047783,39.79416],[-114.047181412926,39.5427436022297],[-114.047079,39.499943],[-114.049104,39.005509],[-114.048054,38.878693],[-114.049436705931,38.6773624568796],[-114.050153620806,38.5729752130034],[-114.050154,38.57292],[-114.05012,38.404536],[-114.050138,38.24996],[-114.049903375658,38.1487630266706],[-114.049903,38.148601],[-114.049658,37.881368],[-114.051728,37.745997],[-114.052472,37.604776]]]}},{"type":"Feature","properties":{"name":"<at><openparen>Vermont<closeparen>","STATEFP":"50","STATENS":"01779802","GEOIDFQ":"0400000US50","GEOID":"50","STUSPS":"VT","NAME":"Vermont","LSAD":"00","ALAND":"23872664356","AWATER":"1030573104"},"geometry":{"type":"Polygon","coordinates":[[[-73.416319,44.099422],[-73.43688,44.042578],[-73.405977,44.011485],[-73.411248,43.975596],[-73.407742,43.929887],[-73.374051,43.875563],[-73.390302,43.817371],[-73.3825261495399,43.8081589885495],[-73.350707,43.770463],[-73.3611071516843,43.7532334572839],[-73.393723,43.6992],[-73.414546,43.658209],[-73.424977,43.598775],[-73.395767,43.568087],[-73.327702,43.625913],[-73.292113,43.584509],[-73.242042,43.534925],[-73.252832,43.363493],[-73.2553649410914,43.3145364556694],[-73.26978,43.035923],[-73.273832807021,42.9436317475265],[-73.2784918232505,42.8375357896173],[-73.278673,42.83341],[-73.290944,42.80192],[-73.264957,42.74594],[-73.0230178932901,42.7409727127269],[-72.9301066166812,42.7390651376842],[-72.8642918548454,42.7377138851592],[-72.809113,42.736581],[-72.458519,42.726853],[-72.477615,42.761245],[-72.5396,42.804832],[-72.556112,42.866252],[-72.531469,42.89795],[-72.532186,42.954945],[-72.492597,42.967648],[-72.444977,43.004416],[-72.462248,43.044214],[-72.435191,43.086622],[-72.451802,43.153486],[-72.4503959392159,43.1612135169064],[-72.440563,43.215254],[-72.4336262531276,43.2328655889508],[-72.421583,43.263442],[-72.402532,43.32038],[-72.413377,43.362741],[-72.380894,43.493394],[-72.37944,43.574069],[-72.3335965013563,43.6055913415891],[-72.329522,43.608393],[-72.284805,43.72036],[-72.222069,43.759831],[-72.2114826490853,43.7730437148214],[-72.183333,43.808177],[-72.16978,43.873425],[-72.105875,43.94937],[-72.116706,43.991954],[-72.075486,44.034614],[-72.036883,44.103119],[-72.053859587702,44.1599265291283],[-72.061338,44.184951],[-72.05399,44.246926],[-72.046302,44.291983],[-72.002314,44.324871],[-71.945163,44.337744],[-71.875863,44.33737],[-71.8378392792652,44.3477512592393],[-71.818838,44.352939],[-71.778613,44.399799],[-71.7631925213134,44.4035682627764],[-71.69092,44.421234],[-71.646551,44.468869],[-71.579974,44.501778],[-71.588076,44.54785],[-71.544922,44.579278],[-71.551722,44.627598],[-71.584574,44.665351],[-71.626909,44.747224],[-71.570402,44.805276],[-71.522393,44.880811],[-71.494403,44.911837],[-71.531605,44.976023],[-71.501088,45.013377],[-71.60984,45.012709],[-71.691898,45.011419],[-71.8993149383163,45.0080462005763],[-71.915009,45.007791],[-72.023292,45.006792],[-72.348583,45.005625],[-72.532503,45.00786],[-72.5537800215062,45.0094314139369],[-72.582371,45.011543],[-72.93644,45.014267],[-73.048386,45.01479],[-73.1925740738871,45.0128576299227],[-73.343124,45.01084],[-73.34474,44.970468],[-73.338979,44.917681],[-73.379822,44.857037],[-73.365678,44.826451],[-73.33443,44.802188],[-73.357671,44.751018],[-73.36556,44.700297],[-73.389966,44.61962],[-73.367275,44.567545],[-73.3636601533155,44.5635384629765],[-73.3479832324265,44.546162853597],[-73.312871,44.507246],[-73.293613,44.440559],[-73.320954,44.382669],[-73.334637,44.356877],[-73.324229,44.310023],[-73.3174559746651,44.2635221898768],[-73.316618,44.257769],[-73.349889,44.230356],[-73.395399,44.166903],[-73.416319,44.099422]]]}},{"type":"Feature","properties":{"name":"<at><openparen>Virginia<closeparen>","STATEFP":"51","STATENS":"01779803","GEOIDFQ":"0400000US51","GEOID":"51","STUSPS":"VA","NAME":"Virginia","LSAD":"00","ALAND":"102256455003","AWATER":"8529795937"},"geometry":{"type":"MultiPolygon","coordinates":[[[[-76.023475,37.289067],[-75.998647,37.188739],[-75.979608,37.100448],[-75.942399,37.089607],[-75.897298,37.118037],[-75.817387,37.193437],[-75.795164,37.247095],[-75.778817,37.297176],[-75.735829,37.335426],[-75.720739,37.373129],[-75.658379,37.451815],[-75.6654179108751,37.4672935154925],[-75.672877,37.483696],[-75.607824,37.560706],[-75.614527,37.609296],[-75.591953,37.663178],[-75.551898,37.748122],[-75.48927,37.832457],[-75.439001,37.869335],[-75.380638,37.851702],[-75.338623,37.894986],[-75.242266,38.027209],[-75.624341,37.994211],[-75.669711,37.950796],[-75.724905,37.914983],[-75.730946,37.898328],[-75.708888,37.84302],[-75.73588,37.816561],[-75.818125,37.791698],[-75.812155,37.749502],[-75.859262,37.703111],[-75.898665,37.635425],[-75.941182,37.563839],[-75.9455743189307,37.5490406581517],[-75.976491,37.444878],[-75.987122,37.368548],[-76.023475,37.289067]]],[[[-83.614513,36.633983],[-83.675413,36.600814],[-83.4720935738096,36.5994757320593],[-83.2763,36.598187],[-82.9844584955724,36.59528996905],[-82.830433,36.593761],[-82.609181949399,36.5950896860685],[-82.487238,36.595822],[-82.2941364201291,36.5950730329585],[-82.2433850052002,36.5948761876654],[-82.173982,36.594607],[-82.1455732705145,36.5945603308341],[-81.934144,36.594213],[-81.922644,36.616213],[-81.8267341480526,36.6147191041614],[-81.6469,36.611918],[-81.677535,36.588117],[-81.499831,36.57982],[-81.3532212246022,36.5762382311564],[-81.176712,36.571926],[-81.061866,36.56702],[-80.901726,36.561751],[-80.901661118921,36.561751187168],[-80.840213077246,36.5619284516373],[-80.704831,36.562319],[-80.6121887881246,36.5582162763804],[-80.4403427430004,36.5506059569159],[-80.431605,36.550219],[-80.295243,36.543973],[-80.0534550433501,36.5426394280866],[-80.0273389151412,36.5424953856142],[-80.027269,36.542495],[-79.714850811052,36.5414324847413],[-79.5136476625086,36.5407482050707],[-79.510647,36.540738],[-79.4700566739243,36.5408361497866],[-79.3431159193695,36.5411430999685],[-79.2184554959223,36.5414445361761],[-79.1383358988714,36.5416382700559],[-78.942009,36.542113],[-78.7962739551405,36.5417594935816],[-78.7341228011172,36.5416087348408],[-78.509965,36.541065],[-78.4572778962559,36.5414487083995],[-78.323718509559,36.5424213915586],[-78.132911,36.543811],[-78.0462083043603,36.5441976726866],[-77.8997741360467,36.5448507330424],[-77.7671039699267,36.5454424093355],[-77.749706,36.54552],[-77.2989182850567,36.546038840401],[-77.190175,36.546164],[-77.1643226037182,36.5461528198479],[-77.0716192313025,36.5461127292585],[-76.917318,36.546046],[-76.9160376328562,36.5460813302903],[-76.9157318023497,36.5460897693389],[-76.738329,36.550985],[-76.5419658657183,36.5507845323601],[-76.4914825754723,36.5507329938364],[-76.3133029682603,36.550551089807],[-76.313215,36.550551],[-76.1223499470101,36.5505523325541],[-76.02675,36.550553],[-75.867044,36.550754],[-75.890946,36.630753],[-75.921748,36.692051],[-75.961589,36.799995],[-75.996252,36.922047],[-76.043054,36.927547],[-76.087955,36.908647],[-76.1769475851987,36.928538680155],[-76.189959,36.931447],[-76.267962,36.964547],[-76.2809720508166,36.977743727668],[-76.304272,37.001378],[-76.271262,37.084544],[-76.293126918301,37.1141637008803],[-76.311088,37.138495],[-76.3431,37.186551],[-76.3471899289676,37.1896444936553],[-76.394132,37.22515],[-76.3769368097175,37.2494917623633],[-76.36229,37.270226],[-76.38777,37.30767],[-76.437525,37.37975],[-76.4029458753529,37.3926000017912],[-76.393958,37.39594],[-76.366751,37.374495],[-76.275552,37.309964],[-76.24846,37.375135],[-76.250454,37.421886],[-76.273488,37.495321],[-76.2894927971781,37.5360752880088],[-76.29796,37.557636],[-76.2888778367019,37.587359934104],[-76.279447,37.618225],[-76.32912,37.670976],[-76.3252991496906,37.6825738854367],[-76.312858,37.720338],[-76.310307,37.794849],[-76.251358,37.833072],[-76.236725,37.889174],[-76.29202,37.92312],[-76.357581,37.951678],[-76.427487,37.977038],[-76.491998,38.017222],[-76.5106939613177,38.0394889278142],[-76.535919,38.069532],[-76.600937,38.110084],[-76.613939,38.148587],[-76.684892,38.156497],[-76.749685,38.162114],[-76.838795,38.163476],[-76.8663064384604,38.1763069312986],[-76.910832,38.197073],[-76.962311,38.214075],[-76.957796,38.243183],[-76.990255,38.273935],[-76.9968756083993,38.2790701811448],[-77.024855,38.300772],[-77.026912,38.321806],[-77.014646,38.354035],[-77.035898,38.37426],[-77.068194,38.38091],[-77.162692,38.345994],[-77.265295,38.333165],[-77.2843464997922,38.3516368165143],[-77.317288,38.383576],[-77.322622,38.467131],[-77.3006322180696,38.5046984048155],[-77.274031,38.550144],[-77.2259810335041,38.6033462530533],[-77.222244,38.607484],[-77.1302,38.635017],[-77.132501,38.673816],[-77.0857847651564,38.7052812818324],[-77.079499,38.709515],[-77.053199,38.709915],[-77.040998,38.737914],[-77.0406725707781,38.7466919304829],[-77.0392398850823,38.7853363256236],[-77.039006,38.791645],[-77.0390663567647,38.8412718895186],[-77.039099,38.868112],[-77.0902,38.904211],[-77.119759,38.934343],[-77.1197891567342,38.9343765552932],[-77.146601,38.96421],[-77.1800356321076,38.9664229861505],[-77.202502,38.96791],[-77.249803,38.985909],[-77.248403,39.026909],[-77.310705,39.052008],[-77.3300377059541,39.0559521134909],[-77.3429916044968,39.0585948705951],[-77.359702,39.062004],[-77.462617,39.076248],[-77.481279,39.105658],[-77.519929,39.120925],[-77.521222,39.161057],[-77.485971,39.185665],[-77.459883,39.218682],[-77.4600656264978,39.2188429438594],[-77.496606,39.251045],[-77.553114,39.279268],[-77.588235,39.301955],[-77.66613,39.317008],[-77.6776957620787,39.317940817088],[-77.719519,39.321314],[-77.778068,39.229305],[-77.809125,39.168567],[-77.828157,39.132329],[-77.8283018332673,39.1324224548325],[-78.032841,39.264403],[-78.0331834609342,39.2646236984747],[-78.0331852353666,39.2646248420052],[-78.18737,39.363989],[-78.2291295342185,39.3906638872041],[-78.347087,39.466012],[-78.337133,39.409169],[-78.34048,39.353492],[-78.401813,39.276754],[-78.40498,39.238006],[-78.428697,39.187217],[-78.413943,39.158415],[-78.508132,39.08863],[-78.532266186557,39.0527645240444],[-78.561711,39.009007],[-78.620453,38.982601],[-78.681617,38.92584],[-78.772793,38.893742],[-78.821167,38.830982],[-78.869276,38.762991],[-78.999014,38.840074],[-79.023053,38.798613],[-79.057253,38.761413],[-79.088055,38.690115],[-79.092955,38.659517],[-79.154357,38.606518],[-79.201459,38.527821],[-79.2284230027078,38.4797415574873],[-79.23162,38.474041],[-79.297758,38.416438],[-79.3112960655144,38.418454601455],[-79.370302,38.427244],[-79.476638,38.457228],[-79.54257,38.553217],[-79.649075,38.591515],[-79.669128,38.510883],[-79.691088,38.463744],[-79.689675,38.431439],[-79.7346,38.356728],[-79.804093,38.313922],[-79.787542,38.273298],[-79.7970135368069,38.2672681211392],[-79.850324,38.233329],[-79.916174,38.184386],[-79.938952,38.111619],[-79.9619822726354,38.0636070994933],[-79.971231,38.044326],[-80.036236,37.96792],[-80.0558115945897,37.9518782200979],[-80.131931,37.8895],[-80.199633,37.827507],[-80.218616,37.783291],[-80.258143,37.720612],[-80.290033810255,37.686136458971],[-80.292258,37.683732],[-80.2243032443768,37.6239913711709],[-80.223386,37.623185],[-80.28244,37.585481],[-80.291644,37.536505],[-80.39988,37.462314],[-80.46482,37.426144],[-80.4695688905042,37.4290254659927],[-80.544836,37.474695],[-80.664971,37.414215],[-80.770082,37.372363],[-80.836446,37.424355],[-80.8573585701898,37.421128713999],[-80.8581481168198,37.4210069067215],[-80.865148,37.419927],[-80.883248,37.383933],[-80.835479,37.334824],[-80.919259,37.306163],[-80.9808452568928,37.3008528161905],[-80.996013,37.299545],[-81.112596,37.278497],[-81.225104,37.234874],[-81.362156,37.337687],[-81.427946,37.271015],[-81.483559,37.250604],[-81.53307,37.223414],[-81.560625,37.206663],[-81.678603,37.202467],[-81.7390550304855,37.2394971038728],[-81.744003,37.242528],[-81.774747,37.274847],[-81.849949,37.285227],[-81.896001,37.331967],[-81.933601,37.389217],[-81.93695,37.41992],[-81.984891,37.454315],[-81.932279,37.511961],[-81.968297,37.537798],[-82.201745,37.375108],[-82.309415,37.300066],[-82.3143704529296,37.2963062518554],[-82.355343,37.26522],[-82.449164,37.243908],[-82.5536395449037,37.2014503744627],[-82.558178,37.199606],[-82.565275702797,37.1959011068831],[-82.726294,37.111852],[-82.722254,37.057948],[-82.750715,37.024107],[-82.815748,37.007196],[-82.869183,36.974182],[-82.865192,36.920923],[-82.8837542129764,36.8971301366542],[-82.895445,36.882145],[-83.012587,36.847289],[-83.07559,36.850589],[-83.114693,36.796088],[-83.136395,36.743088],[-83.236399,36.726887],[-83.386099,36.686589],[-83.436508,36.666185],[-83.4609546474638,36.6661310362733],[-83.527112,36.665985],[-83.614513,36.633983]]]]}},{"type":"Feature","properties":{"name":"<at><openparen>Washington<closeparen>","STATEFP":"53","STATENS":"01779804","GEOIDFQ":"0400000US53","GEOID":"53","STUSPS":"WA","NAME":"Washington","LSAD":"00","ALAND":"172121688057","AWATER":"12545987222"},"geometry":{"type":"MultiPolygon","coordinates":[[[[-123.237148,48.683466],[-123.20268,48.590214],[-123.141478,48.505291],[-123.039156,48.460003],[-122.928004,48.439966],[-122.874135,48.418196],[-122.803521,48.428748],[-122.817912,48.483888],[-122.779124,48.508911],[-122.771206,48.562426],[-122.79901,48.604683],[-122.743049,48.661991],[-122.818436,48.744629],[-122.937925,48.790315],[-122.979519,48.781702],[-123.019699,48.721312],[-123.070427,48.699971],[-123.237148,48.683466]]],[[[-124.725839,48.386012],[-124.669265,48.296353],[-124.690389,48.219745],[-124.721725,48.153185],[-124.687101,48.098657],[-124.685393,48.049238],[-124.672427,47.964414],[-124.625512,47.887963],[-124.613108656052,47.8805724417486],[-124.539927,47.836967],[-124.471687,47.766907],[-124.412106,47.691199],[-124.355955,47.545698],[-124.353615670887,47.5335370830521],[-124.319379,47.355559],[-124.236349,47.287287],[-124.195893,47.174],[-124.188544,47.157859],[-124.169113,46.994508],[-124.180111,46.926357],[-124.138225,46.905534],[-124.101232,46.810656],[-124.096796667905,46.794085],[-124.080983,46.735003],[-123.975157,46.713971],[-123.923269,46.672708],[-123.960642,46.636364],[-124.069583,46.630651],[-124.057024,46.493338],[-124.064624,46.326899],[-124.080671,46.267239],[-123.969427,46.291398],[-123.954353,46.277001],[-123.909306,46.245491],[-123.875525,46.239787],[-123.806139,46.283588],[-123.75956,46.275073],[-123.727903817597,46.2913355857112],[-123.700764,46.305278],[-123.669501,46.266832],[-123.547659,46.259109],[-123.479644,46.269131],[-123.427629,46.229348],[-123.430847,46.181827],[-123.371433,46.146372],[-123.363744507266,46.1462431943485],[-123.280166,46.144843],[-123.212493591209,46.1710964584003],[-123.166414,46.188973],[-123.115904,46.185268],[-123.004233,46.133823],[-122.962681,46.104817],[-122.904119,46.083734],[-122.856158,46.014469],[-122.813998,45.960984],[-122.81151,45.912725],[-122.785026,45.867699],[-122.788086362595,45.8510074543561],[-122.795605,45.81],[-122.761451,45.759163],[-122.76651077133,45.7286625744452],[-122.774511,45.680437],[-122.756443903971,45.6624210250876],[-122.738109,45.644138],[-122.643907,45.609739],[-122.492259,45.583281],[-122.438674,45.563585],[-122.380302,45.575941],[-122.331502,45.548241],[-122.262625,45.544321],[-122.249197008052,45.5499989327412],[-122.183695,45.577696],[-122.101675,45.583516],[-122.00369,45.61593],[-121.951838,45.644951],[-121.923749361985,45.6543495089694],[-121.900858,45.662009],[-121.867167,45.693277],[-121.811304,45.706761],[-121.735104,45.694039],[-121.668362,45.705082],[-121.533106,45.726541],[-121.52400610422,45.7238362251992],[-121.440695827861,45.6990737947724],[-121.423592,45.69399],[-121.33777,45.704949],[-121.215779,45.671238],[-121.183841,45.606441],[-121.1222,45.616067],[-121.084933,45.647893],[-120.943977,45.656445],[-120.913935013084,45.6480658664235],[-120.895575,45.642945],[-120.855674,45.671545],[-120.68937,45.715847],[-120.652516760194,45.7361697306749],[-120.634968,45.745847],[-120.591166,45.746547],[-120.505863,45.700048],[-120.488546820704,45.6999122274785],[-120.40396,45.699249],[-120.282156,45.72125],[-120.210754,45.725951],[-120.141352,45.773152],[-120.07015,45.785152],[-119.999505153462,45.8116849230819],[-119.965744,45.824365],[-119.868153889391,45.8382266026357],[-119.802655,45.84753],[-119.669877,45.856867],[-119.600549,45.919581],[-119.571584,45.925456],[-119.487829,45.906307],[-119.432138558816,45.9132091442339],[-119.364396,45.921605],[-119.25715,45.939926],[-119.12612,45.932859],[-119.061462,45.958527],[-118.987227539565,45.9998002135237],[-118.987129,45.999855],[-118.67787,46.000935],[-118.36779,46.000622],[-117.996970429603,46.0001906671726],[-117.977657306532,46.000168202382],[-117.717852,45.999866],[-117.603425834504,45.9987601734427],[-117.479937263654,45.9975667668422],[-117.353928,45.996349],[-116.915989,45.995413],[-116.942656,46.061],[-116.981962,46.084915],[-116.935473,46.142448],[-116.923958,46.17092],[-116.962966,46.19968],[-116.964379,46.253282],[-116.99726,46.303151],[-117.062748,46.353624],[-117.035545,46.410012],[-117.036645748421,46.4261004826554],[-117.039771,46.471779],[-117.039777655562,46.5417089920381],[-117.039833386028,47.1272689922541],[-117.039836,47.154734],[-117.040159751863,47.259272],[-117.040490375568,47.366028886698],[-117.041634,47.7353],[-117.041306446459,47.9774559200268],[-117.041214453461,48.0454651038028],[-117.041107,48.124904],[-117.035289,48.422732],[-117.033671,48.656902],[-117.032939182117,48.8466679212015],[-117.032351,48.999188],[-117.268247,48.999818],[-117.429968,49.0003068698256],[-117.607323,49.000843],[-118.002046,49.000437],[-118.197375052459,49.0004067514245],[-118.836614034806,49.0003077591428],[-119.132102,49.000262],[-119.4577,49.000261],[-120.001199,48.999418],[-120.376216,49.000705],[-120.716604,49.000188],[-120.851527133018,49.0005911528352],[-121.12624,49.001412],[-121.395543,48.999851],[-121.751252,48.997399],[-122.098357,49.002146],[-122.251063,49.002494],[-122.75802,49.002357],[-122.821631,48.941369],[-122.794018,48.88313],[-122.732506,48.838097],[-122.720045,48.789195],[-122.710177,48.722237],[-122.671345425667,48.6452989985202],[-122.642597,48.588339],[-122.650307,48.530156],[-122.689121,48.476849],[-122.665338,48.416453],[-122.666982528216,48.4124669920443],[-122.707077,48.315286],[-122.752563,48.260061],[-122.711508,48.193573],[-122.633167,48.163281],[-122.598301,48.110616],[-122.607342,48.030992],[-122.542924,47.996404],[-122.546824,47.967215],[-122.573745864315,47.9510041672091],[-122.616701,47.925139],[-122.63410286528,47.9230352997388],[-122.651063,47.920985],[-122.701294,47.972979],[-122.70184,48.016106],[-122.698465,48.103102],[-122.760448,48.14324],[-122.833173,48.134406],[-122.910686755725,48.1097997439328],[-122.946119,48.098552],[-123.004128,48.090516],[-123.06621,48.120469],[-123.144783,48.175943],[-123.239129,48.118217],[-123.314578,48.113725],[-123.441972,48.124259],[-123.551131,48.151382],[-123.672445,48.162715],[-123.728736,48.1628],[-123.880068,48.160621],[-124.050734,48.177747],[-124.101773,48.216883],[-124.250882,48.264773],[-124.380874,48.284699],[-124.546259,48.353594],[-124.653243,48.390691],[-124.725839,48.386012]]]]}},{"type":"Feature","properties":{"name":"<at><openparen>West Virginia<closeparen>","STATEFP":"54","STATENS":"01779805","GEOIDFQ":"0400000US54","GEOID":"54","STUSPS":"WV","NAME":"West Virginia","LSAD":"00","ALAND":"62266655298","AWATER":"488773392"},"geometry":{"type":"Polygon","coordinates":[[[-82.598864,38.201007],[-82.626182,38.134835],[-82.549407,38.063063],[-82.464987,37.976859],[-82.479420123223,37.9385625246981],[-82.487556,37.916975],[-82.41869,37.872375],[-82.3984648162589,37.8430541504629],[-82.369973,37.801749],[-82.327356,37.762233],[-82.3206749571778,37.7459658434594],[-82.296118,37.686174],[-82.226111,37.653092],[-82.141555,37.595166],[-82.064418,37.544516],[-81.968297,37.537798],[-81.932279,37.511961],[-81.984891,37.454315],[-81.93695,37.41992],[-81.933601,37.389217],[-81.896001,37.331967],[-81.849949,37.285227],[-81.774747,37.274847],[-81.744003,37.242528],[-81.7390550304855,37.2394971038728],[-81.678603,37.202467],[-81.560625,37.206663],[-81.53307,37.223414],[-81.483559,37.250604],[-81.427946,37.271015],[-81.362156,37.337687],[-81.225104,37.234874],[-81.112596,37.278497],[-80.996013,37.299545],[-80.9808452568928,37.3008528161905],[-80.919259,37.306163],[-80.835479,37.334824],[-80.883248,37.383933],[-80.865148,37.419927],[-80.8581481168198,37.4210069067215],[-80.8573585701898,37.421128713999],[-80.836446,37.424355],[-80.770082,37.372363],[-80.664971,37.414215],[-80.544836,37.474695],[-80.4695688905042,37.4290254659927],[-80.46482,37.426144],[-80.39988,37.462314],[-80.291644,37.536505],[-80.28244,37.585481],[-80.223386,37.623185],[-80.2243032443768,37.6239913711709],[-80.292258,37.683732],[-80.290033810255,37.686136458971],[-80.258143,37.720612],[-80.218616,37.783291],[-80.199633,37.827507],[-80.131931,37.8895],[-80.0558115945897,37.9518782200979],[-80.036236,37.96792],[-79.971231,38.044326],[-79.9619822726354,38.0636070994933],[-79.938952,38.111619],[-79.916174,38.184386],[-79.850324,38.233329],[-79.7970135368069,38.2672681211392],[-79.787542,38.273298],[-79.804093,38.313922],[-79.7346,38.356728],[-79.689675,38.431439],[-79.691088,38.463744],[-79.669128,38.510883],[-79.649075,38.591515],[-79.54257,38.553217],[-79.476638,38.457228],[-79.370302,38.427244],[-79.3112960655144,38.418454601455],[-79.297758,38.416438],[-79.23162,38.474041],[-79.2284230027078,38.4797415574873],[-79.201459,38.527821],[-79.154357,38.606518],[-79.092955,38.659517],[-79.088055,38.690115],[-79.057253,38.761413],[-79.023053,38.798613],[-78.999014,38.840074],[-78.869276,38.762991],[-78.821167,38.830982],[-78.772793,38.893742],[-78.681617,38.92584],[-78.620453,38.982601],[-78.561711,39.009007],[-78.532266186557,39.0527645240444],[-78.508132,39.08863],[-78.413943,39.158415],[-78.428697,39.187217],[-78.40498,39.238006],[-78.401813,39.276754],[-78.34048,39.353492],[-78.337133,39.409169],[-78.347087,39.466012],[-78.2291295342185,39.3906638872041],[-78.18737,39.363989],[-78.0331852353666,39.2646248420052],[-78.0331834609342,39.2646236984747],[-78.032841,39.264403],[-77.8283018332673,39.1324224548325],[-77.828157,39.132329],[-77.809125,39.168567],[-77.778068,39.229305],[-77.719519,39.321314],[-77.74593,39.353221],[-77.740012,39.401694],[-77.798201,39.475719],[-77.8109438962622,39.5007391665665],[-77.823762,39.525907],[-77.829814,39.587288],[-77.925988,39.607642],[-78.006734,39.601337],[-78.0276291001732,39.6206559623441],[-78.08226,39.671166],[-78.225075,39.658878],[-78.313033,39.631001],[-78.3327880214991,39.6285275964988],[-78.382959,39.622246],[-78.438179,39.563524],[-78.460951,39.525987],[-78.4682695950029,39.5262242704717],[-78.590654,39.530192],[-78.6550361715467,39.5443822410837],[-78.707098,39.555857],[-78.73905,39.609697],[-78.77114,39.638387],[-78.851016,39.554044],[-78.942618,39.479614],[-78.956751,39.440264],[-79.035623,39.473344],[-79.0674474080724,39.4728086991282],[-79.091329,39.472407],[-79.166497,39.400888],[-79.2623921171761,39.3262438284674],[-79.283723,39.30964],[-79.35375,39.278039],[-79.424413,39.228171],[-79.486873,39.205961],[-79.484372,39.3443],[-79.482366,39.531689],[-79.476662,39.721078],[-79.763774,39.720776],[-79.9160173560378,39.7210559335188],[-80.075947,39.72135],[-80.421388,39.721189],[-80.519342,39.721403],[-80.5191607943145,39.9622000525219],[-80.51912,40.01641],[-80.5190843704566,40.1596719951181],[-80.519039,40.342101],[-80.5190296911941,40.3996410563407],[-80.5190171173474,40.4773631462371],[-80.518991,40.638801],[-80.583633,40.61552],[-80.627171,40.619936],[-80.667957,40.582496],[-80.622195,40.520497],[-80.604895,40.446667],[-80.6273626299369,40.3951709330172],[-80.631596,40.385468],[-80.606596,40.303869],[-80.644598,40.25127],[-80.6839113272511,40.1874431522076],[-80.7025753036226,40.1571413980097],[-80.705994,40.151591],[-80.736804,40.080072],[-80.7382226130315,40.033405951395],[-80.740126,39.970793],[-80.764479,39.95025],[-80.803394,39.918762],[-80.8234381047859,39.8500320873964],[-80.824276,39.847159],[-80.824969,39.801092],[-80.869933,39.763555],[-80.8355216930075,39.7192518022001],[-80.829764,39.711839],[-80.865575,39.662751],[-80.943782,39.606926],[-81.0373650419871,39.5380557124726],[-81.07595,39.50966],[-81.1212738561078,39.4576974138893],[-81.128533,39.449375],[-81.185946,39.430731],[-81.249088,39.389992],[-81.347567,39.34577],[-81.3703898088263,39.3487006724034],[-81.393794,39.351706],[-81.412706,39.394618],[-81.456143,39.409274],[-81.503189,39.373242],[-81.559647,39.330774],[-81.565247,39.276175],[-81.613896,39.275339],[-81.678331,39.273755],[-81.711628,39.219228],[-81.7214681391725,39.2109608092037],[-81.752754,39.184676],[-81.7522970367401,39.1810347474059],[-81.742953,39.106578],[-81.7502668434263,39.1040311930998],[-81.807855,39.083978],[-81.793304,39.040353],[-81.775734,38.980737],[-81.827354,38.945898],[-81.89847,38.929603],[-81.941829,38.993295],[-82.007062,39.029578],[-82.041563,39.017878],[-82.089065,38.975978],[-82.0988666505543,38.9608792844933],[-82.134766,38.905579],[-82.16157,38.824632],[-82.20929,38.802672],[-82.201537,38.760372],[-82.185567,38.659583],[-82.175167,38.608484],[-82.218967,38.591683],[-82.27427,38.593683],[-82.2821333440281,38.5798607964035],[-82.293271,38.560283],[-82.304223,38.496308],[-82.323999,38.449268],[-82.381773,38.434783],[-82.447076,38.426982],[-82.5089669497313,38.4146439126517],[-82.560664,38.404338],[-82.593673,38.421809],[-82.597979,38.344909],[-82.571877,38.315781],[-82.581796,38.248592],[-82.5846938141256,38.2405129933697],[-82.598864,38.201007]]]}},{"type":"Feature","properties":{"name":"<at><openparen>Wisconsin<closeparen>","STATEFP":"55","STATENS":"01779806","GEOIDFQ":"0400000US55","GEOID":"55","STUSPS":"WI","NAME":"Wisconsin","LSAD":"00","ALAND":"140295112685","AWATER":"29340578971"},"geometry":{"type":"MultiPolygon","coordinates":[[[[-86.934276,45.421149],[-86.956198,45.352006],[-86.899891,45.295185],[-86.867743,45.353065],[-86.805868,45.412903],[-86.835749,45.450188],[-86.934276,45.421149]]],[[[-90.776921,47.024324],[-90.767985,47.002327],[-90.712032,46.98526],[-90.679446,46.956032],[-90.637124,46.906724],[-90.549104,46.915461],[-90.524056,46.935664],[-90.511623,46.961407],[-90.544875,47.017383],[-90.560936,47.037013],[-90.650422,47.054678],[-90.74018,47.036105],[-90.776921,47.024324]]],[[[-92.886697124409,45.644148],[-92.887929,45.639006],[-92.881136,45.573409],[-92.801503,45.562854],[-92.756906,45.557499],[-92.728023,45.525652],[-92.686793,45.472271],[-92.646768,45.437929],[-92.658486,45.396058],[-92.698967,45.336374],[-92.7482676746859,45.2960593865098],[-92.761868,45.284938],[-92.7660914086737,45.2100217024227],[-92.766932,45.195111],[-92.740509,45.113396],[-92.7897119873686,45.0755542806195],[-92.802911,45.065403],[-92.761904,45.022467],[-92.750802,44.941567],[-92.7670232657519,44.8619767370977],[-92.7671173343572,44.8615151858759],[-92.768574,44.854368],[-92.805287,44.768361],[-92.7923607996705,44.7589838136971],[-92.7316238513032,44.7149227852596],[-92.696491,44.689436],[-92.618025,44.61287],[-92.54928,44.577704],[-92.399281,44.558292],[-92.361518,44.558935],[-92.3169331334058,44.5392760122027],[-92.314071,44.538014],[-92.291005,44.485464],[-92.2453646490054,44.4542511243518],[-92.232472,44.445434],[-92.111085,44.413948],[-92.0845285804928,44.404614314801],[-91.9636,44.362112],[-91.916191,44.318094],[-91.892698,44.231105],[-91.8544999752977,44.1972265195522],[-91.817302,44.164235],[-91.719097,44.128853],[-91.647873,44.064109],[-91.573283,44.026901],[-91.5592155630397,44.0242093165812],[-91.440536,44.001501],[-91.4235686998173,43.9842968803226],[-91.357426,43.917231],[-91.291002,43.852733],[-91.2876556273671,43.847065],[-91.243955,43.773046],[-91.2570001560057,43.7256587372224],[-91.273252,43.666623],[-91.252926,43.600363],[-91.232812,43.564842],[-91.217706,43.50055],[-91.232276,43.450952],[-91.2106633577727,43.4194417829033],[-91.199408,43.403032],[-91.207367,43.373659],[-91.154806,43.334826],[-91.107237,43.313645],[-91.05791,43.253968],[-91.087456,43.221891],[-91.134173,43.174405],[-91.175253,43.134665],[-91.1749349139112,43.0802603718452],[-91.174692,43.038713],[-91.1590843059475,42.9874777913228],[-91.155519,42.975774],[-91.138,42.903772],[-91.09882,42.864421],[-91.070716,42.775502],[-91.017239,42.719566],[-90.941567,42.683844],[-90.8969620271584,42.6743180564343],[-90.852497,42.664822],[-90.743677,42.64556],[-90.700856,42.626445],[-90.672727,42.576599],[-90.642843,42.508481],[-90.437011,42.507147],[-90.4263769607361,42.5071777352237],[-90.22319,42.507765],[-89.926484,42.505787],[-89.9264658538311,42.5057868210378],[-89.8375948863256,42.5049103527915],[-89.493216,42.501514],[-89.4014168110406,42.5004419310737],[-89.3657986076635,42.5000259669515],[-89.0674411431083,42.4965416249841],[-89.042898,42.496255],[-88.940384860378,42.4954398274712],[-88.7765924457953,42.4941373692957],[-88.7074208350474,42.4935873247155],[-88.70738,42.493587],[-88.506912,42.494883],[-88.4716234041103,42.4950095469695],[-88.304692,42.4956081727515],[-88.2169,42.495923],[-88.1993830245505,42.4957546124404],[-87.800477,42.49192],[-87.813273,42.57922],[-87.814674,42.64402],[-87.8020150551096,42.6683110611767],[-87.785074,42.700819],[-87.766675,42.784896],[-87.821162938034,42.8422735467354],[-87.834879,42.856717],[-87.842681,42.944116],[-87.8734225955834,42.9856223352379],[-87.895784,43.015814],[-87.870184,43.064412],[-87.900485,43.12591],[-87.8965793111888,43.1921346325265],[-87.896286,43.197108],[-87.889207,43.307652],[-87.840955,43.420677],[-87.793239,43.492783],[-87.7910201400285,43.543015444928],[-87.790135,43.563054],[-87.706204,43.679542],[-87.708185,43.722895],[-87.700251,43.76735],[-87.726407,43.810445],[-87.736017,43.873721],[-87.7285795423089,43.8922088874568],[-87.69892,43.965936],[-87.655183,44.081894],[-87.600882,44.131695],[-87.53994,44.15969],[-87.507419,44.210803],[-87.521755,44.259957],[-87.545382,44.321385],[-87.5433267854761,44.3275128561299],[-87.498662,44.460686],[-87.446963,44.586274],[-87.401629,44.631191],[-87.3754915502194,44.675512109805],[-87.318982,44.771335],[-87.27603,44.83318],[-87.206285,44.885928],[-87.188375,44.948077],[-87.139384,45.012565],[-87.063157,45.079316],[-87.045748,45.134987],[-87.04417,45.186946],[-86.978759,45.227333],[-86.97778,45.290684],[-87.017036,45.299254],[-87.057627,45.292838],[-87.108743,45.257003],[-87.121609,45.209783],[-87.175068,45.17305],[-87.238224,45.167259],[-87.264877,45.081361],[-87.336457,45.01353],[-87.393405,44.934393],[-87.446477,44.886109],[-87.515142,44.869596],[-87.530999,44.857437],[-87.581306,44.851791],[-87.6463,44.798739],[-87.720889,44.724548],[-87.71978,44.693246],[-87.7375708608663,44.6770118161559],[-87.748409,44.667122],[-87.7613076788851,44.6536977497349],[-87.77516,44.639281],[-87.866884,44.608434],[-87.898888,44.574135],[-87.943801,44.529693],[-88.005518,44.539216],[-88.041202,44.572581],[-87.998716,44.609288],[-88.002085,44.664035],[-87.9975734064425,44.6776639390448],[-87.983494,44.720196],[-87.941453,44.75608],[-87.904484,44.818723],[-87.854681,44.857771],[-87.838359,44.873987],[-87.843433,44.924355],[-87.812989,44.954013],[-87.7626384909711,44.9627521717603],[-87.696492,44.974233],[-87.630298,44.976865],[-87.625748,45.045157],[-87.590208,45.095264],[-87.648191,45.106368],[-87.695055,45.150522],[-87.741805,45.197051],[-87.71148,45.245224],[-87.667423,45.31636],[-87.657349,45.368752],[-87.706767,45.383827],[-87.750928,45.355037],[-87.800464,45.353608],[-87.863489,45.35302],[-87.85683,45.393106],[-87.847429,45.444177],[-87.805773,45.473139],[-87.804203,45.524676],[-87.787292,45.574906],[-87.777671,45.609204],[-87.824676,45.653211],[-87.781007,45.673934],[-87.805076,45.703556],[-87.8330494680353,45.7227525753469],[-87.879812,45.754843],[-87.96697,45.764021],[-87.995876,45.795435],[-88.048514,45.782549],[-88.057010465949,45.7849770301437],[-88.105518,45.798839],[-88.135067,45.821694],[-88.073944,45.875593],[-88.115346,45.922211],[-88.1168565373761,45.9228112422627],[-88.178008,45.947111],[-88.246307,45.962983],[-88.30952,45.959369],[-88.380183,45.991654],[-88.409864,45.979688],[-88.526673,46.020822],[-88.59386,46.015132],[-88.613063,45.990627],[-88.65776,45.989287],[-88.679132,46.013538],[-88.6832322084994,46.0144656703203],[-88.739994,46.027308],[-88.811948,46.021609],[-88.9327684510096,46.072107163776],[-88.991217028396,46.096536354436],[-89.09163,46.138505],[-89.638416,46.243804],[-89.9291256256648,46.2999157284081],[-90.120489,46.336852],[-90.158241,46.420485],[-90.214866,46.499947],[-90.285707,46.518846],[-90.331887,46.553278],[-90.387228,46.533663],[-90.418136,46.566094],[-90.437596,46.561492],[-90.505909,46.589614],[-90.5485785559661,46.5862362587505],[-90.56556,46.584892],[-90.663273,46.645326],[-90.73726,46.692267],[-90.755287,46.646289],[-90.794775,46.624941],[-90.829031,46.616066],[-90.898308,46.58305],[-90.9252293953426,46.5874880724456],[-90.95565,46.592503],[-90.932626,46.617296],[-90.915152,46.65841],[-90.852704,46.699582],[-90.880841,46.739957],[-90.861046,46.765631],[-90.798936,46.823143],[-90.745305,46.894254],[-90.80628,46.938738],[-90.85284,46.962558],[-90.924128,47.001888],[-90.989375,46.982274],[-90.984617,46.925602],[-91.034518,46.903053],[-91.087357,46.879471],[-91.130475,46.870008],[-91.167601,46.84476],[-91.211647,46.866824],[-91.256705,46.836887],[-91.314815,46.826825],[-91.360804,46.798136],[-91.411799,46.78964],[-91.511077,46.757453],[-91.5513415356564,46.7574752934595],[-91.574291,46.757488],[-91.645502,46.734733],[-91.820027,46.690176],[-91.886963,46.690211],[-91.961889,46.682539],[-92.01529,46.706469],[-92.050819,46.710517],[-92.100255,46.734446],[-92.143338,46.731596],[-92.183091,46.695241],[-92.205492,46.664741],[-92.292192,46.663242],[-92.292371,46.495585],[-92.2927598024283,46.41721950288],[-92.293619,46.244043],[-92.2938306085787,46.157321306496],[-92.294033,46.074377],[-92.338239,46.052149],[-92.35176,46.015685],[-92.392681,46.01954],[-92.44963,46.002252],[-92.472761,45.972952],[-92.545682,45.970118],[-92.580565,45.94625],[-92.656125,45.924442],[-92.721128,45.883805],[-92.759458,45.835341],[-92.776496,45.790014],[-92.826013,45.73665],[-92.8407421066255,45.7293967344697],[-92.869689,45.715142],[-92.886697124409,45.644148]]]]}},{"type":"Feature","properties":{"name":"<at><openparen>Wyoming<closeparen>","STATEFP":"56","STATENS":"01779807","GEOIDFQ":"0400000US56","GEOID":"56","STUSPS":"WY","NAME":"Wyoming","LSAD":"00","ALAND":"251458188895","AWATER":"1868027102"},"geometry":{"type":"Polygon","coordinates":[[[-111.056888,44.866658],[-111.055511,44.725343],[-111.055332727124,44.6662623099175],[-111.055208,44.624927],[-111.048974,44.474072],[-111.049148,44.374925],[-111.048452,44.114831],[-111.047219183002,43.9834312926077],[-111.046515,43.908376],[-111.04611,43.687848],[-111.04536056097,43.5010514511122],[-111.044617,43.31572],[-111.044143,43.072364],[-111.044052705118,43.019407032899],[-111.043959,42.96445],[-111.043564,42.722624],[-111.045530292713,42.5139128777751],[-111.04708,42.34942],[-111.046689,42.001567],[-111.045818464842,41.5798449482258],[-111.045789,41.565571],[-111.0466,41.360692],[-111.046636983126,41.2516269562514],[-111.046723,40.997959],[-110.872056382044,40.9974031999772],[-110.539819,40.996346],[-110.121639,40.997101],[-110.048482995685,40.9972972928506],[-110.000716736441,40.9974254597082],[-109.715409,40.998191],[-109.250735,41.001009],[-109.050076,41.000659],[-108.250649,41.000114],[-107.918418289849,41.0012270706441],[-107.367443,41.003073],[-107.31779575979,41.0028424812322],[-106.860377948665,41.0007186292371],[-106.321169215914,40.998215011068],[-106.217573,40.997734],[-106.190554078709,40.9977466125744],[-105.277138,40.998173],[-105.276859994035,40.9981729176259],[-104.943371,40.9980741037298],[-104.855273,40.998048],[-104.497058,41.001805],[-104.053249,41.001406],[-104.053142,41.114457],[-104.052453,41.278202],[-104.052287134121,41.3932140001934],[-104.052287,41.393307],[-104.052634571633,41.5642757795737],[-104.052735,41.613676],[-104.052825094979,41.6978228532141],[-104.053026,41.885464],[-104.052762109856,42.0017302658048],[-104.052729,42.016318],[-104.052793,42.249962],[-104.053107,42.499964],[-104.052662191568,42.6117663005415],[-104.052586,42.630917],[-104.053127,43.000585],[-104.053876,43.289801],[-104.054684568427,43.477815541711],[-104.054794284348,43.503327530406],[-104.055032,43.558603],[-104.055488,43.853477],[-104.055416190705,44.1410812067834],[-104.055406377827,44.1803828740957],[-104.055389,44.249983],[-104.055695199261,44.5709903771422],[-104.05581,44.691343],[-104.057698,44.997431],[-105.025266,45.00029],[-105.038252188274,45.0002916729918],[-105.076600952254,45.0002966134074],[-105.848065,45.000396],[-106.024880029032,44.9975841235561],[-106.263586,44.993788],[-106.263715092465,44.9937884330015],[-106.888773,44.995885],[-107.351441,45.001407],[-107.911522788162,45.0015440046114],[-107.997353,45.001565],[-108.248525185308,45.0006298274175],[-108.500679,44.999691],[-108.62149349473,44.9996763710215],[-109.062262,44.999623],[-109.103445,45.005904],[-109.574321,45.002631],[-109.798483772435,45.002920308285],[-109.99505,45.003174],[-110.324441,44.999156],[-110.705272,44.992324],[-110.785008,45.002952],[-111.044275,45.001345],[-111.04431854543,45.0008800033077],[-111.056888,44.866658]]]}},{"type":"Feature","properties":{"name":"<at><openparen>60010950100<closeparen>","STATEFP":"60","COUNTYFP":"010","TRACTCE":"950100","GEOIDFQ":"1400000US60010950100","GEOID":"60010950100","NAME":"9501","NAMELSAD":"Census Tract 9501","STUSPS":"AS","NAMELSADCO":"Eastern District","STATE_NAME":"American Samoa","LSAD":"CT","ALAND":"11872422","AWATER":"155861930","jurisdiction":"American Samoa"},"geometry":{"type":"MultiPolygon","coordinates":[[[[-170.596255,-14.270847],[-170.593942,-14.272013],[-170.590582,-14.26967],[-170.586344,-14.268081],[-170.582277,-14.265141],[-170.580143,-14.265155],[-170.578232,-14.261875],[-170.567168,-14.26799],[-170.566155,-14.270529],[-170.565961207643,-14.2707345103603],[-170.565952,-14.270732],[-170.56449,-14.26982],[-170.564971,-14.268644],[-170.564177,-14.266743],[-170.563678,-14.263867],[-170.563141,-14.26193],[-170.56198,-14.259821],[-170.561807,-14.258066],[-170.56282757955,-14.2570486655364],[-170.563065,-14.256812],[-170.564093,-14.255042],[-170.564304,-14.253189],[-170.564098,-14.250967],[-170.56388,-14.249354],[-170.564478,-14.248297],[-170.563196,-14.247319],[-170.561475,-14.246095],[-170.562274,-14.245319],[-170.564325,-14.24601],[-170.566768,-14.247316],[-170.567539,-14.248113],[-170.568995,-14.247891],[-170.571855,-14.248492],[-170.574886,-14.247701],[-170.576419,-14.246303],[-170.576876783716,-14.2462942569955],[-170.577728,-14.246278],[-170.577791,-14.2477],[-170.578949,-14.248936],[-170.579727,-14.24937],[-170.580536,-14.250686],[-170.582311,-14.251806],[-170.584513,-14.250955],[-170.585169,-14.253099],[-170.586353,-14.254239],[-170.58625,-14.257141],[-170.584777,-14.260089],[-170.585822,-14.261103],[-170.587358,-14.261663],[-170.588915,-14.261973],[-170.590481,-14.261975],[-170.591146,-14.261241],[-170.591194,-14.259629],[-170.591624448357,-14.2576585855362],[-170.592045,-14.258234],[-170.596255,-14.270847]]],[[[-170.690440219395,-14.2538058787865],[-170.689804,-14.2586],[-170.686036,-14.264637],[-170.683981,-14.263952],[-170.680454,-14.263281],[-170.676268,-14.263348],[-170.669923,-14.264097],[-170.662147,-14.263566],[-170.659248,-14.264092],[-170.660159,-14.262757],[-170.660374,-14.261184],[-170.656965,-14.257916],[-170.652801935875,-14.2485697119697],[-170.653781,-14.248661],[-170.654892,-14.25046],[-170.655985,-14.25046],[-170.657162,-14.251022],[-170.657459,-14.252257],[-170.658743,-14.252718],[-170.659836,-14.251704],[-170.660121,-14.24894],[-170.659867,-14.248122],[-170.660074,-14.24636],[-170.660969,-14.245389],[-170.662594,-14.247073],[-170.66494,-14.247474],[-170.666629,-14.247044],[-170.668083,-14.248287],[-170.670387,-14.250256],[-170.672694,-14.251067],[-170.674144,-14.251197],[-170.675111,-14.25037],[-170.675122,-14.250367],[-170.675342,-14.248594],[-170.674597,-14.246831],[-170.673526,-14.246314],[-170.67153,-14.244425],[-170.670674,-14.241292],[-170.669898,-14.236558],[-170.66966,-14.234991],[-170.670135,-14.232411],[-170.670563,-14.230476],[-170.670801,-14.229854],[-170.671555,-14.229563],[-170.6721,-14.230233],[-170.671894,-14.231812],[-170.671989,-14.233931],[-170.671894,-14.235498],[-170.672199,-14.238209],[-170.673047,-14.239935],[-170.675204,-14.241476],[-170.67844,-14.244455],[-170.679769,-14.244899],[-170.681413,-14.245254],[-170.682699,-14.244035],[-170.683468,-14.246026],[-170.683771,-14.247409],[-170.685017,-14.247736],[-170.687786,-14.246658],[-170.688571,-14.248076],[-170.690276,-14.248214],[-170.690275,-14.248226],[-170.690125,-14.249522],[-170.688522,-14.252003],[-170.688695,-14.253625],[-170.689344,-14.253954],[-170.690440219395,-14.2538058787865]]]]}},{"type":"Feature","properties":{"name":"<at><openparen>60010950200<closeparen>","STATEFP":"60","COUNTYFP":"010","TRACTCE":"950200","GEOIDFQ":"1400000US60010950200","GEOID":"60010950200","NAME":"9502","NAMELSAD":"Census Tract 9502","STUSPS":"AS","NAMELSADCO":"Eastern District","STATE_NAME":"American Samoa","LSAD":"CT","ALAND":"5954577","AWATER":"47875714","jurisdiction":"American Samoa"},"geometry":{"type":"MultiPolygon","coordinates":[[[[-170.561009,-14.283769],[-170.561707,-14.285706],[-170.559871,-14.286857],[-170.558675,-14.288055],[-170.557236,-14.288682],[-170.556068,-14.288574],[-170.554512,-14.287452],[-170.553391,-14.288408],[-170.551376,-14.289141],[-170.550577,-14.289178],[-170.549593,-14.288767],[-170.548218,-14.288258],[-170.54592,-14.285685],[-170.545733,-14.283224],[-170.546725,-14.281412],[-170.548965,-14.279643],[-170.54985,-14.279644],[-170.550603,-14.279942],[-170.552051,-14.278567],[-170.553467,-14.278259],[-170.555351,-14.278456],[-170.557347,-14.278938],[-170.558489,-14.279715],[-170.560153,-14.281005],[-170.560676,-14.28211],[-170.561009,-14.283769]]],[[[-170.608083447761,-14.2698084477612],[-170.607356,-14.270179],[-170.607309,-14.271883],[-170.60728826961,-14.2718885138563],[-170.604884,-14.272528],[-170.603743,-14.2752],[-170.603601,-14.277273],[-170.605449,-14.278666],[-170.607183,-14.280361],[-170.604518,-14.282183],[-170.6031,-14.283401],[-170.602281,-14.28409],[-170.598771,-14.281811],[-170.596353607535,-14.2812387853993],[-170.596232,-14.28121],[-170.595643,-14.280153],[-170.591074,-14.279656],[-170.589814,-14.277619],[-170.58771,-14.277091],[-170.586784,-14.276556],[-170.587264,-14.275528],[-170.584896,-14.273869],[-170.582629,-14.273276],[-170.580986,-14.273625],[-170.580872,-14.274683],[-170.578591,-14.274824],[-170.576646,-14.273961],[-170.57641,-14.272851],[-170.573368,-14.271054],[-170.572485998213,-14.2713372582663],[-170.571288,-14.271722],[-170.569054,-14.271581],[-170.569033,-14.271572],[-170.565961207643,-14.2707345103603],[-170.566155,-14.270529],[-170.567168,-14.26799],[-170.578232,-14.261875],[-170.580143,-14.265155],[-170.582277,-14.265141],[-170.586344,-14.268081],[-170.590582,-14.26967],[-170.593942,-14.272013],[-170.596255,-14.270847],[-170.596542,-14.270703],[-170.600237,-14.268113],[-170.603302,-14.264676],[-170.606212,-14.267071],[-170.607354,-14.269354],[-170.608083447761,-14.2698084477612]]]]}},{"type":"Feature","properties":{"name":"<at><openparen>60010950300<closeparen>","STATEFP":"60","COUNTYFP":"010","TRACTCE":"950300","GEOIDFQ":"1400000US60010950300","GEOID":"60010950300","NAME":"9503","NAMELSAD":"Census Tract 9503","STUSPS":"AS","NAMELSADCO":"Eastern District","STATE_NAME":"American Samoa","LSAD":"CT","ALAND":"17200141","AWATER":"63697222","jurisdiction":"American Samoa"},"geometry":{"type":"Polygon","coordinates":[[[-170.664542,-14.289297],[-170.664542,-14.289988],[-170.663265,-14.291052],[-170.662711,-14.289876],[-170.661124,-14.289675],[-170.65986,-14.28904],[-170.657981,-14.289826],[-170.656693,-14.289813],[-170.654155,-14.288671],[-170.652276,-14.287972],[-170.651636,-14.289942],[-170.650869926201,-14.2895249046152],[-170.64689,-14.287358],[-170.64516,-14.288167],[-170.643015,-14.286398],[-170.642998,-14.286376],[-170.64168,-14.286726],[-170.64016,-14.286516],[-170.639143,-14.28457],[-170.639133,-14.281342],[-170.638166,-14.280247],[-170.636341,-14.280172],[-170.634211,-14.281],[-170.634113135035,-14.2810123907219],[-170.63196,-14.281285],[-170.629467,-14.280437],[-170.628325508772,-14.2796891929824],[-170.628284,-14.279662],[-170.627477,-14.27644],[-170.62407773962,-14.274340428169],[-170.623988,-14.274285],[-170.623958,-14.273185],[-170.62392,-14.273149],[-170.621664,-14.27133],[-170.621022861194,-14.2712329088506],[-170.617938260167,-14.2707657908777],[-170.617101,-14.270639],[-170.614653,-14.268082],[-170.612207,-14.26818],[-170.611436,-14.268461],[-170.611016,-14.270225],[-170.6103954888,-14.2699662028944],[-170.608954,-14.269365],[-170.608083447761,-14.2698084477612],[-170.607354,-14.269354],[-170.606212,-14.267071],[-170.603302,-14.264676],[-170.600237,-14.268113],[-170.596542,-14.270703],[-170.596255,-14.270847],[-170.592045,-14.258234],[-170.591624448357,-14.2576585855362],[-170.591658,-14.257505],[-170.593319,-14.258308],[-170.594956,-14.257546],[-170.59828,-14.255427],[-170.599025,-14.256291],[-170.601798,-14.254674],[-170.604059931917,-14.2539564085065],[-170.604181,-14.253918],[-170.604346,-14.255118],[-170.604456,-14.257509],[-170.605332,-14.258671],[-170.606313,-14.258931],[-170.606881,-14.257233],[-170.608022,-14.255666],[-170.608497,-14.254192],[-170.60978,-14.25516],[-170.611119,-14.254811],[-170.612347,-14.254192],[-170.612633,-14.251843],[-170.613198,-14.251438],[-170.61615,-14.254515],[-170.617813,-14.254487],[-170.619405,-14.255325],[-170.620571,-14.257018],[-170.623423,-14.257233],[-170.626003,-14.25845],[-170.627987,-14.258523],[-170.630601,-14.257279],[-170.632075,-14.255666],[-170.631199,-14.254285],[-170.629777,-14.252932],[-170.627348,-14.252305],[-170.623748,-14.251132],[-170.62147,-14.250182],[-170.622331,-14.248515],[-170.623346,-14.248761],[-170.624381,-14.249763],[-170.626561,-14.249631],[-170.628149,-14.248545],[-170.629318,-14.249032],[-170.629746,-14.250506],[-170.630601,-14.251105],[-170.63217,-14.250368],[-170.633272,-14.247654],[-170.633881,-14.247447],[-170.634804,-14.248114],[-170.636143,-14.249276],[-170.638392,-14.249298],[-170.638451,-14.249317],[-170.638454,-14.249318],[-170.63847,-14.249331],[-170.639779,-14.247094],[-170.640096824267,-14.2472059608214],[-170.640659,-14.247404],[-170.640264,-14.251626],[-170.641297,-14.252948],[-170.643043,-14.252992],[-170.643008,-14.250506],[-170.643816,-14.249815],[-170.644579,-14.249216],[-170.645423,-14.2492],[-170.645908,-14.251197],[-170.64529,-14.253225],[-170.646078,-14.255421],[-170.647809,-14.255851],[-170.648998,-14.255021],[-170.650186,-14.256081],[-170.650471,-14.258569],[-170.65242,-14.258984],[-170.653762,-14.257775],[-170.653911,-14.256169],[-170.653548,-14.253793],[-170.653181,-14.251382],[-170.651992,-14.249447],[-170.652494,-14.248541],[-170.652801935875,-14.2485697119697],[-170.656965,-14.257916],[-170.660374,-14.261184],[-170.660159,-14.262757],[-170.659248,-14.264092],[-170.656258,-14.265368],[-170.655822,-14.26661],[-170.653858,-14.271424],[-170.654415,-14.272948],[-170.658991,-14.282186],[-170.66184,-14.28661],[-170.663319412597,-14.2877941320575],[-170.663051,-14.288522],[-170.664542,-14.289297]]]}},{"type":"Feature","properties":{"name":"<at><openparen>60010950500<closeparen>","STATEFP":"60","COUNTYFP":"010","TRACTCE":"950500","GEOIDFQ":"1400000US60010950500","GEOID":"60010950500","NAME":"9505","NAMELSAD":"Census Tract 9505","STUSPS":"AS","NAMELSADCO":"Eastern District","STATE_NAME":"American Samoa","LSAD":"CT","ALAND":"3822833","AWATER":"3135729","jurisdiction":"American Samoa"},"geometry":{"type":"Polygon","coordinates":[[[-170.689785,-14.264842],[-170.689236,-14.268111],[-170.689252213956,-14.2718218578966],[-170.685838,-14.271469],[-170.685600135293,-14.2710808694873],[-170.685132,-14.270317],[-170.684217674778,-14.2697199110413],[-170.682515,-14.268608],[-170.678483,-14.267629],[-170.678463,-14.267633],[-170.674772,-14.268374],[-170.671689820092,-14.269453409579],[-170.671197,-14.269626],[-170.667094,-14.269916],[-170.665168,-14.270924],[-170.664438629553,-14.2727600262984],[-170.664155,-14.273474],[-170.665053,-14.275378],[-170.665635,-14.276168],[-170.664589,-14.278794],[-170.665146,-14.280175],[-170.664685,-14.284091],[-170.663319412597,-14.2877941320575],[-170.66184,-14.28661],[-170.658991,-14.282186],[-170.654415,-14.272948],[-170.653858,-14.271424],[-170.655822,-14.26661],[-170.656258,-14.265368],[-170.659248,-14.264092],[-170.662147,-14.263566],[-170.669923,-14.264097],[-170.676268,-14.263348],[-170.680454,-14.263281],[-170.683981,-14.263952],[-170.686036,-14.264637],[-170.687737,-14.265206],[-170.688194,-14.265406],[-170.689785,-14.264842]]]}},{"type":"Feature","properties":{"name":"<at><openparen>60010950600<closeparen>","STATEFP":"60","COUNTYFP":"010","TRACTCE":"950600","GEOIDFQ":"1400000US60010950600","GEOID":"60010950600","NAME":"9506","NAMELSAD":"Census Tract 9506","STUSPS":"AS","NAMELSADCO":"Eastern District","STATE_NAME":"American Samoa","LSAD":"CT","ALAND":"9276399","AWATER":"25260575","jurisdiction":"American Samoa"},"geometry":{"type":"Polygon","coordinates":[[[-170.721725,-14.272458],[-170.721907919089,-14.2728489124798],[-170.715211,-14.27841],[-170.711685,-14.284803],[-170.711584,-14.284947],[-170.719303,-14.297379],[-170.710906,-14.296116],[-170.7037,-14.29506],[-170.703674,-14.294965],[-170.702417,-14.290306],[-170.700322,-14.290187],[-170.697997,-14.2884],[-170.696377,-14.287799],[-170.698521,-14.285386],[-170.697794,-14.279855],[-170.696624,-14.279288],[-170.696162,-14.275399],[-170.695436657461,-14.2743272332755],[-170.695963,-14.274095],[-170.699581,-14.273802],[-170.699528630157,-14.2726387934145],[-170.699458,-14.27107],[-170.698666,-14.270781],[-170.694646924394,-14.2713585026835],[-170.691637,-14.271791],[-170.690734,-14.271975],[-170.689252213956,-14.2718218578966],[-170.689236,-14.268111],[-170.689785,-14.264842],[-170.688194,-14.265406],[-170.687737,-14.265206],[-170.686036,-14.264637],[-170.689804,-14.2586],[-170.690440219395,-14.2538058787865],[-170.691135,-14.253712],[-170.691169,-14.253707],[-170.692778,-14.251244],[-170.694214,-14.251012],[-170.694661,-14.25142],[-170.694432,-14.252541],[-170.695318,-14.253146],[-170.698974,-14.254201],[-170.701645,-14.254026],[-170.701728,-14.254038],[-170.70173,-14.254038],[-170.702033,-14.254879],[-170.701655,-14.256103],[-170.702289,-14.257117],[-170.703644,-14.259359],[-170.704601,-14.262017],[-170.704622,-14.262022],[-170.704687,-14.26204],[-170.706656,-14.262564],[-170.707651,-14.262413],[-170.707474,-14.261346],[-170.708414,-14.260868],[-170.70936,-14.260706],[-170.709415,-14.261885],[-170.711498,-14.26136],[-170.712443,-14.261894],[-170.713008,-14.262723],[-170.71308,-14.262829],[-170.712151,-14.264606],[-170.713656,-14.265205],[-170.71498,-14.266382],[-170.715875,-14.26651],[-170.716547,-14.267972],[-170.717015,-14.268355],[-170.717093,-14.269403],[-170.718288,-14.27059],[-170.719232,-14.271103],[-170.721725,-14.272458]]]}},{"type":"Feature","properties":{"name":"<at><openparen>60010950700<closeparen>","STATEFP":"60","COUNTYFP":"010","TRACTCE":"950700","GEOIDFQ":"1400000US60010950700","GEOID":"60010950700","NAME":"9507","NAMELSAD":"Census Tract 9507","STUSPS":"AS","NAMELSADCO":"Eastern District","STATE_NAME":"American Samoa","LSAD":"CT","ALAND":"4011874","AWATER":"2548738","jurisdiction":"American Samoa"},"geometry":{"type":"Polygon","coordinates":[[[-170.702417,-14.290306],[-170.703674,-14.294965],[-170.698627,-14.291004],[-170.695773,-14.291214],[-170.695184,-14.291751],[-170.690817,-14.294338],[-170.686582,-14.294128],[-170.681745,-14.29605],[-170.680039,-14.295224],[-170.68056,-14.29749],[-170.677921644047,-14.2983677453309],[-170.677804,-14.298279],[-170.676996,-14.295364],[-170.677125350394,-14.2950177121728],[-170.677442,-14.29417],[-170.677604,-14.294119],[-170.680229,-14.292752],[-170.681558,-14.292019],[-170.682843,-14.291416],[-170.682273,-14.29054],[-170.681702,-14.289895],[-170.680988,-14.28893],[-170.679431,-14.288809],[-170.675557698561,-14.2856594263858],[-170.675294,-14.285445],[-170.675257,-14.285415],[-170.675302,-14.285325],[-170.675879,-14.284177],[-170.676383,-14.284],[-170.681179,-14.282847],[-170.682353,-14.279404],[-170.68156,-14.278056],[-170.681295619544,-14.277895888786],[-170.680419,-14.277365],[-170.680453,-14.276755],[-170.680745,-14.276256],[-170.682845,-14.27604],[-170.682856,-14.276042],[-170.685175,-14.276571],[-170.687359,-14.276398],[-170.688738,-14.277734],[-170.693309,-14.275266],[-170.695436657461,-14.2743272332755],[-170.696162,-14.275399],[-170.696624,-14.279288],[-170.697794,-14.279855],[-170.698521,-14.285386],[-170.696377,-14.287799],[-170.697997,-14.2884],[-170.700322,-14.290187],[-170.702417,-14.290306]]]}},{"type":"Feature","properties":{"name":"<at><openparen>60010950900<closeparen>","STATEFP":"60","COUNTYFP":"010","TRACTCE":"950900","GEOIDFQ":"1400000US60010950900","GEOID":"60010950900","NAME":"9509","NAMELSAD":"Census Tract 9509","STUSPS":"AS","NAMELSADCO":"Eastern District","STATE_NAME":"American Samoa","LSAD":"CT","ALAND":"12986619","AWATER":"51344770","jurisdiction":"American Samoa"},"geometry":{"type":"MultiPolygon","coordinates":[[[[-170.70799,-14.325685],[-170.709228440492,-14.3256671135753],[-170.705434039757,-14.3302477257098],[-170.699675,-14.327006],[-170.700173,-14.325578],[-170.703141,-14.325731],[-170.70799,-14.325685]]],[[[-170.739221,-14.291185],[-170.740401333183,-14.2915104830465],[-170.73215,-14.297595],[-170.725391,-14.305583],[-170.718708,-14.313584],[-170.715961405027,-14.3172178088732],[-170.715025,-14.317304],[-170.712363,-14.316197],[-170.710176,-14.315875],[-170.710699,-14.315184],[-170.710842,-14.313756],[-170.709796,-14.313157],[-170.708418,-14.31348],[-170.706002,-14.311203],[-170.702093,-14.313553],[-170.702094,-14.31356],[-170.701984,-14.314071],[-170.703809,-14.32142],[-170.703514,-14.32201],[-170.702848,-14.32206],[-170.702307,-14.321649],[-170.697947,-14.311479],[-170.696919576488,-14.3108686831569],[-170.695235,-14.309868],[-170.694740587444,-14.3073959372197],[-170.694721,-14.307298],[-170.690975064031,-14.3054476718662],[-170.68984,-14.304887],[-170.689165,-14.301819],[-170.68615,-14.30112],[-170.684576,-14.301498],[-170.684519018395,-14.3013278558645],[-170.683722,-14.298948],[-170.683668,-14.298933],[-170.682597,-14.29863],[-170.680043,-14.299968],[-170.677921644047,-14.2983677453309],[-170.68056,-14.29749],[-170.680039,-14.295224],[-170.681745,-14.29605],[-170.686582,-14.294128],[-170.690817,-14.294338],[-170.695184,-14.291751],[-170.695773,-14.291214],[-170.698627,-14.291004],[-170.703674,-14.294965],[-170.7037,-14.29506],[-170.710906,-14.296116],[-170.719303,-14.297379],[-170.711584,-14.284947],[-170.711685,-14.284803],[-170.715211,-14.27841],[-170.721907919089,-14.2728489124798],[-170.72217,-14.273409],[-170.723076,-14.275347],[-170.722393,-14.278932],[-170.724009,-14.28165],[-170.722765,-14.282333],[-170.721194,-14.283262],[-170.720648,-14.284762],[-170.721051,-14.286548],[-170.722606,-14.287878],[-170.723439,-14.288606],[-170.725354,-14.286832],[-170.725008,-14.285381],[-170.728953,-14.283953],[-170.731366,-14.281636],[-170.734848,-14.284751],[-170.740238,-14.287561],[-170.740286,-14.287588],[-170.740283,-14.287596],[-170.739859,-14.288582],[-170.73915,-14.288823],[-170.738603,-14.29008],[-170.739221,-14.291185]]]]}},{"type":"Feature","properties":{"name":"<at><openparen>60020951800<closeparen>","STATEFP":"60","COUNTYFP":"020","TRACTCE":"951800","GEOIDFQ":"1400000US60020951800","GEOID":"60020951800","NAME":"9518","NAMELSAD":"Census Tract 9518","STUSPS":"AS","NAMELSADCO":"Manu'a District","STATE_NAME":"American Samoa","LSAD":"CT","ALAND":"57620993","AWATER":"464238044","jurisdiction":"American Samoa"},"geometry":{"type":"MultiPolygon","coordinates":[[[[-169.519103,-14.220882],[-169.518485,-14.223693],[-169.516916,-14.224522],[-169.516821,-14.22549],[-169.516964,-14.228669],[-169.516203,-14.231204],[-169.516125033171,-14.2314033563313],[-169.515158,-14.233876],[-169.513351,-14.237194],[-169.511973,-14.239221],[-169.511878,-14.240281],[-169.510832,-14.240695],[-169.508455,-14.241847],[-169.506934,-14.243921],[-169.505603,-14.244197],[-169.504531,-14.24495],[-169.503654,-14.247192],[-169.50199,-14.251385],[-169.499661,-14.255117],[-169.497902,-14.260046],[-169.497855,-14.262027],[-169.497712,-14.263271],[-169.496744,-14.264822],[-169.496718,-14.264859],[-169.492726,-14.270452],[-169.49162,-14.271294],[-169.490534,-14.27184],[-169.489467,-14.271805],[-169.488157,-14.272117],[-169.487243,-14.272044],[-169.486398,-14.271794],[-169.48483,-14.272163],[-169.484069,-14.271564],[-169.483214,-14.270228],[-169.483261,-14.268661],[-169.483079,-14.267593],[-169.481883,-14.26774],[-169.481169,-14.26774],[-169.480932,-14.267141],[-169.4812,-14.265992],[-169.479506,-14.264791],[-169.477985,-14.263455],[-169.475703,-14.260922],[-169.473754,-14.258019],[-169.472756,-14.2559],[-169.470712,-14.253826],[-169.46919,-14.253228],[-169.468668,-14.252444],[-169.467099,-14.252122],[-169.46496,-14.251753],[-169.463438,-14.24968],[-169.461537,-14.248851],[-169.458875,-14.248528],[-169.456784,-14.248344],[-169.454502,-14.248712],[-169.453739,-14.248216],[-169.45222,-14.248298],[-169.450788,-14.248466],[-169.447989,-14.249219],[-169.446611,-14.250049],[-169.445232,-14.250694],[-169.444044,-14.251753],[-169.443046,-14.252168],[-169.440479,-14.252997],[-169.439813,-14.253919],[-169.438482,-14.25507],[-169.435716,-14.255318],[-169.432398,-14.255808],[-169.430591,-14.256775],[-169.42777,-14.257258],[-169.425647,-14.257236],[-169.423794,-14.256591],[-169.422938,-14.255024],[-169.422605,-14.253412],[-169.422035,-14.248943],[-169.421084,-14.244427],[-169.421179,-14.240511],[-169.421132,-14.23595],[-169.420419,-14.232678],[-169.419848,-14.231019],[-169.419325,-14.229775],[-169.419658,-14.226366],[-169.418992,-14.224108],[-169.418802,-14.218394],[-169.420181,-14.21738],[-169.420697759662,-14.2171066552778],[-169.42265,-14.216074],[-169.424459,-14.213602],[-169.427311,-14.211574],[-169.428309,-14.211344],[-169.429057,-14.211633],[-169.430904,-14.212477],[-169.436913,-14.213371],[-169.440003,-14.214016],[-169.442855,-14.213509],[-169.446225,-14.213665],[-169.453979,-14.211712],[-169.455975,-14.211989],[-169.459018,-14.21268],[-169.464254,-14.213559],[-169.466967,-14.21529],[-169.46805,-14.21586],[-169.469999,-14.215076],[-169.472518,-14.214984],[-169.475418,-14.215675],[-169.480208841703,-14.2152878535633],[-169.481692,-14.215168],[-169.483166,-14.21609],[-169.48464,-14.216228],[-169.488631,-14.215208],[-169.492578,-14.216643],[-169.496934,-14.217195],[-169.498604,-14.217431],[-169.498606,-14.217431],[-169.501062,-14.216937],[-169.502751,-14.216136],[-169.504177,-14.214984],[-169.505175,-14.214062],[-169.506022,-14.212571],[-169.507363,-14.212398],[-169.50798,-14.212772],[-169.507409,-14.21397],[-169.507409,-14.2148],[-169.508408,-14.215721],[-169.509751,-14.215329],[-169.510214,-14.215998],[-169.50961,-14.21704],[-169.510016,-14.218103],[-169.510737,-14.21867],[-169.51183,-14.220007],[-169.513209,-14.22056],[-169.514254,-14.22079],[-169.515443,-14.22056],[-169.516108,-14.219454],[-169.517154,-14.220145],[-169.51801,-14.21973],[-169.518348086211,-14.2200863360614],[-169.519103,-14.220882]]],[[[-169.631936,-14.168769],[-169.631856303434,-14.1688829404948],[-169.631033,-14.17006],[-169.629654,-14.171258],[-169.628132,-14.172306],[-169.626422,-14.174069],[-169.625566,-14.175636],[-169.625233,-14.17748],[-169.623047,-14.179554],[-169.621887,-14.181049],[-169.621716,-14.181858],[-169.619482,-14.18361],[-169.618103,-14.18513],[-169.61731,-14.18695],[-169.615964,-14.189002],[-169.614321,-14.190804],[-169.61335,-14.191029],[-169.613397,-14.192642],[-169.612684,-14.193334],[-169.612161,-14.192504],[-169.612068,-14.191029],[-169.611163,-14.188725],[-169.610702,-14.187772],[-169.609594,-14.185038],[-169.608646,-14.183525],[-169.60864,-14.183517],[-169.607883,-14.181858],[-169.606926,-14.181125],[-169.606244,-14.179954],[-169.606741,-14.177635],[-169.608951,-14.173603],[-169.609570592355,-14.1725175309507],[-169.609737,-14.172226],[-169.609895,-14.170738],[-169.609974,-14.1684],[-169.6099,-14.164807],[-169.610165,-14.1631],[-169.609451,-14.157778],[-169.60945,-14.157764],[-169.61026,-14.156601],[-169.6117,-14.155666],[-169.613112,-14.15508],[-169.6143,-14.155264],[-169.615013,-14.155587],[-169.616439,-14.156785],[-169.617152,-14.15909],[-169.618911,-14.162316],[-169.620718,-14.164344],[-169.621906,-14.164759],[-169.624568,-14.165451],[-169.626042,-14.167064],[-169.627182,-14.167202],[-169.62861573401,-14.1672769877936],[-169.628941,-14.167294],[-169.630272,-14.167939],[-169.631936,-14.168769]]],[[[-169.682134,-14.161625],[-169.681991,-14.163054],[-169.681183,-14.163146],[-169.68047,-14.16416],[-169.680851,-14.165497],[-169.681475,-14.166676],[-169.680613,-14.16817],[-169.679282,-14.169875],[-169.678569,-14.172825],[-169.677285,-14.175222],[-169.677666,-14.176236],[-169.677618,-14.177296],[-169.677761,-14.178356],[-169.677333,-14.179139],[-169.675764,-14.18149],[-169.673292,-14.184163],[-169.671343,-14.185315],[-169.66987,-14.185637],[-169.667731,-14.185223],[-169.665877,-14.184439],[-169.664023,-14.18407],[-169.660553,-14.18278],[-169.657083,-14.180476],[-169.654896,-14.178263],[-169.651901,-14.175959],[-169.650237,-14.174115],[-169.646007,-14.171719],[-169.642869,-14.170567],[-169.641015,-14.170474],[-169.639922,-14.170152],[-169.638924,-14.170705],[-169.637783,-14.170613],[-169.636024,-14.169599],[-169.63379,-14.169599],[-169.63322,-14.169138],[-169.632839,-14.168308],[-169.633077,-14.167571],[-169.633552,-14.16734],[-169.635382,-14.166518],[-169.639162,-14.16628],[-169.641301,-14.16711],[-169.64363,-14.167571],[-169.646862,-14.167479],[-169.650523,-14.166787],[-169.653232,-14.166649],[-169.656892,-14.165727],[-169.661408,-14.164529],[-169.665782,-14.163791],[-169.667683,-14.163469],[-169.668681,-14.162593],[-169.670202,-14.161026],[-169.671201,-14.160611],[-169.672532,-14.160519],[-169.675669,-14.159966],[-169.677571,-14.15992],[-169.678854,-14.159966],[-169.679567,-14.159689],[-169.67971,-14.159044],[-169.68028,-14.15886],[-169.681088,-14.159781],[-169.682134,-14.161625]]],[[[-169.687268,-14.164298],[-169.687743,-14.164805],[-169.68627,-14.166142],[-169.685462,-14.167386],[-169.685604,-14.168539],[-169.686175,-14.169599],[-169.684939,-14.171581],[-169.684416,-14.172318],[-169.683796,-14.169785],[-169.683275,-14.168446],[-169.683037,-14.167525],[-169.683608,-14.166372],[-169.684368,-14.165358],[-169.685462,-14.164529],[-169.687268,-14.164298]]]]}},{"type":"Feature","properties":{"name":"<at><openparen>60030951900<closeparen>","STATEFP":"60","COUNTYFP":"030","TRACTCE":"951900","GEOIDFQ":"1400000US60030951900","GEOID":"60030951900","NAME":"9519","NAMELSAD":"Census Tract 9519","STUSPS":"AS","NAMELSADCO":"Rose Island","STATE_NAME":"American Samoa","LSAD":"CT","ALAND":"82093","AWATER":"147383994","jurisdiction":"American Samoa"},"geometry":{"type":"MultiPolygon","coordinates":[[[[-168.145824,-14.547906],[-168.145661,-14.548275],[-168.145529,-14.548445],[-168.145426,-14.548543],[-168.145294,-14.548608],[-168.144905,-14.548699],[-168.144371,-14.548491],[-168.144099,-14.548297],[-168.143637,-14.547874],[-168.143362,-14.547501],[-168.1433,-14.547368],[-168.143311,-14.547162],[-168.143347,-14.546928],[-168.143476,-14.546758],[-168.143623,-14.546434],[-168.144004,-14.546022],[-168.144603,-14.545516],[-168.144883,-14.545375],[-168.145097,-14.545332],[-168.145231,-14.545659],[-168.145605,-14.546883],[-168.145824,-14.547906]]],[[[-168.152291,-14.536105],[-168.152307,-14.536368],[-168.152135,-14.53661],[-168.151982,-14.536662],[-168.151991,-14.536821],[-168.151921,-14.537092],[-168.151654,-14.537362],[-168.151444,-14.53741],[-168.151103,-14.537605],[-168.15084,-14.537724],[-168.15054,-14.537306],[-168.150445,-14.537056],[-168.150429,-14.536813],[-168.150458,-14.536411],[-168.150606,-14.536125],[-168.150943,-14.535791],[-168.151329,-14.535588],[-168.151724,-14.535604],[-168.152028,-14.535755],[-168.152291,-14.536105]]]]}},{"type":"Feature","properties":{"name":"<at><openparen>60040952000<closeparen>","STATEFP":"60","COUNTYFP":"040","TRACTCE":"952000","GEOIDFQ":"1400000US60040952000","GEOID":"60040952000","NAME":"9520","NAMELSAD":"Census Tract 9520","STUSPS":"AS","NAMELSADCO":"Swains Island","STATE_NAME":"American Samoa","LSAD":"CT","ALAND":"2432605","AWATER":"149170816","jurisdiction":"American Samoa"},"geometry":{"type":"Polygon","coordinates":[[[-171.089874,-11.052592],[-171.089823,-11.054115],[-171.088959,-11.0568],[-171.087202,-11.059712],[-171.08484,-11.06203],[-171.082449,-11.063896],[-171.080865,-11.064603],[-171.078762,-11.064574],[-171.076861,-11.063811],[-171.071993,-11.060023],[-171.07061,-11.059316],[-171.067698,-11.057124],[-171.066232,-11.055698],[-171.0658,-11.05386],[-171.066376,-11.051514],[-171.068824,-11.048687],[-171.070174,-11.047919],[-171.071791,-11.047132],[-171.073635,-11.046934],[-171.079568,-11.047782],[-171.08435,-11.04846],[-171.086942,-11.049309],[-171.088152,-11.049902],[-171.089535,-11.051174],[-171.089874,-11.052592]]]}},{"type":"Feature","properties":{"name":"<at><openparen>60050951000<closeparen>","STATEFP":"60","COUNTYFP":"050","TRACTCE":"951000","GEOIDFQ":"1400000US60050951000","GEOID":"60050951000","NAME":"9510","NAMELSAD":"Census Tract 9510","STUSPS":"AS","NAMELSADCO":"Western District","STATE_NAME":"American Samoa","LSAD":"CT","ALAND":"5750595","AWATER":"6611","jurisdiction":"American Samoa"},"geometry":{"type":"Polygon","coordinates":[[[-170.746781,-14.319092],[-170.744294,-14.323172],[-170.744163,-14.324218],[-170.742851,-14.323502],[-170.739144,-14.325464],[-170.738851,-14.324333],[-170.735647,-14.324398],[-170.734869,-14.324397],[-170.733719,-14.320307],[-170.731158,-14.321647],[-170.7278,-14.320539],[-170.727954,-14.321736],[-170.724807,-14.321895],[-170.7237,-14.323114],[-170.722927,-14.322353],[-170.723081,-14.320218],[-170.717542,-14.317542],[-170.71645830093,-14.3175895712749],[-170.716546,-14.317164],[-170.715961405027,-14.3172178088732],[-170.718708,-14.313584],[-170.725391,-14.305583],[-170.73215,-14.297595],[-170.738035,-14.298632],[-170.739183,-14.300011],[-170.739854,-14.30431],[-170.740755,-14.306233],[-170.742977,-14.309116],[-170.743923,-14.311155],[-170.743698,-14.313322],[-170.744239,-14.316025],[-170.746781,-14.319092]]]}},{"type":"Feature","properties":{"name":"<at><openparen>60050951100<closeparen>","STATEFP":"60","COUNTYFP":"050","TRACTCE":"951100","GEOIDFQ":"1400000US60050951100","GEOID":"60050951100","NAME":"9511","NAMELSAD":"Census Tract 9511","STUSPS":"AS","NAMELSADCO":"Western District","STATE_NAME":"American Samoa","LSAD":"CT","ALAND":"4878596","AWATER":"0","jurisdiction":"American Samoa"},"geometry":{"type":"Polygon","coordinates":[[[-170.762892,-14.321333],[-170.762244,-14.325721],[-170.760924,-14.327959],[-170.76104,-14.332056],[-170.759455,-14.331897],[-170.758349,-14.335652],[-170.758459,-14.338068],[-170.754918,-14.339925],[-170.750419,-14.340949],[-170.746897,-14.340018],[-170.74669,-14.337873],[-170.743638,-14.334869],[-170.74125,-14.332499],[-170.741187,-14.331762],[-170.740131,-14.330598],[-170.739144,-14.325464],[-170.742851,-14.323502],[-170.744163,-14.324218],[-170.744294,-14.323172],[-170.746781,-14.319092],[-170.749558,-14.314398],[-170.752729,-14.315938],[-170.758899,-14.316282],[-170.759857,-14.318014],[-170.760847,-14.316988],[-170.761281,-14.319683],[-170.761898,-14.320014],[-170.762892,-14.321333]]]}},{"type":"Feature","properties":{"name":"<at><openparen>60050951201<closeparen>","STATEFP":"60","COUNTYFP":"050","TRACTCE":"951201","GEOIDFQ":"1400000US60050951201","GEOID":"60050951201","NAME":"9512.01","NAMELSAD":"Census Tract 9512.01","STUSPS":"AS","NAMELSADCO":"Western District","STATE_NAME":"American Samoa","LSAD":"CT","ALAND":"3680016","AWATER":"19034568","jurisdiction":"American Samoa"},"geometry":{"type":"Polygon","coordinates":[[[-170.734869,-14.324397],[-170.735647,-14.324398],[-170.73453,-14.326168],[-170.732252,-14.324497],[-170.7307,-14.328733],[-170.73072,-14.330588],[-170.723875,-14.33008],[-170.720826,-14.333794],[-170.723885,-14.335524],[-170.722922,-14.337912],[-170.722517,-14.338623],[-170.721619460004,-14.3398935541124],[-170.717484,-14.337117],[-170.716703,-14.337662],[-170.712917,-14.335624],[-170.712601,-14.334518],[-170.708412,-14.331924],[-170.705434039757,-14.3302477257098],[-170.709228440492,-14.3256671135753],[-170.711175,-14.325639],[-170.712834,-14.324446],[-170.71355,-14.32313],[-170.713361,-14.322139],[-170.715206,-14.320086],[-170.715605,-14.319352],[-170.716356,-14.318086],[-170.71645830093,-14.3175895712749],[-170.717542,-14.317542],[-170.723081,-14.320218],[-170.722927,-14.322353],[-170.7237,-14.323114],[-170.724807,-14.321895],[-170.727954,-14.321736],[-170.7278,-14.320539],[-170.731158,-14.321647],[-170.733719,-14.320307],[-170.734869,-14.324397]]]}},{"type":"Feature","properties":{"name":"<at><openparen>60050951202<closeparen>","STATEFP":"60","COUNTYFP":"050","TRACTCE":"951202","GEOIDFQ":"1400000US60050951202","GEOID":"60050951202","NAME":"9512.02","NAMELSAD":"Census Tract 9512.02","STUSPS":"AS","NAMELSADCO":"Western District","STATE_NAME":"American Samoa","LSAD":"CT","ALAND":"2429030","AWATER":"0","jurisdiction":"American Samoa"},"geometry":{"type":"Polygon","coordinates":[[[-170.743638,-14.334869],[-170.742772,-14.33514],[-170.74125,-14.335153],[-170.740632,-14.335151],[-170.738615,-14.335284],[-170.737706,-14.338076],[-170.733191,-14.34075],[-170.730176,-14.339029],[-170.729398,-14.340267],[-170.722922,-14.337912],[-170.723885,-14.335524],[-170.720826,-14.333794],[-170.723875,-14.33008],[-170.73072,-14.330588],[-170.7307,-14.328733],[-170.732252,-14.324497],[-170.73453,-14.326168],[-170.735647,-14.324398],[-170.738851,-14.324333],[-170.739144,-14.325464],[-170.740131,-14.330598],[-170.741187,-14.331762],[-170.74125,-14.332499],[-170.743638,-14.334869]]]}},{"type":"Feature","properties":{"name":"<at><openparen>60050951203<closeparen>","STATEFP":"60","COUNTYFP":"050","TRACTCE":"951203","GEOIDFQ":"1400000US60050951203","GEOID":"60050951203","NAME":"9512.03","NAMELSAD":"Census Tract 9512.03","STUSPS":"AS","NAMELSADCO":"Western District","STATE_NAME":"American Samoa","LSAD":"CT","ALAND":"7143197","AWATER":"31737061","jurisdiction":"American Samoa"},"geometry":{"type":"Polygon","coordinates":[[[-170.757182,-14.342149],[-170.756021,-14.344747],[-170.753917,-14.346718],[-170.753877,-14.350131],[-170.755978,-14.35009],[-170.755801,-14.35213],[-170.753842,-14.352452],[-170.752656023371,-14.3607268591428],[-170.751723,-14.359858],[-170.749864,-14.358814],[-170.747906,-14.35982],[-170.747062,-14.361794],[-170.745496,-14.362667],[-170.744387,-14.364047],[-170.741951,-14.365506],[-170.740427,-14.364822],[-170.740417,-14.364817],[-170.738841,-14.361455],[-170.737067,-14.358768],[-170.732566,-14.354792],[-170.728467595173,-14.3494808432409],[-170.727507,-14.348236],[-170.725367,-14.347902],[-170.724156,-14.347713],[-170.721973,-14.345529],[-170.721421,-14.344382],[-170.72116,-14.344202],[-170.721528,-14.342295],[-170.721858,-14.340197],[-170.721853,-14.34005],[-170.721708,-14.339953],[-170.721619460004,-14.3398935541124],[-170.722517,-14.338623],[-170.722922,-14.337912],[-170.729398,-14.340267],[-170.730176,-14.339029],[-170.733191,-14.34075],[-170.737706,-14.338076],[-170.738615,-14.335284],[-170.740632,-14.335151],[-170.74125,-14.335153],[-170.742772,-14.33514],[-170.743638,-14.334869],[-170.74669,-14.337873],[-170.746897,-14.340018],[-170.750419,-14.340949],[-170.754918,-14.339925],[-170.755646,-14.341152],[-170.757182,-14.342149]]]}},{"type":"Feature","properties":{"name":"<at><openparen>60050951300<closeparen>","STATEFP":"60","COUNTYFP":"050","TRACTCE":"951300","GEOIDFQ":"1400000US60050951300","GEOID":"60050951300","NAME":"9513","NAMELSAD":"Census Tract 9513","STUSPS":"AS","NAMELSADCO":"Western District","STATE_NAME":"American Samoa","LSAD":"CT","ALAND":"6712094","AWATER":"27635176","jurisdiction":"American Samoa"},"geometry":{"type":"Polygon","coordinates":[[[-170.788147922604,-14.345876708768],[-170.788166,-14.345935],[-170.787445,-14.346775],[-170.787064,-14.348538],[-170.785336,-14.350218],[-170.785159,-14.351149],[-170.785371,-14.352002],[-170.785007,-14.353463],[-170.785795,-14.355517],[-170.785716,-14.356403],[-170.785475,-14.357289],[-170.781223462121,-14.358808640862],[-170.778587,-14.359751],[-170.776335,-14.360987],[-170.775413,-14.361927],[-170.773835,-14.36233],[-170.772195,-14.363172],[-170.770242,-14.36354],[-170.769777,-14.364797],[-170.76969389158,-14.3648970560197],[-170.769267,-14.365411],[-170.767957,-14.362227],[-170.76571,-14.361848],[-170.764938,-14.361377],[-170.763461,-14.362171],[-170.760232,-14.362575],[-170.759709,-14.363357],[-170.759994,-14.365476],[-170.76123,-14.366351],[-170.762098,-14.366881],[-170.762518,-14.367656],[-170.762397,-14.368072],[-170.761373,-14.369599],[-170.76091,-14.371452],[-170.760871,-14.372598],[-170.760154,-14.373477],[-170.760135,-14.373473],[-170.760129,-14.373472],[-170.759768,-14.37374],[-170.758753,-14.373213],[-170.758129,-14.372606],[-170.757934,-14.371154],[-170.755357,-14.368655],[-170.754391,-14.367007],[-170.753063,-14.365611],[-170.753149,-14.363956],[-170.753767,-14.363311],[-170.753862,-14.362114],[-170.752959,-14.361009],[-170.752656023371,-14.3607268591428],[-170.753842,-14.352452],[-170.755801,-14.35213],[-170.755978,-14.35009],[-170.753877,-14.350131],[-170.753917,-14.346718],[-170.756021,-14.344747],[-170.757182,-14.342149],[-170.761416,-14.340059],[-170.764256,-14.3393],[-170.766347,-14.341005],[-170.767963,-14.339542],[-170.770884,-14.338924],[-170.771131,-14.341251],[-170.771145,-14.342362],[-170.766827,-14.345446],[-170.764031,-14.345329],[-170.761848,-14.346027],[-170.764357,-14.349388],[-170.764357,-14.349013],[-170.766085,-14.34804],[-170.772169,-14.347652],[-170.774536,-14.349333],[-170.774458,-14.350353],[-170.778549,-14.35146],[-170.782274,-14.345211],[-170.78445,-14.347467],[-170.788147922604,-14.345876708768]]]}},{"type":"Feature","properties":{"name":"<at><openparen>60050951500<closeparen>","STATEFP":"60","COUNTYFP":"050","TRACTCE":"951500","GEOIDFQ":"1400000US60050951500","GEOID":"60050951500","NAME":"9515","NAMELSAD":"Census Tract 9515","STUSPS":"AS","NAMELSADCO":"Western District","STATE_NAME":"American Samoa","LSAD":"CT","ALAND":"18709311","AWATER":"13616700","jurisdiction":"American Samoa"},"geometry":{"type":"Polygon","coordinates":[[[-170.794562708948,-14.2908077729274],[-170.794637,-14.292848],[-170.791658,-14.297227],[-170.790695,-14.302602],[-170.790244,-14.310721],[-170.789422,-14.310478],[-170.787547,-14.311074],[-170.783824,-14.314166],[-170.780475,-14.315095],[-170.769344,-14.31856],[-170.767958,-14.318838],[-170.775404,-14.327684],[-170.777461,-14.32888],[-170.774905,-14.334188],[-170.776626,-14.334188],[-170.776982,-14.337568],[-170.775734,-14.34006],[-170.776015,-14.341052],[-170.773832,-14.34077],[-170.771131,-14.341251],[-170.770884,-14.338924],[-170.767963,-14.339542],[-170.766347,-14.341005],[-170.764256,-14.3393],[-170.761416,-14.340059],[-170.757182,-14.342149],[-170.755646,-14.341152],[-170.754918,-14.339925],[-170.758459,-14.338068],[-170.758349,-14.335652],[-170.759455,-14.331897],[-170.76104,-14.332056],[-170.760924,-14.327959],[-170.762244,-14.325721],[-170.762892,-14.321333],[-170.761898,-14.320014],[-170.761281,-14.319683],[-170.760847,-14.316988],[-170.759857,-14.318014],[-170.758899,-14.316282],[-170.752729,-14.315938],[-170.749558,-14.314398],[-170.746781,-14.319092],[-170.744239,-14.316025],[-170.743698,-14.313322],[-170.743923,-14.311155],[-170.742977,-14.309116],[-170.740755,-14.306233],[-170.739854,-14.30431],[-170.739183,-14.300011],[-170.738035,-14.298632],[-170.73215,-14.297595],[-170.740401333183,-14.2915104830465],[-170.740512,-14.291541],[-170.740521,-14.291548],[-170.74057,-14.291548],[-170.742242,-14.290789],[-170.743357,-14.291726],[-170.744765,-14.291816],[-170.746394,-14.292051],[-170.747356,-14.291216],[-170.748535,-14.291158],[-170.749774,-14.292567],[-170.7512,-14.293627],[-170.75139,-14.294087],[-170.752341,-14.296022],[-170.753387,-14.296114],[-170.753957,-14.294963],[-170.75467,-14.292521],[-170.755281,-14.291454],[-170.756669,-14.291143],[-170.757716,-14.291379],[-170.759835,-14.292206],[-170.761421,-14.291297],[-170.761135,-14.290218],[-170.76045,-14.288485],[-170.761433,-14.287419],[-170.763205,-14.287837],[-170.764198,-14.289791],[-170.764973,-14.289827],[-170.766846,-14.288961],[-170.767810258193,-14.2894434138745],[-170.770232,-14.290655],[-170.772341,-14.292041],[-170.773963,-14.293145],[-170.774816,-14.292658],[-170.77488,-14.291211],[-170.775327,-14.291022],[-170.77801,-14.291968],[-170.778438,-14.292659],[-170.778581,-14.294272],[-170.779246,-14.294963],[-170.780672,-14.295055],[-170.781243,-14.294041],[-170.781575,-14.291047],[-170.781962,-14.289621],[-170.78291,-14.287412],[-170.783385,-14.287304],[-170.784994,-14.287631],[-170.784957,-14.289014],[-170.785601,-14.290127],[-170.787512,-14.290222],[-170.789827,-14.290384],[-170.790468,-14.289761],[-170.791683,-14.290612],[-170.794562708948,-14.2908077729274]]]}},{"type":"Feature","properties":{"name":"<at><openparen>60050951600<closeparen>","STATEFP":"60","COUNTYFP":"050","TRACTCE":"951600","GEOIDFQ":"1400000US60050951600","GEOID":"60050951600","NAME":"9516","NAMELSAD":"Census Tract 9516","STUSPS":"AS","NAMELSADCO":"Western District","STATE_NAME":"American Samoa","LSAD":"CT","ALAND":"23195675","AWATER":"104696103","jurisdiction":"American Samoa"},"geometry":{"type":"Polygon","coordinates":[[[-170.847,-14.320853],[-170.846889397161,-14.3223931066596],[-170.846854,-14.322886],[-170.846197,-14.323329],[-170.844751,-14.32375],[-170.841573,-14.324358],[-170.839269,-14.323723],[-170.83744,-14.32497],[-170.836019,-14.326036],[-170.834483,-14.324948],[-170.832439,-14.324672],[-170.83011,-14.326652],[-170.829349,-14.328541],[-170.829333161437,-14.3298011987313],[-170.829326,-14.330371],[-170.826925,-14.329022],[-170.823402,-14.329842],[-170.822096,-14.331157],[-170.821530192048,-14.3309867938375],[-170.820876,-14.33079],[-170.819499,-14.331207],[-170.818323,-14.332361],[-170.817343623644,-14.3319580274369],[-170.816211,-14.331492],[-170.813995,-14.328495],[-170.813839658082,-14.3283143590078],[-170.812331,-14.32656],[-170.810145,-14.325639],[-170.809301888889,-14.325639],[-170.809004,-14.325639],[-170.807387,-14.327067],[-170.807292,-14.328541],[-170.806507,-14.330851],[-170.805301,-14.331971],[-170.80426871683,-14.3323636527225],[-170.804068,-14.33244],[-170.803177,-14.332139],[-170.801527,-14.331878],[-170.799412,-14.332988],[-170.799394934008,-14.3338624289146],[-170.799391,-14.334064],[-170.797468,-14.3316],[-170.794981,-14.331535],[-170.794885,-14.333239],[-170.794594407438,-14.3336638711148],[-170.793619,-14.33509],[-170.793032,-14.333883],[-170.791701,-14.333929],[-170.790322,-14.334574],[-170.79037,-14.33591],[-170.789921,-14.336696],[-170.789363926829,-14.3369050243902],[-170.787637,-14.337553],[-170.785793,-14.339635],[-170.785578,-14.340272],[-170.787002,-14.341775],[-170.787734,-14.344542],[-170.788147922604,-14.345876708768],[-170.78445,-14.347467],[-170.782274,-14.345211],[-170.778549,-14.35146],[-170.774458,-14.350353],[-170.774536,-14.349333],[-170.772169,-14.347652],[-170.766085,-14.34804],[-170.764357,-14.349013],[-170.764357,-14.349388],[-170.761848,-14.346027],[-170.764031,-14.345329],[-170.766827,-14.345446],[-170.771145,-14.342362],[-170.771131,-14.341251],[-170.773832,-14.34077],[-170.776015,-14.341052],[-170.775734,-14.34006],[-170.776982,-14.337568],[-170.776626,-14.334188],[-170.774905,-14.334188],[-170.777461,-14.32888],[-170.775404,-14.327684],[-170.767958,-14.318838],[-170.769344,-14.31856],[-170.780475,-14.315095],[-170.783824,-14.314166],[-170.787547,-14.311074],[-170.789422,-14.310478],[-170.790244,-14.310721],[-170.790695,-14.302602],[-170.791658,-14.297227],[-170.794637,-14.292848],[-170.794562708948,-14.2908077729274],[-170.795581,-14.290877],[-170.797032,-14.29124],[-170.797391,-14.289613],[-170.798359,-14.289397],[-170.799354,-14.289958],[-170.801272,-14.29137],[-170.803439,-14.291942],[-170.806348,-14.292523],[-170.807483,-14.293301],[-170.809046,-14.293782],[-170.811194,-14.29504],[-170.81152,-14.295592],[-170.811844,-14.298477],[-170.812231741517,-14.2990852403081],[-170.812259,-14.299128],[-170.813718,-14.300422],[-170.815373,-14.300396],[-170.815801,-14.301642],[-170.815516,-14.303116],[-170.816229,-14.303807],[-170.818273,-14.303438],[-170.819987,-14.300707],[-170.820826,-14.300066],[-170.821691,-14.300654],[-170.822525,-14.302215],[-170.823674664272,-14.3025278396783],[-170.823859,-14.302578],[-170.824977,-14.303577],[-170.82516,-14.30544],[-170.827088,-14.307593],[-170.829331,-14.308065],[-170.831269,-14.30954],[-170.832316,-14.310875],[-170.833224,-14.311016],[-170.833622,-14.311748],[-170.833648,-14.31417],[-170.834777,-14.317391],[-170.836528,-14.319246],[-170.838735,-14.319645],[-170.840756,-14.320605],[-170.843515,-14.32058],[-170.845551,-14.31988],[-170.847,-14.320853]]]}},{"type":"Feature","properties":{"name":"<at><openparen>69085950100<closeparen>","STATEFP":"69","COUNTYFP":"085","TRACTCE":"950100","GEOIDFQ":"1400000US69085950100","GEOID":"69085950100","NAME":"9501","NAMELSAD":"Census Tract 9501","STUSPS":"MP","NAMELSADCO":"Northern Islands Municipality","STATE_NAME":"Commonwealth of the Northern Mariana Islands","LSAD":"CT","ALAND":"160067128","AWATER":"2939499290","jurisdiction":"Northern Mariana Islands"},"geometry":{"type":"MultiPolygon","coordinates":[[[[146.051302,16.00657],[146.051449,16.00576],[146.051518162007,16.0057263362645],[146.052203,16.005393],[146.052630790698,16.0056358001257],[146.053128,16.005918],[146.054687,16.008005],[146.05495,16.008794],[146.055259,16.011658],[146.056743191456,16.012831],[146.057658,16.013554],[146.060251,16.016544],[146.063834,16.02244],[146.06379,16.02377],[146.064525,16.025126],[146.063834,16.026668],[146.063048,16.027651],[146.062397,16.027858],[146.06177,16.027553],[146.057413,16.018753],[146.056567,16.017999],[146.056042559109,16.015212596785],[146.05604,16.015199],[146.05379,16.013494],[146.053403082201,16.0125409207311],[146.053315425041,16.0123249983255],[146.051735,16.008432],[146.051302,16.00657]]],[[[145.832385,17.315472],[145.832004,17.310947],[145.832735,17.30805],[145.83216,17.306345],[145.832805,17.30378],[145.834477,17.301715],[145.837301,17.300133],[145.838579,17.299052],[145.840152,17.29856],[145.842709,17.297184],[145.844919,17.297081],[145.847419,17.299821],[145.849689,17.304066],[145.850072135933,17.3066279796717],[145.850184,17.307376],[145.851386,17.308483],[145.852132,17.30938],[145.852007,17.310946],[145.851092,17.31133],[145.848865,17.311436],[145.847953,17.312816],[145.847926,17.314524],[145.849581,17.315796],[145.8495,17.317267],[145.847627,17.318605],[145.842003,17.321288],[145.840039,17.321582],[145.836236,17.320888],[145.835253,17.320003],[145.832385,17.315472]]],[[[145.814982,17.604046],[145.814588,17.601982],[145.815906,17.5918],[145.818423,17.58861],[145.822352,17.586412],[145.825332,17.581044],[145.829078,17.579891],[145.838068,17.579924],[145.83926,17.580307],[145.840023,17.581069],[145.84042,17.58227],[145.842544,17.584979],[145.848778,17.589285],[145.850424179906,17.591680589251],[145.850476,17.591756],[145.851656,17.597655],[145.851644350444,17.5977527899763],[145.851164,17.601785],[145.848116,17.608668],[145.846543,17.611126],[145.845265,17.612404],[145.842709,17.612994],[145.840022,17.61505],[145.838756,17.617327],[145.838013,17.619196],[145.835015,17.620184],[145.832313,17.620278],[145.823599,17.618046],[145.821265,17.615866],[145.820576,17.613802],[145.820723,17.61165],[145.818308,17.608092],[145.815867,17.606013],[145.814982,17.604046]]],[[[145.766704,16.705255],[145.766533,16.703942],[145.766902,16.702729],[145.768869,16.70096],[145.770238,16.700463],[145.77231,16.698895],[145.773195,16.697322],[145.776046,16.693979],[145.777128,16.693291],[145.779193,16.692799],[145.781224,16.692981],[145.782423,16.692639],[145.783148,16.691949],[145.784469,16.691534],[145.785572934534,16.6914386096837],[145.785661,16.691431],[145.786568,16.691353],[145.787215,16.691949],[145.787293,16.692674],[145.786853,16.693063],[145.786412,16.694772],[145.786257,16.696922],[145.788795,16.703347],[145.789193,16.70362],[145.789187,16.704741],[145.787992,16.705627],[145.787222,16.70849],[145.786866,16.712021],[145.785764,16.713382],[145.784177,16.714192],[145.782913,16.714192],[145.781455,16.715456],[145.781164,16.717076],[145.779673,16.717497],[145.778118,16.717011],[145.777664,16.715358],[145.775008,16.713706],[145.773971,16.712118],[145.7718,16.711406],[145.769899,16.711169],[145.768042,16.708522],[145.766902,16.705974],[145.766704,16.705255]]],[[[145.707909,18.047577],[145.708696,18.045217],[145.709974,18.044529],[145.711154,18.044627],[145.71489,18.046003],[145.717053,18.046298],[145.719465,18.046978],[145.721149,18.04804],[145.7226,18.048434],[145.723869,18.048433],[145.725553,18.049099],[145.728998,18.049886],[145.734496,18.055124],[145.735767,18.057003],[145.738782,18.058392],[145.743029,18.064416],[145.74254,18.066272],[145.743064,18.067124],[145.744528,18.067492],[145.745389,18.068025],[145.745433,18.069216],[145.744704,18.070368],[145.744749,18.072094],[145.749991,18.079924],[145.752452,18.082307],[145.760651,18.095698],[145.764036,18.100311],[145.767394,18.10303],[145.769552,18.103525],[145.773213,18.10538],[145.77426,18.106785],[145.7764,18.107961],[145.78025,18.109272],[145.784773,18.109468],[145.788885,18.107913],[145.793304,18.102991],[145.794919,18.102671],[145.795301,18.103668],[145.793785,18.106393],[145.794358,18.108025],[145.796706,18.108858],[145.798924,18.110831],[145.803717,18.119398],[145.803955,18.122668],[145.809476,18.13233],[145.808828,18.138706],[145.809672,18.140786],[145.809459,18.14318],[145.806926,18.149999],[145.806435,18.156624],[145.802003,18.162417],[145.794987,18.166027],[145.790182,18.165676],[145.781023,18.16875],[145.777429,18.168735],[145.770713,18.167779],[145.762703,18.162706],[145.759171,18.159772],[145.756538,18.155906],[145.756079,18.149958],[145.755624,18.147092],[145.757195,18.143865],[145.759747,18.143449],[145.761396,18.142067],[145.762437,18.135615],[145.761909,18.133824],[145.760932,18.132966],[145.761,18.128718],[145.759519,18.127186],[145.758926,18.125297],[145.758985704102,18.1250104803156],[145.759324,18.123387],[145.758558713908,18.1219576171337],[145.758182,18.121254],[145.757855,18.116785],[145.759045,18.1081],[145.757955,18.103325],[145.756529,18.099574],[145.748116,18.093637],[145.746838,18.091846],[145.743986,18.09099],[145.73812,18.085215],[145.735532,18.085102],[145.734358,18.085529],[145.731344,18.084828],[145.729121,18.085275],[145.722964,18.082058],[145.716955,18.075795],[145.713975,18.067964],[145.714232,18.066133],[145.711896,18.062078],[145.713008,18.060964],[145.712954,18.059356],[145.71158,18.058318],[145.711319,18.056117],[145.712171,18.054433],[145.711261,18.051441],[145.709291,18.049612],[145.707909,18.047577]]],[[[145.636306,18.777253],[145.63662,18.775646],[145.637791,18.77507],[145.639122,18.771617],[145.63804,18.765499],[145.641769,18.758297],[145.641825,18.756593],[145.640691,18.753945],[145.642765,18.751227],[145.64508,18.750591],[145.64786,18.744842],[145.651237,18.740606],[145.651704,18.736945],[145.654727,18.733908],[145.658881,18.73251],[145.662734,18.729029],[145.667479,18.726366],[145.670095,18.727495],[145.670872,18.729892],[145.670937,18.732227],[145.67644,18.737686],[145.678257,18.738392],[145.679859,18.737567],[145.684673,18.73869],[145.686036,18.737739],[145.687704,18.739375],[145.690558,18.740819],[145.692008,18.745114],[145.692829,18.74605],[145.692778,18.748147],[145.691531,18.749777],[145.692429,18.752236],[145.692008,18.754454],[145.692365,18.756704],[145.695688,18.759661],[145.698659,18.759738],[145.699524,18.762437],[145.697839,18.77288],[145.698294,18.775947],[145.698103,18.780745],[145.69636,18.78356],[145.696049,18.785959],[145.696643,18.789447],[145.695692,18.791585],[145.692559,18.793208],[145.692073,18.794419],[145.690733,18.795676],[145.687923,18.795295],[145.681955,18.801708],[145.680455,18.804607],[145.677895,18.806602],[145.673664,18.807823],[145.66992,18.808481],[145.669908976754,18.8084791375888],[145.66715,18.808013],[145.665035,18.809142],[145.664714,18.811087],[145.661216,18.812781],[145.653724,18.810657],[145.649712,18.806546],[145.649767,18.804653],[145.648809,18.801186],[145.641783,18.795019],[145.642136,18.792999],[145.641086,18.792187],[145.640645,18.790416],[145.641113,18.786945],[145.640635,18.785684],[145.638135,18.78367],[145.638008,18.779507],[145.636907,18.778783],[145.636306,18.777253]]],[[[145.632698,16.366471],[145.632549,16.363996],[145.632733,16.363214],[145.634142,16.361926],[145.634499,16.360535],[145.633691,16.357399],[145.63375,16.353613],[145.633085,16.352165],[145.633596,16.350146],[145.635704,16.349843],[145.636822,16.347984],[145.637484,16.344677],[145.638339,16.343263],[145.638855,16.33977],[145.639736,16.339069],[145.6405,16.339127],[145.643773580871,16.3387064357909],[145.643956,16.338683],[145.644478,16.337584],[145.645825,16.336678],[145.646374,16.333872],[145.647191,16.332532],[145.648879,16.332474],[145.651813,16.33365],[145.654039,16.33523],[145.655599,16.334852],[145.656964,16.335778],[145.660154,16.335471],[145.6615,16.334118],[145.661695,16.333191],[145.662817,16.332719],[145.663886,16.333262],[145.664232,16.334156],[145.665848,16.33508],[145.668628,16.33508],[145.671643,16.333973],[145.672475,16.334231],[145.673548,16.335003],[145.676678,16.334898],[145.678029,16.33402],[145.680684,16.333922],[145.683034,16.334317],[145.687043,16.334437],[145.688304,16.333973],[145.690381,16.334792],[145.69485,16.335029],[145.69647,16.333737],[145.702461,16.333476],[145.706383,16.335414],[145.711136,16.336327],[145.712702,16.337532],[145.714283,16.337665],[145.716775,16.340567],[145.717506,16.342332],[145.718742,16.342941],[145.718495,16.343831],[145.720015,16.348699],[145.723837,16.351229],[145.723744,16.354208],[145.722706,16.359273],[145.720966,16.360392],[145.720363,16.361313],[145.712133,16.366569],[145.711449,16.367353],[145.709337,16.367285],[145.707347,16.368118],[145.705822,16.369241],[145.703519,16.369656],[145.700732,16.369713],[145.69906,16.369373],[145.696995,16.368828],[145.691382,16.368632],[145.687655,16.368337],[145.684953,16.368216],[145.679762,16.367826],[145.67174,16.369456],[145.667248,16.36981],[145.663592,16.370391],[145.660869,16.369628],[145.659324,16.369742],[145.657898,16.370426],[145.654837,16.370255],[145.652461,16.369543],[145.649408,16.370401],[145.648364,16.370595],[145.647048,16.370303],[145.646118,16.369823],[145.644974,16.368944],[145.642686,16.368716],[145.641011,16.369223],[145.638599,16.369771],[145.635961,16.369337],[145.63514,16.368032],[145.632951,16.367029],[145.632698,16.366471]]],[[[145.389569,19.692076],[145.390074,19.684593],[145.394109,19.679969],[145.399742,19.676354],[145.400584681711,19.6763272684049],[145.405038,19.676186],[145.411008,19.678708],[145.416282,19.684414],[145.417708,19.687659],[145.418065,19.69068],[145.417589,19.694484],[145.415094,19.701309],[145.410697,19.704778],[145.406468,19.70662],[145.401569,19.706921],[145.397388,19.704854],[145.392512,19.699726],[145.389569,19.692076]]],[[[145.227716,20.01283],[145.227905,20.0126074260869],[145.228521,20.011882],[145.22949,20.012046],[145.231369,20.013975],[145.232914,20.014645],[145.238029,20.018605],[145.23873,20.020173],[145.238317,20.022317],[145.236733,20.023506],[145.235425,20.025069],[145.234593,20.026856],[145.23345,20.028257],[145.232454,20.027972],[145.232335,20.026521],[145.231622,20.025181],[145.230604,20.023761],[145.230068,20.021369],[145.23081,20.018935],[145.229325,20.016295],[145.227716,20.01283]]],[[[145.215341,20.033108],[145.214828,20.032291],[145.215349,20.031702],[145.216924,20.031224],[145.218483,20.030405],[145.220783,20.030452],[145.22331,20.030826],[145.224675411322,20.0304018509509],[145.22472,20.030388],[145.229381,20.030822],[145.229500578956,20.0311941015739],[145.229721,20.03188],[145.228918,20.032474],[145.22563,20.032705],[145.223762,20.033879],[145.222805,20.034836],[145.220659,20.035577],[145.218977,20.034481],[145.215341,20.033108]]],[[[145.207736,20.01971],[145.207305,20.017293],[145.207752666096,20.0165719993158],[145.208137,20.015953],[145.209919,20.014725],[145.210317,20.012398],[145.213708,20.011866],[145.215237,20.010935],[145.216695,20.010792],[145.217764,20.012132],[145.216368,20.014326],[145.213202,20.016806],[145.211538,20.017588],[145.210588,20.020268],[145.210392482089,20.0212270208126],[145.210051,20.022902],[145.21045,20.02616],[145.210489382025,20.0262385984049],[145.211401,20.028058],[145.212251,20.030094],[145.210996313921,20.0307286566243],[145.210707,20.030875],[145.208905,20.028393],[145.208073,20.025601],[145.207736,20.01971]]],[[[144.886921,20.544166],[144.886369,20.540206],[144.887511,20.538169],[144.888593,20.537481],[144.890854,20.536792],[144.894295,20.536497],[144.894637696445,20.5366240920253],[144.897555,20.537706],[144.898375,20.53936],[144.90066,20.54142],[144.900891,20.542957],[144.902911,20.545739],[144.901765,20.548882],[144.900418,20.548747],[144.899229,20.548525],[144.896848,20.549114],[144.894474,20.552416],[144.893375,20.553247],[144.891972,20.55304],[144.887413,20.550066],[144.886921,20.548296],[144.886921,20.544166]]]]}},{"type":"Feature","properties":{"name":"<at><openparen>69100950100<closeparen>","STATEFP":"69","COUNTYFP":"100","TRACTCE":"950100","GEOIDFQ":"1400000US69100950100","GEOID":"69100950100","NAME":"9501","NAMELSAD":"Census Tract 9501","STUSPS":"MP","NAMELSADCO":"Rota Municipality","STATE_NAME":"Commonwealth of the Northern Mariana Islands","LSAD":"CT","ALAND":"85096796","AWATER":"19201","jurisdiction":"Northern Mariana Islands"},"geometry":{"type":"Polygon","coordinates":[[[145.121162,14.120639],[145.121159,14.119962],[145.12119,14.119417],[145.121232,14.118922],[145.121479,14.11851],[145.121809,14.118056],[145.122068264805,14.1176937825854],[145.122222,14.117479],[145.122758,14.117438],[145.123418,14.117974],[145.12416,14.118716],[145.12482,14.119211],[145.125645,14.119458],[145.126575,14.119656],[145.127168,14.12003],[145.128188,14.120791],[145.129085,14.121549],[145.129776,14.122271],[145.131055,14.123746],[145.133414,14.128072],[145.134564972216,14.129304885997],[145.134791,14.129547],[145.137445,14.134561],[145.138212993622,14.1350411179951],[145.138232,14.135053],[145.139965,14.136936],[145.140493,14.137511],[145.14423,14.139576],[145.145114,14.139089],[145.14590859498,14.1389678821243],[145.146144,14.138932],[145.146983,14.138691],[145.151498430105,14.1378614057208],[145.1518,14.137806],[145.155438,14.135446],[145.157072,14.134324],[145.158152183292,14.1337653062485],[145.158234242336,14.1337228635675],[145.158785,14.133438],[145.159765,14.133086],[145.163488523724,14.130882187225],[145.164582,14.130235],[145.165010268718,14.1296670375857],[145.166633,14.127515],[145.167349,14.125582],[145.167373873096,14.125092],[145.167409,14.1244],[145.167494,14.123883],[145.16763,14.123058],[145.169007,14.121288],[145.169358,14.119025],[145.169308,14.115832],[145.169105,14.115093],[145.168827,14.114476],[145.167827,14.11411],[145.167139,14.112242],[145.167827,14.111357],[145.167853735779,14.1113468235728],[145.169892,14.110571],[145.173038,14.110472],[145.173822,14.110647],[145.175693,14.111062],[145.17592,14.111252],[145.176873,14.112045],[145.177451,14.112763],[145.177757,14.11352],[145.178937,14.1147],[145.181199,14.114995],[145.182666,14.115582],[145.184148,14.116175],[145.186705,14.11588],[145.190146,14.1147],[145.195075066754,14.1151743009668],[145.195259,14.115192],[145.196635,14.11352],[145.198098,14.112789],[145.198598,14.112737],[145.200273,14.113619],[145.20165,14.113717],[145.201846,14.114897],[145.203616,14.114602],[145.204698,14.11588],[145.209343133527,14.1163448913131],[145.209614,14.116372],[145.212465,14.11529],[145.214642,14.116338],[145.214744,14.116387],[145.21512,14.116568],[145.216104,14.117759],[145.216988,14.11883],[145.217044,14.11887],[145.218758,14.120108],[145.220527,14.124532],[145.221151,14.125467],[145.221511,14.126007],[145.223969,14.12758],[145.224635,14.127514],[145.224952,14.127482],[145.229081,14.129743],[145.230253,14.130685],[145.230851,14.131317],[145.231046,14.131742],[145.230782,14.13227],[145.23032,14.132667],[145.229394,14.133394],[145.228998,14.134253],[145.228885,14.135151],[145.229671,14.139182],[145.229684074361,14.1392335727],[145.230122,14.140961],[145.23123,14.141812],[145.232031,14.142427],[145.232133226213,14.1425146649209],[145.232719,14.143017],[145.233408,14.144688],[145.233983,14.14536],[145.234588,14.146065],[145.235182,14.146378],[145.236456,14.147048],[145.237607907583,14.1481262788414],[145.239319,14.149728],[145.241077,14.151374],[145.242257,14.152062],[145.24555960889,14.1519679413917],[145.245698,14.151964],[145.246779,14.152554],[145.249421,14.152645],[145.249743,14.152722],[145.251266,14.153668],[145.252482,14.154422],[145.260544,14.154717],[145.262511,14.154324],[145.264871,14.153242],[145.267132,14.151768],[145.269885,14.152161],[145.271655,14.153439],[145.272163,14.153967],[145.274211,14.156094],[145.274506210232,14.1562908068217],[145.275981,14.157274],[145.277652,14.157569],[145.279521,14.158748],[145.280601,14.159153],[145.281844929633,14.1596198383299],[145.28188,14.159633],[145.282512,14.160081],[145.28335,14.160675],[145.283644,14.1615],[145.284056,14.162265],[145.284142,14.163173],[145.284142,14.1639459999999],[145.284142,14.165139],[145.284147130117,14.1651827469281],[145.284233,14.165915],[145.28424,14.166614],[145.284527,14.169684],[145.28424,14.170449],[145.284043,14.17271],[145.284338,14.175365],[145.28542,14.178806],[145.286720348244,14.180825089979],[145.289156,14.184607],[145.290041,14.186279],[145.290356,14.187641],[145.290434,14.188638],[145.290118897513,14.1896315598155],[145.290003,14.189997],[145.289473,14.190939],[145.28896,14.191588],[145.288237,14.192352],[145.284704,14.193882],[145.28365,14.194046],[145.279975533279,14.1947226683898],[145.279914,14.194734],[145.278051,14.195237],[145.275588,14.196307],[145.272835,14.196504],[145.270573,14.197291],[145.266149,14.197389],[145.263887,14.19847],[145.261921,14.19906],[145.261588158326,14.1990683781657],[145.257988,14.199159],[145.256545613419,14.1993390691104],[145.254055,14.19965],[145.250587077097,14.1999922717204],[145.247074,14.200339],[145.241273,14.20024],[145.23911,14.199749],[145.235669,14.198274],[145.232719,14.196406],[145.231846470786,14.1961048534736],[145.229868,14.195422],[145.222297,14.1909],[145.221117,14.190506],[145.22042537142,14.1901006294784],[145.218266,14.188835],[145.217578,14.188147],[145.213842,14.186082],[145.211678,14.184312],[145.208925,14.182641],[145.207925918936,14.1817954687086],[145.206446,14.180543],[145.205091,14.179396],[145.204887805519,14.1790941964332],[145.204819,14.178992],[145.20449,14.178429],[145.203926,14.177818],[145.203032,14.177108],[145.201453,14.176446],[145.198208,14.175168],[145.197866971582,14.1749596044547],[145.196439,14.174087],[145.194177,14.173693],[145.192506,14.17389],[145.190685468099,14.1735262638348],[145.190539,14.173497],[145.187688,14.171727],[145.183165,14.170252],[145.180805,14.169171],[145.180215,14.169269],[145.177069,14.168089],[145.176479,14.168187],[145.173825,14.167007],[145.172251,14.167794],[145.168712,14.167892],[145.164091,14.168482],[145.161141,14.168482],[145.160396,14.168338],[145.159675,14.168084],[145.158933,14.167448],[145.158363,14.166776],[145.158191,14.166614],[145.158,14.166281],[145.157894,14.165857],[145.157936,14.165391],[145.157945283669,14.1651284047901],[145.157957,14.164797],[145.157929,14.164226],[145.15791992893,14.164210170597],[145.157576,14.16361],[145.155832,14.16219],[145.153177,14.159338],[145.145606,14.151669],[145.143935,14.148425],[145.143025330413,14.14597993769],[145.142362,14.144197],[145.140503,14.142338],[145.1401,14.141935],[145.138962,14.140967],[145.137353,14.139056],[145.135971,14.137806],[145.134869,14.136804],[145.134591121003,14.1365213224641],[145.133595,14.135508],[145.132923,14.134463],[145.132529,14.134168],[145.131704,14.133585],[145.130555675372,14.1327746056934],[145.129186,14.131808],[145.127122,14.130825],[145.126428,14.130511],[145.12545,14.129743],[145.124875,14.12912],[145.123397,14.127519],[145.12309,14.127187],[145.122402,14.125417],[145.121933,14.124572],[145.121419,14.122959],[145.121362921569,14.1225832745098],[145.121259,14.121887],[145.121227,14.121215],[145.121162,14.120639]]]}},{"type":"Feature","properties":{"name":"<at><openparen>69110000100<closeparen>","STATEFP":"69","COUNTYFP":"110","TRACTCE":"000100","GEOIDFQ":"1400000US69110000100","GEOID":"69110000100","NAME":"1","NAMELSAD":"Census Tract 1","STUSPS":"MP","NAMELSADCO":"Saipan Municipality","STATE_NAME":"Commonwealth of the Northern Mariana Islands","LSAD":"CT","ALAND":"22079473","AWATER":"0","jurisdiction":"Northern Mariana Islands"},"geometry":{"type":"MultiPolygon","coordinates":[[[[145.813069722806,15.257911647627],[145.81276,15.257443],[145.813443,15.25646],[145.814335,15.256603],[145.814487,15.258191],[145.813446,15.258481],[145.813243910694,15.2581752147233],[145.813069722806,15.257911647627]]],[[[145.768704,15.247972],[145.768268812641,15.2477349802158],[145.77163,15.244112],[145.773588,15.242111],[145.780288,15.235444],[145.783867,15.232066],[145.786897,15.228248],[145.78956,15.225909],[145.790457835348,15.2253562128485],[145.790615,15.225732],[145.792684,15.227959],[145.792710685875,15.2279547285342],[145.793921,15.227761],[145.796088,15.228253],[145.798397,15.229071],[145.800208,15.231085],[145.802283,15.234312],[145.802491,15.236423],[145.803647,15.237109],[145.805228,15.236704],[145.806424,15.23706],[145.809827,15.240774],[145.809816,15.242455],[145.80927,15.2429],[145.80806,15.243136],[145.807353,15.244116],[145.807584,15.245419],[145.808297,15.246321],[145.808304,15.248348],[145.809792,15.250905],[145.811093,15.251485],[145.811646,15.252713],[145.811315696433,15.2533857112809],[145.811205179243,15.2536107956213],[145.810227,15.255603],[145.810227,15.25615],[145.810227,15.257169],[145.810695,15.258692],[145.814842,15.26141],[145.81638,15.261282],[145.817971,15.260128],[145.824616,15.259078],[145.826387,15.25956],[145.828157,15.261527],[145.829435,15.264182],[145.830418,15.269884],[145.830416,15.271632],[145.82984,15.272901],[145.82796,15.273522],[145.827952431498,15.2735286254464],[145.826387,15.274899],[145.821274,15.283748],[145.818875,15.286491],[145.817893,15.285926],[145.815824330424,15.2864665052729],[145.815677,15.286505],[145.813677,15.287419],[145.813133,15.288689],[145.812425,15.289416],[145.811102,15.290037],[145.810197,15.289679],[145.808868,15.288636],[145.806466,15.28528],[145.80358,15.282325],[145.802125,15.281933],[145.798912,15.277603],[145.795731689034,15.2762106723866],[145.794901,15.275847],[145.794041,15.274723],[145.794006,15.273311],[145.793282,15.272172],[145.791811,15.271707],[145.786516,15.266688],[145.784494,15.262899],[145.782751,15.261662],[145.782703836898,15.2615533928576],[145.782358,15.260757],[145.782443,15.259277],[145.781776,15.257095],[145.780459847489,15.2558056574323],[145.777505,15.252911],[145.774711,15.251477],[145.76952,15.250086],[145.768704,15.247972]]]]}},{"type":"Feature","properties":{"name":"<at><openparen>69110000200<closeparen>","STATEFP":"69","COUNTYFP":"110","TRACTCE":"000200","GEOIDFQ":"1400000US69110000200","GEOID":"69110000200","NAME":"2","NAMELSAD":"Census Tract 2","STUSPS":"MP","NAMELSADCO":"Saipan Municipality","STATE_NAME":"Commonwealth of the Northern Mariana Islands","LSAD":"CT","ALAND":"2373996","AWATER":"0","jurisdiction":"Northern Mariana Islands"},"geometry":{"type":"Polygon","coordinates":[[[145.745228,15.225855],[145.74401,15.22566],[145.746129,15.222204],[145.74661,15.22208],[145.747706,15.222776],[145.748885,15.225107],[145.748816,15.225807],[145.749497,15.227629],[145.75129,15.22996],[145.752305,15.230387],[145.755204,15.233087],[145.760505,15.237224],[145.763862,15.239079],[145.77163,15.244112],[145.768268812641,15.2477349802158],[145.762577,15.244635],[145.76133229518,15.244437289644],[145.75557,15.243522],[145.753564,15.242294],[145.75353,15.241076],[145.752673,15.24021],[145.749173,15.238604],[145.74714,15.237241],[145.746967736489,15.2363585025045],[145.747949,15.234801],[145.74924,15.231],[145.748529,15.229683],[145.74797,15.22892],[145.745228,15.225855]]]}},{"type":"Feature","properties":{"name":"<at><openparen>69110000300<closeparen>","STATEFP":"69","COUNTYFP":"110","TRACTCE":"000300","GEOIDFQ":"1400000US69110000300","GEOID":"69110000300","NAME":"3","NAMELSAD":"Census Tract 3","STUSPS":"MP","NAMELSADCO":"Saipan Municipality","STATE_NAME":"Commonwealth of the Northern Mariana Islands","LSAD":"CT","ALAND":"4645346","AWATER":"0","jurisdiction":"Northern Mariana Islands"},"geometry":{"type":"MultiPolygon","coordinates":[[[[145.717093,15.219239],[145.71623732652,15.2177459117833],[145.72435,15.212543],[145.72548,15.21025],[145.726708,15.209449],[145.7288,15.20846],[145.72936,15.20836],[145.730295,15.208618],[145.731312,15.209081],[145.734,15.21039],[145.736593,15.212126],[145.737702,15.212541],[145.743796,15.211576],[145.74572,15.212079],[145.746438,15.213208],[145.7485,15.21729],[145.749154,15.218558],[145.74661,15.22208],[145.746129,15.222204],[145.74401,15.22566],[145.745228,15.225855],[145.74797,15.22892],[145.748529,15.229683],[145.74924,15.231],[145.747949,15.234801],[145.746967736489,15.2363585025045],[145.746896,15.235991],[145.744825,15.233031],[145.741732,15.231932],[145.741185,15.23199],[145.739852,15.231324],[145.739897,15.230215],[145.740466,15.229893],[145.740473,15.228977],[145.739528,15.227467],[145.73846,15.226288],[145.737730748259,15.2260079855439],[145.737499,15.225919],[145.736816,15.226229],[145.736623,15.226903],[145.736004,15.227212],[145.735046,15.227114],[145.73226,15.224983],[145.732281,15.224155],[145.730509,15.222356],[145.730418,15.221629],[145.731488,15.220622],[145.731464,15.21987],[145.729582,15.218623],[145.72878293596,15.2182428986712],[145.727423,15.217596],[145.725463,15.217045],[145.721896,15.216878],[145.720751,15.217659],[145.720736,15.218724],[145.72026,15.219429],[145.718626,15.219642],[145.717093,15.219239]]],[[[145.711576,15.242268],[145.711529,15.240658],[145.712143,15.240148],[145.713057,15.240011],[145.713727,15.241111],[145.712805,15.242358],[145.711576,15.242268]]]]}},{"type":"Feature","properties":{"name":"<at><openparen>69110000400<closeparen>","STATEFP":"69","COUNTYFP":"110","TRACTCE":"000400","GEOIDFQ":"1400000US69110000400","GEOID":"69110000400","NAME":"4","NAMELSAD":"Census Tract 4","STUSPS":"MP","NAMELSADCO":"Saipan Municipality","STATE_NAME":"Commonwealth of the Northern Mariana Islands","LSAD":"CT","ALAND":"1249576","AWATER":"0","jurisdiction":"Northern Mariana Islands"},"geometry":{"type":"Polygon","coordinates":[[[145.715713,15.216831],[145.715497,15.214253],[145.715814,15.210064],[145.7164,15.205573],[145.716301175356,15.2023652857962],[145.716267,15.201256],[145.716856,15.199486],[145.717031,15.195988],[145.716812191135,15.1950028319485],[145.718962,15.193717],[145.719864,15.194049],[145.719845,15.201083],[145.719852,15.202038],[145.720105,15.204474],[145.720826,15.207003],[145.722241,15.209851],[145.72435,15.212543],[145.71623732652,15.2177459117833],[145.715713,15.216831]]]}},{"type":"Feature","properties":{"name":"<at><openparen>69110000500<closeparen>","STATEFP":"69","COUNTYFP":"110","TRACTCE":"000500","GEOIDFQ":"1400000US69110000500","GEOID":"69110000500","NAME":"5","NAMELSAD":"Census Tract 5","STUSPS":"MP","NAMELSADCO":"Saipan Municipality","STATE_NAME":"Commonwealth of the Northern Mariana Islands","LSAD":"CT","ALAND":"4956849","AWATER":"0","jurisdiction":"Northern Mariana Islands"},"geometry":{"type":"Polygon","coordinates":[[[145.719852,15.202038],[145.719845,15.201083],[145.725298,15.201032],[145.727142,15.201593],[145.733171,15.200661],[145.733185,15.200615],[145.730242,15.197432],[145.728516,15.193152],[145.728335,15.191629],[145.729193,15.187945],[145.728517,15.185333],[145.730655,15.185004],[145.741168,15.185506],[145.741655,15.185499],[145.742208,15.199675],[145.741171,15.203231],[145.741414,15.205562],[145.742775,15.207234],[145.746299,15.208238],[145.746964,15.212715],[145.746438,15.213208],[145.74572,15.212079],[145.743796,15.211576],[145.737702,15.212541],[145.736593,15.212126],[145.734,15.21039],[145.731312,15.209081],[145.730295,15.208618],[145.72936,15.20836],[145.7288,15.20846],[145.726708,15.209449],[145.72548,15.21025],[145.72435,15.212543],[145.722241,15.209851],[145.720826,15.207003],[145.720105,15.204474],[145.719852,15.202038]]]}},{"type":"Feature","properties":{"name":"<at><openparen>69110000600<closeparen>","STATEFP":"69","COUNTYFP":"110","TRACTCE":"000600","GEOIDFQ":"1400000US69110000600","GEOID":"69110000600","NAME":"6","NAMELSAD":"Census Tract 6","STUSPS":"MP","NAMELSADCO":"Saipan Municipality","STATE_NAME":"Commonwealth of the Northern Mariana Islands","LSAD":"CT","ALAND":"3089915","AWATER":"0","jurisdiction":"Northern Mariana Islands"},"geometry":{"type":"Polygon","coordinates":[[[145.716812191135,15.1950028319485],[145.714516098433,15.1846648724984],[145.719098,15.184482],[145.722159,15.184394],[145.722238,15.177567],[145.724318,15.177616],[145.726103,15.176689],[145.730069,15.176626],[145.728517,15.185333],[145.729193,15.187945],[145.728335,15.191629],[145.728516,15.193152],[145.730242,15.197432],[145.733185,15.200615],[145.733171,15.200661],[145.727142,15.201593],[145.725298,15.201032],[145.719845,15.201083],[145.719864,15.194049],[145.718962,15.193717],[145.716812191135,15.1950028319485]]]}},{"type":"Feature","properties":{"name":"<at><openparen>69110000700<closeparen>","STATEFP":"69","COUNTYFP":"110","TRACTCE":"000700","GEOIDFQ":"1400000US69110000700","GEOID":"69110000700","NAME":"7","NAMELSAD":"Census Tract 7","STUSPS":"MP","NAMELSADCO":"Saipan Municipality","STATE_NAME":"Commonwealth of the Northern Mariana Islands","LSAD":"CT","ALAND":"5869687","AWATER":"0","jurisdiction":"Northern Mariana Islands"},"geometry":{"type":"Polygon","coordinates":[[[145.710725,15.170711],[145.708911148359,15.1662241038351],[145.712024,15.164813],[145.712335,15.162136],[145.714304,15.160159],[145.718237,15.154552],[145.721373,15.152687],[145.722547,15.153623],[145.720063,15.156693],[145.722553,15.16003],[145.724634,15.158791],[145.727143,15.162524],[145.728919,15.167618],[145.731406,15.170679],[145.738619,15.182191],[145.741168,15.185506],[145.730655,15.185004],[145.728517,15.185333],[145.730069,15.176626],[145.726103,15.176689],[145.724318,15.177616],[145.722238,15.177567],[145.722159,15.184394],[145.719098,15.184482],[145.714516098433,15.1846648724984],[145.714131,15.182931],[145.71074612826,15.1707868036815],[145.710725,15.170711]]]}},{"type":"Feature","properties":{"name":"<at><openparen>69110000800<closeparen>","STATEFP":"69","COUNTYFP":"110","TRACTCE":"000800","GEOIDFQ":"1400000US69110000800","GEOID":"69110000800","NAME":"8","NAMELSAD":"Census Tract 8","STUSPS":"MP","NAMELSADCO":"Saipan Municipality","STATE_NAME":"Commonwealth of the Northern Mariana Islands","LSAD":"CT","ALAND":"1844666","AWATER":"185857","jurisdiction":"Northern Mariana Islands"},"geometry":{"type":"Polygon","coordinates":[[[145.700242,15.156771],[145.700059,15.155331],[145.700619,15.15238],[145.700109,15.15151],[145.700101897962,15.1514241934097],[145.704106,15.151635],[145.705638,15.15195],[145.709913,15.152815],[145.710779,15.150449],[145.71218,15.149747],[145.713252,15.149317],[145.714086,15.149777],[145.718237,15.154552],[145.714304,15.160159],[145.712335,15.162136],[145.712024,15.164813],[145.708911148359,15.1662241038351],[145.708141,15.164319],[145.705393691532,15.1612526436185],[145.704998,15.160811],[145.701322,15.158092],[145.700242,15.156771]]]}},{"type":"Feature","properties":{"name":"<at><openparen>69110000900<closeparen>","STATEFP":"69","COUNTYFP":"110","TRACTCE":"000900","GEOIDFQ":"1400000US69110000900","GEOID":"69110000900","NAME":"9","NAMELSAD":"Census Tract 9","STUSPS":"MP","NAMELSADCO":"Saipan Municipality","STATE_NAME":"Commonwealth of the Northern Mariana Islands","LSAD":"CT","ALAND":"1520955","AWATER":"0","jurisdiction":"Northern Mariana Islands"},"geometry":{"type":"Polygon","coordinates":[[[145.700109629069,15.1468818556336],[145.699233601506,15.1447051757942],[145.701144,15.144354],[145.700693,15.141969],[145.703276,15.139742],[145.705689,15.137878],[145.706571,15.136625],[145.707582,15.139452],[145.711753,15.145231],[145.709974,15.146158],[145.71218,15.149747],[145.710779,15.150449],[145.709913,15.152815],[145.705638,15.15195],[145.704106,15.151635],[145.700101897962,15.1514241934097],[145.700048,15.150773],[145.700488,15.147822],[145.700109629069,15.1468818556336]]]}},{"type":"Feature","properties":{"name":"<at><openparen>69110001000<closeparen>","STATEFP":"69","COUNTYFP":"110","TRACTCE":"001000","GEOIDFQ":"1400000US69110001000","GEOID":"69110001000","NAME":"10","NAMELSAD":"Census Tract 10","STUSPS":"MP","NAMELSADCO":"Saipan Municipality","STATE_NAME":"Commonwealth of the Northern Mariana Islands","LSAD":"CT","ALAND":"3237354","AWATER":"0","jurisdiction":"Northern Mariana Islands"},"geometry":{"type":"Polygon","coordinates":[[[145.706571,15.136625],[145.707487,15.135314],[145.707686,15.135095],[145.71242,15.13025],[145.720236,15.136467],[145.720767,15.138004],[145.721861,15.141751],[145.72266,15.14289],[145.729804,15.151501],[145.72545,15.15241],[145.722944,15.15317],[145.722547,15.153623],[145.721373,15.152687],[145.718237,15.154552],[145.714086,15.149777],[145.713252,15.149317],[145.71218,15.149747],[145.709974,15.146158],[145.711753,15.145231],[145.707582,15.139452],[145.706571,15.136625]]]}},{"type":"Feature","properties":{"name":"<at><openparen>69110001100<closeparen>","STATEFP":"69","COUNTYFP":"110","TRACTCE":"001100","GEOIDFQ":"1400000US69110001100","GEOID":"69110001100","NAME":"11","NAMELSAD":"Census Tract 11","STUSPS":"MP","NAMELSADCO":"Saipan Municipality","STATE_NAME":"Commonwealth of the Northern Mariana Islands","LSAD":"CT","ALAND":"1626324","AWATER":"0","jurisdiction":"Northern Mariana Islands"},"geometry":{"type":"Polygon","coordinates":[[[145.697193,15.138644],[145.696319223561,15.1370610201908],[145.698567,15.136341],[145.6974,15.13355],[145.700494,15.130018],[145.70154,15.12909],[145.701736,15.128939],[145.704323,15.126337],[145.709164,15.128202],[145.71034,15.12872],[145.71242,15.13025],[145.707686,15.135095],[145.707487,15.135314],[145.706571,15.136625],[145.705689,15.137878],[145.703276,15.139742],[145.700693,15.141969],[145.701144,15.144354],[145.699233601506,15.1447051757942],[145.698656,15.14327],[145.697193,15.138644]]]}},{"type":"Feature","properties":{"name":"<at><openparen>69110001200<closeparen>","STATEFP":"69","COUNTYFP":"110","TRACTCE":"001200","GEOIDFQ":"1400000US69110001200","GEOID":"69110001200","NAME":"12","NAMELSAD":"Census Tract 12","STUSPS":"MP","NAMELSADCO":"Saipan Municipality","STATE_NAME":"Commonwealth of the Northern Mariana Islands","LSAD":"CT","ALAND":"1058956","AWATER":"0","jurisdiction":"Northern Mariana Islands"},"geometry":{"type":"Polygon","coordinates":[[[145.692374,15.130464],[145.69249,15.128801],[145.693232,15.127413],[145.693924805213,15.1245933004115],[145.694187,15.124614],[145.69494,15.122103],[145.696502,15.120714],[145.69713,15.12362],[145.69742,15.12405],[145.69981,15.12513],[145.703296,15.125705],[145.704323,15.126337],[145.701736,15.128939],[145.70154,15.12909],[145.700494,15.130018],[145.6974,15.13355],[145.698567,15.136341],[145.696319223561,15.1370610201908],[145.695717,15.13597],[145.693358,15.132824],[145.692374,15.130464]]]}},{"type":"Feature","properties":{"name":"<at><openparen>69110001300<closeparen>","STATEFP":"69","COUNTYFP":"110","TRACTCE":"001300","GEOIDFQ":"1400000US69110001300","GEOID":"69110001300","NAME":"13","NAMELSAD":"Census Tract 13","STUSPS":"MP","NAMELSADCO":"Saipan Municipality","STATE_NAME":"Commonwealth of the Northern Mariana Islands","LSAD":"CT","ALAND":"14900883","AWATER":"0","jurisdiction":"Northern Mariana Islands"},"geometry":{"type":"Polygon","coordinates":[[[145.690141,15.120205],[145.690466,15.119498],[145.692374,15.119153],[145.696677,15.117937],[145.696897,15.117387],[145.699955,15.116096],[145.70502,15.112341],[145.707064,15.110054],[145.707523,15.108175],[145.707171,15.106921],[145.707286,15.106449],[145.707933974072,15.106103687235],[145.708076,15.106028],[145.708705,15.106183],[145.709216,15.105894],[145.710961,15.105705],[145.712039,15.105982],[145.715502,15.106396],[145.716134,15.107859],[145.717391,15.107828],[145.718461,15.107511],[145.722906,15.107313],[145.727373,15.106618],[145.731791,15.105295],[145.732586,15.106469],[145.737093369181,15.1060358549786],[145.738684,15.105883],[145.74065,15.105097],[145.74242,15.103819],[145.745158,15.099928],[145.745879,15.097169],[145.746085,15.094971],[145.746845,15.092905],[145.747828,15.091922],[145.748811,15.091922],[145.750483,15.093396],[145.751098,15.095332],[145.752149,15.101918],[145.751903,15.102798],[145.752455,15.103435],[145.752247,15.105113],[145.75266,15.106609],[145.753784,15.107943],[145.754674,15.108179],[145.756303,15.112739],[145.755961,15.114113],[145.755913,15.116065],[145.756845,15.11914],[145.756592,15.120849],[145.754727,15.12334],[145.752646,15.12309],[145.749106,15.124761],[145.748081636717,15.1256975437047],[145.745082,15.124408],[145.743717,15.124149],[145.74365,15.12465],[145.73838,15.13029],[145.73606,15.12857],[145.73455,15.12804],[145.73176,15.13164],[145.72856,15.13169],[145.72804,15.12966],[145.72606,15.12893],[145.72375,15.12587],[145.72142,15.12096],[145.720082,15.12089],[145.71898,15.121112],[145.719515,15.124052],[145.71769,15.12831],[145.71719,15.12882],[145.71492,15.12897],[145.71242,15.13025],[145.71034,15.12872],[145.709164,15.128202],[145.704323,15.126337],[145.703296,15.125705],[145.69981,15.12513],[145.69742,15.12405],[145.69713,15.12362],[145.696502,15.120714],[145.69494,15.122103],[145.694187,15.124614],[145.693924805213,15.1245933004115],[145.694018,15.124214],[145.693554,15.122893],[145.691634,15.121299],[145.690469,15.120806],[145.690141,15.120205]]]}},{"type":"Feature","properties":{"name":"<at><openparen>69110001400<closeparen>","STATEFP":"69","COUNTYFP":"110","TRACTCE":"001400","GEOIDFQ":"1400000US69110001400","GEOID":"69110001400","NAME":"14","NAMELSAD":"Census Tract 14","STUSPS":"MP","NAMELSADCO":"Saipan Municipality","STATE_NAME":"Commonwealth of the Northern Mariana Islands","LSAD":"CT","ALAND":"5442655","AWATER":"0","jurisdiction":"Northern Mariana Islands"},"geometry":{"type":"Polygon","coordinates":[[[145.71242,15.13025],[145.71492,15.12897],[145.71719,15.12882],[145.71769,15.12831],[145.719515,15.124052],[145.71898,15.121112],[145.720082,15.12089],[145.72142,15.12096],[145.72375,15.12587],[145.72606,15.12893],[145.72804,15.12966],[145.72856,15.13169],[145.73176,15.13164],[145.73455,15.12804],[145.73606,15.12857],[145.73838,15.13029],[145.74365,15.12465],[145.743717,15.124149],[145.745082,15.124408],[145.748081636717,15.1256975437047],[145.745665,15.127907],[145.741484,15.135194],[145.740845,15.139241],[145.741839,15.141908],[145.742813459645,15.1438164491738],[145.73743,15.14594],[145.736909,15.145114],[145.735465,15.145272],[145.731445,15.14886],[145.731447,15.149072],[145.731265,15.150737],[145.730018,15.151433],[145.729804,15.151501],[145.72266,15.14289],[145.721861,15.141751],[145.720767,15.138004],[145.720236,15.136467],[145.71242,15.13025]]]}},{"type":"Feature","properties":{"name":"<at><openparen>69110001500<closeparen>","STATEFP":"69","COUNTYFP":"110","TRACTCE":"001500","GEOIDFQ":"1400000US69110001500","GEOID":"69110001500","NAME":"15","NAMELSAD":"Census Tract 15","STUSPS":"MP","NAMELSADCO":"Saipan Municipality","STATE_NAME":"Commonwealth of the Northern Mariana Islands","LSAD":"CT","ALAND":"12635283","AWATER":"0","jurisdiction":"Northern Mariana Islands"},"geometry":{"type":"Polygon","coordinates":[[[145.720063,15.156693],[145.722547,15.153623],[145.722944,15.15317],[145.72545,15.15241],[145.729804,15.151501],[145.730018,15.151433],[145.731265,15.150737],[145.731447,15.149072],[145.731445,15.14886],[145.735465,15.145272],[145.736909,15.145114],[145.73743,15.14594],[145.742813459645,15.1438164491738],[145.745574234383,15.1492233413843],[145.748230773465,15.1544260912786],[145.748894,15.155725],[145.749058,15.157921],[145.749538,15.158991],[145.751783,15.160563],[145.758913,15.162239],[145.759505,15.163027],[145.761537,15.163634],[145.76748,15.161904],[145.767673065349,15.1615900686991],[145.770143,15.163678],[145.767809,15.168147],[145.76474,15.16675],[145.763104,15.171713],[145.761001,15.175319],[145.765129,15.176527],[145.764671,15.177341],[145.762816,15.180524],[145.758398,15.184073],[145.75581,15.18395],[145.752329,15.184649],[145.750732,15.185461],[145.746007,15.185454],[145.741655,15.185499],[145.741168,15.185506],[145.738619,15.182191],[145.731406,15.170679],[145.728919,15.167618],[145.727143,15.162524],[145.724634,15.158791],[145.722553,15.16003],[145.720063,15.156693]]]}},{"type":"Feature","properties":{"name":"<at><openparen>69110001600<closeparen>","STATEFP":"69","COUNTYFP":"110","TRACTCE":"001600","GEOIDFQ":"1400000US69110001600","GEOID":"69110001600","NAME":"16","NAMELSAD":"Census Tract 16","STUSPS":"MP","NAMELSADCO":"Saipan Municipality","STATE_NAME":"Commonwealth of the Northern Mariana Islands","LSAD":"CT","ALAND":"8555048","AWATER":"0","jurisdiction":"Northern Mariana Islands"},"geometry":{"type":"MultiPolygon","coordinates":[[[[145.790009,15.150628],[145.790044597625,15.1501562415821],[145.790108,15.149316],[145.792171,15.148933],[145.792556444617,15.1494522795532],[145.792603,15.149515],[145.792588,15.150435],[145.79094,15.151511],[145.790009,15.150628]]],[[[145.761001,15.175319],[145.763104,15.171713],[145.76474,15.16675],[145.767809,15.168147],[145.770143,15.163678],[145.767673065349,15.1615900686991],[145.768686,15.159943],[145.769949,15.158745],[145.770353,15.157273],[145.770056,15.156341],[145.77035,15.15548],[145.771974,15.154402],[145.7733,15.152642],[145.774571,15.151505],[145.776105,15.151598],[145.777026,15.151141],[145.779096,15.151163],[145.780143,15.150562],[145.781788,15.150882],[145.78205,15.151887],[145.782928,15.151973],[145.78468,15.151248],[145.785312,15.151603],[145.787637,15.150448],[145.788282,15.150485],[145.788728,15.151433],[145.788391,15.152489],[145.788176,15.154255],[145.78947,15.155987],[145.790763,15.156093],[145.791281,15.156594],[145.791024,15.157455],[145.791728,15.158889],[145.791437,15.161866],[145.792068,15.163515],[145.795912,15.165697],[145.796123,15.166862],[145.794125,15.168606],[145.791612,15.170352],[145.789097,15.171648],[145.786756,15.173393],[145.786277662264,15.1742872165405],[145.784895,15.176872],[145.784312,15.178865],[145.784832,15.18047],[145.78454,15.181986],[145.783581,15.182917],[145.781634,15.182861],[145.781032610971,15.1840494042688],[145.779690774471,15.1867010060602],[145.776876,15.183957],[145.776471,15.183801],[145.773451,15.183897],[145.771961,15.184476],[145.772595,15.183458],[145.769811,15.181239],[145.769708,15.180414],[145.764671,15.177341],[145.765129,15.176527],[145.761001,15.175319]]]]}},{"type":"Feature","properties":{"name":"<at><openparen>69110001700<closeparen>","STATEFP":"69","COUNTYFP":"110","TRACTCE":"001700","GEOIDFQ":"1400000US69110001700","GEOID":"69110001700","NAME":"17","NAMELSAD":"Census Tract 17","STUSPS":"MP","NAMELSADCO":"Saipan Municipality","STATE_NAME":"Commonwealth of the Northern Mariana Islands","LSAD":"CT","ALAND":"23804024","AWATER":"0","jurisdiction":"Northern Mariana Islands"},"geometry":{"type":"Polygon","coordinates":[[[145.741414,15.205562],[145.741171,15.203231],[145.742208,15.199675],[145.741655,15.185499],[145.746007,15.185454],[145.750732,15.185461],[145.752329,15.184649],[145.75581,15.18395],[145.758398,15.184073],[145.762816,15.180524],[145.764671,15.177341],[145.769708,15.180414],[145.769811,15.181239],[145.772595,15.183458],[145.771961,15.184476],[145.773451,15.183897],[145.776471,15.183801],[145.776876,15.183957],[145.779690774471,15.1867010060602],[145.779291,15.187491],[145.778600103756,15.1885847238846],[145.778111,15.189359],[145.778344,15.192578],[145.777521,15.194176],[145.778013,15.195651],[145.779349,15.197024],[145.781284,15.198285],[145.781403404873,15.1997895585342],[145.781702,15.203552],[145.7804476669,15.205412869171],[145.778966,15.207611],[145.778741,15.208897],[145.779089,15.210245],[145.780897,15.211839],[145.782264,15.215822],[145.783576,15.216253],[145.784267,15.217034],[145.785058,15.218817],[145.787487,15.220747],[145.789789,15.223757],[145.790457835348,15.2253562128485],[145.78956,15.225909],[145.786897,15.228248],[145.783867,15.232066],[145.780288,15.235444],[145.773588,15.242111],[145.77163,15.244112],[145.763862,15.239079],[145.760505,15.237224],[145.755204,15.233087],[145.752305,15.230387],[145.75129,15.22996],[145.749497,15.227629],[145.748816,15.225807],[145.748885,15.225107],[145.747706,15.222776],[145.74661,15.22208],[145.749154,15.218558],[145.7485,15.21729],[145.746438,15.213208],[145.746964,15.212715],[145.746299,15.208238],[145.742775,15.207234],[145.741414,15.205562]]]}},{"type":"Feature","properties":{"name":"<at><openparen>69120950101<closeparen>","STATEFP":"69","COUNTYFP":"120","TRACTCE":"950101","GEOIDFQ":"1400000US69120950101","GEOID":"69120950101","NAME":"9501.01","NAMELSAD":"Census Tract 9501.01","STUSPS":"MP","NAMELSADCO":"Tinian Municipality","STATE_NAME":"Commonwealth of the Northern Mariana Islands","LSAD":"CT","ALAND":"4866063","AWATER":"1297074","jurisdiction":"Northern Mariana Islands"},"geometry":{"type":"Polygon","coordinates":[[[145.612458,14.978362],[145.612474,14.973993],[145.61343,14.971366],[145.617798,14.967615],[145.622304,14.964539],[145.623709498962,14.9654835515537],[145.624103,14.965748],[145.625926,14.965091],[145.631355355324,14.9548455967856],[145.632061,14.95484],[145.632507,14.957112],[145.636544,14.956766],[145.637567,14.968147],[145.638751,14.968672],[145.641417,14.969981],[145.631443,14.970768],[145.632399,14.980884],[145.617813,14.982191],[145.616577,14.981854],[145.612988246455,14.9813434329255],[145.613007,14.981319],[145.612458,14.978362]]]}},{"type":"Feature","properties":{"name":"<at><openparen>69120950102<closeparen>","STATEFP":"69","COUNTYFP":"120","TRACTCE":"950102","GEOIDFQ":"1400000US69120950102","GEOID":"69120950102","NAME":"9501.02","NAMELSAD":"Census Tract 9501.02","STUSPS":"MP","NAMELSADCO":"Tinian Municipality","STATE_NAME":"Commonwealth of the Northern Mariana Islands","LSAD":"CT","ALAND":"7013120","AWATER":"0","jurisdiction":"Northern Mariana Islands"},"geometry":{"type":"Polygon","coordinates":[[[145.537435,14.845598],[145.53773,14.844222],[145.539385,14.841791],[145.540565,14.841594],[145.543306,14.840674],[145.545481,14.840414],[145.547936,14.840974],[145.550671,14.842437],[145.551479,14.842282],[145.552595,14.842785],[145.553445,14.843167],[145.554219,14.843073],[145.555492,14.843957],[145.558362,14.844381],[145.559337,14.844472],[145.560609,14.844103],[145.561828,14.844193],[145.562504,14.843979],[145.565047,14.845134],[145.568465,14.847818],[145.57421,14.851719],[145.575011436181,14.8532636627873],[145.57516,14.85355],[145.575564686406,14.8535611135471],[145.576216,14.853579],[145.57692,14.854189],[145.577925,14.856569],[145.577928,14.859073],[145.578336,14.859989],[145.578851,14.860507],[145.578339,14.863104],[145.577239,14.864896],[145.573983,14.865981],[145.573144,14.866105],[145.572303,14.865862],[145.57134,14.864995],[145.56957,14.864306],[145.568105,14.864341],[145.56732,14.864281],[145.566805,14.863977],[145.565503,14.862268],[145.564067,14.861537],[145.557919,14.860141],[145.555588,14.858617],[145.550594,14.856441],[145.547435,14.855818],[145.545377,14.855301],[145.545024,14.854843],[145.543318,14.853983],[145.540717,14.852863],[145.538874,14.850086],[145.53787,14.847338],[145.537435,14.845598]]]}},{"type":"Feature","properties":{"name":"<at><openparen>69120950201<closeparen>","STATEFP":"69","COUNTYFP":"120","TRACTCE":"950201","GEOIDFQ":"1400000US69120950201","GEOID":"69120950201","NAME":"9502.01","NAMELSAD":"Census Tract 9502.01","STUSPS":"MP","NAMELSADCO":"Tinian Municipality","STATE_NAME":"Commonwealth of the Northern Mariana Islands","LSAD":"CT","ALAND":"36639233","AWATER":"0","jurisdiction":"Northern Mariana Islands"},"geometry":{"type":"Polygon","coordinates":[[[145.628538,14.943367],[145.628487,14.941128],[145.62935,14.940309],[145.629842,14.939031],[145.629252,14.938146],[145.62994,14.937261],[145.629551,14.935807],[145.629551,14.933939],[145.630923,14.930477],[145.63053,14.929297],[145.630921,14.927965],[145.632338,14.925233],[145.634364,14.923201],[145.636408,14.922625],[145.639084,14.92271],[145.642254,14.924257],[145.644988,14.926502],[145.647048,14.929396],[145.64765,14.93165],[145.650194,14.935295],[145.651543,14.936621],[145.652314,14.937701],[145.652278,14.938784],[145.651281,14.940216],[145.65136,14.941471],[145.653634,14.944281],[145.654098,14.945579],[145.655138,14.946225],[145.656252,14.946179],[145.658904,14.94839],[145.659949,14.948768],[145.661947,14.94833],[145.662909,14.94863],[145.664831,14.948279],[145.665449,14.949836],[145.66403,14.951269],[145.663075,14.954476],[145.661238,14.958421],[145.661336976676,14.9588506551996],[145.661936,14.961451],[145.661521,14.964959],[145.663451,14.968721],[145.665378,14.970665],[145.665537,14.972829],[145.664174489157,14.9749529422026],[145.664118,14.975041],[145.663815,14.97699],[145.664672,14.978317],[145.666204,14.979322],[145.666554,14.98075],[145.667744,14.982607],[145.669571,14.988838],[145.669957,14.992715],[145.671672,14.999613],[145.6733,15.004022],[145.673572,15.006534],[145.672768,15.008052],[145.671422,15.008705],[145.670809,15.009572],[145.670967,15.011347],[145.668092,15.01629],[145.665979,15.018027],[145.664504,15.018519],[145.6623,15.01843],[145.659338,15.017984],[145.657273,15.018868],[145.655799,15.020343],[145.653734,15.02349],[145.65012374214,15.0316074574309],[145.646006,15.032007],[145.6458,15.033906],[145.637384,15.034905],[145.635546,15.014747],[145.633345,14.990973],[145.632399,14.980884],[145.631443,14.970768],[145.641417,14.969981],[145.638751,14.968672],[145.637567,14.968147],[145.636544,14.956766],[145.632507,14.957112],[145.632061,14.95484],[145.631355355324,14.9548455967856],[145.631751,14.954099],[145.631792,14.950581],[145.628538,14.943367]]]}},{"type":"Feature","properties":{"name":"<at><openparen>69120950202<closeparen>","STATEFP":"69","COUNTYFP":"120","TRACTCE":"950202","GEOIDFQ":"1400000US69120950202","GEOID":"69120950202","NAME":"9502.02","NAMELSAD":"Census Tract 9502.02","STUSPS":"MP","NAMELSADCO":"Tinian Municipality","STATE_NAME":"Commonwealth of the Northern Mariana Islands","LSAD":"CT","ALAND":"59719190","AWATER":"39283","jurisdiction":"Northern Mariana Islands"},"geometry":{"type":"Polygon","coordinates":[[[145.582412,15.017776],[145.582461,15.016516],[145.584014,15.013884],[145.584913,15.013224],[145.586309,15.013222],[145.587659,15.012409],[145.588736,15.009519],[145.58835,15.008053],[145.587517,15.007292],[145.5872,15.005823],[145.586698,15.001163],[145.584938,14.99772],[145.58489,14.995896],[145.585822,14.994592],[145.586963,14.994054],[145.589029,14.993457],[145.590601,14.991124],[145.592581,14.990006],[145.593797,14.990561],[145.595011,14.9899],[145.596392,14.989791],[145.597803,14.990401],[145.599516,14.991868],[145.602217,14.992015],[145.603098,14.992322],[145.605163,14.992223],[145.608312,14.99108],[145.609410489333,14.9885456824821],[145.609468,14.988413],[145.60885,14.986816],[145.608943,14.985936],[145.609771,14.985535],[145.612988246455,14.9813434329255],[145.616577,14.981854],[145.617813,14.982191],[145.632399,14.980884],[145.633345,14.990973],[145.635546,15.014747],[145.637384,15.034905],[145.6458,15.033906],[145.646006,15.032007],[145.65012374214,15.0316074574309],[145.649721,15.032513],[145.648607,15.033606],[145.646947,15.041842],[145.646923,15.044486],[145.64778,15.046798],[145.649811,15.048115],[145.65308,15.051281],[145.653874,15.051609],[145.6557,15.053183],[145.655937,15.054116],[145.65797,15.056292],[145.658825,15.057844],[145.658712,15.059761],[145.658009,15.061052],[145.65654,15.061419],[145.655663,15.063768],[145.654935,15.067571],[145.65506,15.07081],[145.656572,15.077218],[145.657199,15.08181],[145.656325,15.085713],[145.654422,15.089782],[145.647939,15.098127],[145.645259,15.100777],[145.643807,15.100723],[145.641797,15.099153],[145.636121,15.09311],[145.63316,15.089447],[145.632639,15.087584],[145.629991,15.085435],[145.627502,15.084509],[145.622762,15.07914],[145.620206,15.077173],[145.618043,15.076387],[145.61647,15.074322],[145.616077,15.072552],[145.614141,15.070254],[145.613001,15.069478],[145.61134,15.067589],[145.607696,15.063618],[145.603507,15.058841],[145.602614,15.057396],[145.596818,15.053483],[145.596446,15.052733],[145.596947,15.052002],[145.598261,15.051739],[145.598991,15.050419],[145.598772,15.04925],[145.597998,15.047805],[145.597475,15.045636],[145.597547,15.044133],[145.596849,15.040629],[145.595127425233,15.0385004104015],[145.594916,15.038239],[145.593183,15.037686],[145.592019,15.036742],[145.590782,15.0368],[145.589818,15.037191],[145.588927,15.036859],[145.588233,15.035635],[145.58781,15.033827],[145.587882,15.03213],[145.587508,15.029904],[145.586538,15.02735],[145.585803,15.026704],[145.584524,15.023888],[145.584862,15.02291],[145.584838,15.021869],[145.583708,15.020945],[145.582412,15.017776]]]}},{"type":"Feature","properties":{"name":"<at><openparen>66010950100<closeparen>","STATEFP":"66","COUNTYFP":"010","TRACTCE":"950100","GEOIDFQ":"1400000US66010950100","GEOID":"66010950100","NAME":"9501","NAMELSAD":"Census Tract 9501","STUSPS":"GU","NAMELSADCO":"Guam","STATE_NAME":"Guam","LSAD":"CT","ALAND":"21939400","AWATER":"0","jurisdiction":"Guam"},"geometry":{"type":"Polygon","coordinates":[[[144.89658,13.60445],[144.89648,13.60349],[144.89834,13.60178],[144.89843,13.59827],[144.89906,13.59447],[144.90591,13.59089],[144.90837,13.58839],[144.90914,13.58662],[144.91097,13.58472],[144.90892,13.58271],[144.90879,13.58131],[144.91229,13.57119],[144.91284,13.57125],[144.91735,13.56987],[144.91995,13.56588],[144.92089,13.56512],[144.92399,13.56361],[144.92051,13.56164],[144.91826,13.5604],[144.91733,13.5597],[144.916482,13.556805],[144.92217,13.554613],[144.937749206004,13.5480038461352],[144.939381,13.551658],[144.940171,13.552621],[144.939156,13.556857],[144.938367,13.560856],[144.938504,13.562625],[144.939508,13.563894],[144.940294,13.566603],[144.94034,13.568053],[144.941647,13.568862],[144.944112,13.570164],[144.944965,13.571184],[144.946724,13.572313],[144.947059236249,13.5729953150823],[144.947828,13.57456],[144.948746,13.57524],[144.95044,13.578963],[144.950299,13.580934],[144.951782,13.587513],[144.956622,13.59612],[144.956712,13.598168],[144.956102,13.599368],[144.953996,13.600517],[144.951127,13.600992],[144.949317,13.600318],[144.943418,13.600158],[144.940919,13.600526],[144.939118,13.600158],[144.937045,13.600164],[144.931308,13.601783],[144.929419,13.600305],[144.92827,13.600167],[144.925857,13.600569],[144.914599,13.602963],[144.912994,13.603694],[144.907852,13.605318],[144.907498352415,13.6055696868527],[144.90371,13.60446],[144.90083,13.60777],[144.89909,13.60606],[144.89658,13.60445]]]}},{"type":"Feature","properties":{"name":"<at><openparen>66010950200<closeparen>","STATEFP":"66","COUNTYFP":"010","TRACTCE":"950200","GEOIDFQ":"1400000US66010950200","GEOID":"66010950200","NAME":"9502","NAMELSAD":"Census Tract 9502","STUSPS":"GU","NAMELSADCO":"Guam","STATE_NAME":"Guam","LSAD":"CT","ALAND":"28967114","AWATER":"0","jurisdiction":"Guam"},"geometry":{"type":"Polygon","coordinates":[[[144.85977,13.654383],[144.86026,13.65235],[144.860421,13.650561],[144.86507,13.623795],[144.867746,13.613185],[144.868956,13.602025],[144.87181,13.58583],[144.87276,13.58524],[144.8745,13.58493],[144.87841,13.58542],[144.885801,13.583614],[144.88918,13.58246],[144.89181,13.57953],[144.89641,13.57324],[144.89917,13.56577],[144.8994,13.56438],[144.89923,13.5634],[144.907737,13.560203],[144.914859,13.557291],[144.916482,13.556805],[144.91733,13.5597],[144.91826,13.5604],[144.92051,13.56164],[144.92399,13.56361],[144.92089,13.56512],[144.91995,13.56588],[144.91735,13.56987],[144.91284,13.57125],[144.91229,13.57119],[144.90879,13.58131],[144.90892,13.58271],[144.91097,13.58472],[144.90914,13.58662],[144.90837,13.58839],[144.90591,13.59089],[144.89906,13.59447],[144.89843,13.59827],[144.89834,13.60178],[144.89648,13.60349],[144.89658,13.60445],[144.89909,13.60606],[144.90083,13.60777],[144.90371,13.60446],[144.907498352415,13.6055696868527],[144.905542,13.606962],[144.904945,13.608592],[144.904418,13.612417],[144.901074,13.619144],[144.900015,13.620152],[144.899406,13.621994],[144.896517,13.624703],[144.895482945682,13.6259397405653],[144.893308,13.628541],[144.891819,13.62935],[144.889964,13.631288],[144.885491855191,13.637462596874],[144.8816,13.642836],[144.878802,13.64573],[144.875579,13.647367],[144.872749,13.649659],[144.868249,13.652605],[144.863852,13.65403],[144.85977,13.654383]]]}},{"type":"Feature","properties":{"name":"<at><openparen>66010950300<closeparen>","STATEFP":"66","COUNTYFP":"010","TRACTCE":"950300","GEOIDFQ":"1400000US66010950300","GEOID":"66010950300","NAME":"9503","NAMELSAD":"Census Tract 9503","STUSPS":"GU","NAMELSADCO":"Guam","STATE_NAME":"Guam","LSAD":"CT","ALAND":"36451623","AWATER":"0","jurisdiction":"Guam"},"geometry":{"type":"Polygon","coordinates":[[[144.808943,13.545014],[144.808734,13.543813],[144.810869,13.541398],[144.810854,13.540771],[144.81541,13.52114],[144.8223,13.52355],[144.82344,13.52364],[144.82521,13.52647],[144.82554,13.52854],[144.82575,13.52945],[144.82896,13.53623],[144.83249,13.540143],[144.83284,13.54065],[144.83322,13.54184],[144.833306,13.54221],[144.83377,13.54417],[144.83622,13.54956],[144.83678,13.55064],[144.837319,13.551648],[144.84073,13.55753],[144.843703,13.563174],[144.84463,13.56495],[144.84494,13.5655],[144.84591,13.56737],[144.848582,13.572515],[144.84984,13.57479],[144.85869,13.5857],[144.85935,13.58631],[144.86328,13.58851],[144.86504,13.58903],[144.86717,13.58873],[144.87181,13.58583],[144.868956,13.602025],[144.867746,13.613185],[144.86507,13.623795],[144.860421,13.650561],[144.86026,13.65235],[144.85977,13.654383],[144.858531,13.653966],[144.855348,13.651603],[144.855088,13.651369],[144.854944,13.651239],[144.851657,13.648272],[144.848005,13.639517],[144.846554,13.636808],[144.844577,13.633952],[144.839108,13.62745],[144.837844,13.626275],[144.836695,13.624138],[144.835963,13.617437],[144.835944,13.614863],[144.835848,13.611444],[144.835905,13.609401],[144.835764,13.607039],[144.836165,13.605338],[144.836323,13.602744],[144.836758685027,13.5980957620938],[144.836791,13.597751],[144.836534,13.594471],[144.835963,13.591223],[144.834532,13.58741],[144.832504,13.585183],[144.830995,13.58214],[144.831025,13.580176],[144.831817,13.578591],[144.830681,13.576253],[144.828712,13.576202],[144.825195,13.573579],[144.823549735459,13.5716100994373],[144.821611,13.56929],[144.821768,13.566905],[144.819401356687,13.5632922330435],[144.818904,13.562533],[144.817242,13.558288],[144.814789,13.557152],[144.813493,13.55551],[144.811975,13.554734],[144.812096880464,13.5533585891772],[144.812154,13.552714],[144.811332947743,13.5512381311434],[144.811181,13.550965],[144.810944,13.548112],[144.808943,13.545014]]]}},{"type":"Feature","properties":{"name":"<at><openparen>66010950401<closeparen>","STATEFP":"66","COUNTYFP":"010","TRACTCE":"950401","GEOIDFQ":"1400000US66010950401","GEOID":"66010950401","NAME":"9504.01","NAMELSAD":"Census Tract 9504.01","STUSPS":"GU","NAMELSADCO":"Guam","STATE_NAME":"Guam","LSAD":"CT","ALAND":"3008054","AWATER":"0","jurisdiction":"Guam"},"geometry":{"type":"Polygon","coordinates":[[[144.84073,13.55753],[144.84219,13.55747],[144.84855,13.55749],[144.85041,13.55748],[144.85498,13.55749],[144.86416,13.55749],[144.864361,13.567104],[144.864327,13.568234],[144.860773,13.569576],[144.86025,13.56988],[144.85929,13.57033],[144.85349,13.56895],[144.850897,13.570134],[144.848582,13.572515],[144.84591,13.56737],[144.84494,13.5655],[144.84463,13.56495],[144.843703,13.563174],[144.84073,13.55753]]]}},{"type":"Feature","properties":{"name":"<at><openparen>66010950402<closeparen>","STATEFP":"66","COUNTYFP":"010","TRACTCE":"950402","GEOIDFQ":"1400000US66010950402","GEOID":"66010950402","NAME":"9504.02","NAMELSAD":"Census Tract 9504.02","STUSPS":"GU","NAMELSADCO":"Guam","STATE_NAME":"Guam","LSAD":"CT","ALAND":"5941133","AWATER":"0","jurisdiction":"Guam"},"geometry":{"type":"Polygon","coordinates":[[[144.84984,13.57479],[144.848582,13.572515],[144.850897,13.570134],[144.85349,13.56895],[144.85929,13.57033],[144.86025,13.56988],[144.860773,13.569576],[144.864327,13.568234],[144.864361,13.567104],[144.86416,13.55749],[144.86876,13.55752],[144.86892,13.55975],[144.875722,13.559628],[144.875765,13.564088],[144.875945,13.572023],[144.875863,13.575615],[144.873449,13.577085],[144.87181,13.58583],[144.86717,13.58873],[144.86504,13.58903],[144.86328,13.58851],[144.85935,13.58631],[144.85869,13.5857],[144.84984,13.57479]]]}},{"type":"Feature","properties":{"name":"<at><openparen>66010950501<closeparen>","STATEFP":"66","COUNTYFP":"010","TRACTCE":"950501","GEOIDFQ":"1400000US66010950501","GEOID":"66010950501","NAME":"9505.01","NAMELSAD":"Census Tract 9505.01","STUSPS":"GU","NAMELSADCO":"Guam","STATE_NAME":"Guam","LSAD":"CT","ALAND":"2529306","AWATER":"0","jurisdiction":"Guam"},"geometry":{"type":"Polygon","coordinates":[[[144.87276,13.58524],[144.87181,13.58583],[144.873449,13.577085],[144.875863,13.575615],[144.875945,13.572023],[144.875765,13.564088],[144.88034,13.56429],[144.881153,13.567124],[144.880204,13.568983],[144.878986,13.56903],[144.880334,13.571675],[144.882407,13.572158],[144.88803,13.57681],[144.88924,13.57806],[144.89181,13.57953],[144.88918,13.58246],[144.885801,13.583614],[144.87841,13.58542],[144.8745,13.58493],[144.87276,13.58524]]]}},{"type":"Feature","properties":{"name":"<at><openparen>66010950502<closeparen>","STATEFP":"66","COUNTYFP":"010","TRACTCE":"950502","GEOIDFQ":"1400000US66010950502","GEOID":"66010950502","NAME":"9505.02","NAMELSAD":"Census Tract 9505.02","STUSPS":"GU","NAMELSADCO":"Guam","STATE_NAME":"Guam","LSAD":"CT","ALAND":"9851970","AWATER":"0","jurisdiction":"Guam"},"geometry":{"type":"Polygon","coordinates":[[[144.874889,13.5304],[144.87519,13.52778],[144.87506,13.523816],[144.87605,13.52126],[144.88042,13.52285],[144.882769,13.524764],[144.88299,13.52501],[144.88426,13.52681],[144.885002,13.52833],[144.88676,13.53268],[144.88743,13.53435],[144.88819,13.53591],[144.89153,13.54392],[144.892306,13.545895],[144.89448,13.55152],[144.8954,13.5538],[144.89772,13.55969],[144.89923,13.5634],[144.8994,13.56438],[144.89917,13.56577],[144.89641,13.57324],[144.89181,13.57953],[144.88924,13.57806],[144.88803,13.57681],[144.882407,13.572158],[144.880334,13.571675],[144.878986,13.56903],[144.880204,13.568983],[144.881153,13.567124],[144.88034,13.56429],[144.875765,13.564088],[144.875722,13.559628],[144.875713,13.558642],[144.87623,13.55525],[144.877332,13.548996],[144.87737,13.548514],[144.877836,13.547203],[144.877791,13.545925],[144.876646,13.539713],[144.874889,13.5304]]]}},{"type":"Feature","properties":{"name":"<at><openparen>66010950701<closeparen>","STATEFP":"66","COUNTYFP":"010","TRACTCE":"950701","GEOIDFQ":"1400000US66010950701","GEOID":"66010950701","NAME":"9507.01","NAMELSAD":"Census Tract 9507.01","STUSPS":"GU","NAMELSADCO":"Guam","STATE_NAME":"Guam","LSAD":"CT","ALAND":"3408979","AWATER":"0","jurisdiction":"Guam"},"geometry":{"type":"Polygon","coordinates":[[[144.84389,13.51558],[144.84365,13.51434],[144.845826,13.514453],[144.84852,13.51477],[144.856039,13.514967],[144.86012,13.51608],[144.86219,13.51677],[144.863728,13.517268],[144.86369,13.51911],[144.865035,13.532279],[144.865025,13.532693],[144.859897,13.531699],[144.85745,13.53041],[144.84922,13.53036],[144.848236,13.528136],[144.84796,13.52756],[144.84729,13.52601],[144.84686,13.52532],[144.84581,13.52371],[144.84538,13.52214],[144.8446,13.5187],[144.84389,13.51558]]]}},{"type":"Feature","properties":{"name":"<at><openparen>66010950702<closeparen>","STATEFP":"66","COUNTYFP":"010","TRACTCE":"950702","GEOIDFQ":"1400000US66010950702","GEOID":"66010950702","NAME":"9507.02","NAMELSAD":"Census Tract 9507.02","STUSPS":"GU","NAMELSADCO":"Guam","STATE_NAME":"Guam","LSAD":"CT","ALAND":"8975699","AWATER":"0","jurisdiction":"Guam"},"geometry":{"type":"Polygon","coordinates":[[[144.85427,13.54153],[144.84922,13.53036],[144.85745,13.53041],[144.859897,13.531699],[144.865025,13.532693],[144.865035,13.532279],[144.86369,13.51911],[144.863728,13.517268],[144.870751,13.519571],[144.87605,13.52126],[144.87506,13.523816],[144.87519,13.52778],[144.874889,13.5304],[144.876646,13.539713],[144.877791,13.545925],[144.877836,13.547203],[144.87737,13.548514],[144.877332,13.548996],[144.87623,13.55525],[144.875713,13.558642],[144.875722,13.559628],[144.86892,13.55975],[144.86876,13.55752],[144.86416,13.55749],[144.85498,13.55749],[144.85507,13.55603],[144.85499,13.54913],[144.85499,13.54879],[144.85489,13.54308],[144.85427,13.54153]]]}},{"type":"Feature","properties":{"name":"<at><openparen>66010950801<closeparen>","STATEFP":"66","COUNTYFP":"010","TRACTCE":"950801","GEOIDFQ":"1400000US66010950801","GEOID":"66010950801","NAME":"9508.01","NAMELSAD":"Census Tract 9508.01","STUSPS":"GU","NAMELSADCO":"Guam","STATE_NAME":"Guam","LSAD":"CT","ALAND":"3515242","AWATER":"0","jurisdiction":"Guam"},"geometry":{"type":"Polygon","coordinates":[[[144.833306,13.54221],[144.83322,13.54184],[144.83422,13.54166],[144.85309,13.54168],[144.85427,13.54153],[144.85489,13.54308],[144.85499,13.54879],[144.85499,13.54913],[144.85507,13.55603],[144.85498,13.55749],[144.85041,13.55748],[144.84855,13.55749],[144.84219,13.55747],[144.84073,13.55753],[144.837319,13.551648],[144.83678,13.55064],[144.83622,13.54956],[144.83377,13.54417],[144.833306,13.54221]]]}},{"type":"Feature","properties":{"name":"<at><openparen>66010950802<closeparen>","STATEFP":"66","COUNTYFP":"010","TRACTCE":"950802","GEOIDFQ":"1400000US66010950802","GEOID":"66010950802","NAME":"9508.02","NAMELSAD":"Census Tract 9508.02","STUSPS":"GU","NAMELSADCO":"Guam","STATE_NAME":"Guam","LSAD":"CT","ALAND":"5074457","AWATER":"0","jurisdiction":"Guam"},"geometry":{"type":"Polygon","coordinates":[[[144.82344,13.52364],[144.82476,13.52324],[144.82771,13.52096],[144.82966,13.52205],[144.8312,13.5225],[144.835634,13.523675],[144.83665,13.52374],[144.838215,13.523663],[144.839417,13.5234],[144.84538,13.52214],[144.84581,13.52371],[144.84686,13.52532],[144.84729,13.52601],[144.84796,13.52756],[144.848236,13.528136],[144.84922,13.53036],[144.85427,13.54153],[144.85309,13.54168],[144.83422,13.54166],[144.83322,13.54184],[144.83284,13.54065],[144.83249,13.540143],[144.82896,13.53623],[144.82575,13.52945],[144.82554,13.52854],[144.82521,13.52647],[144.82344,13.52364]]]}},{"type":"Feature","properties":{"name":"<at><openparen>66010950900<closeparen>","STATEFP":"66","COUNTYFP":"010","TRACTCE":"950900","GEOIDFQ":"1400000US66010950900","GEOID":"66010950900","NAME":"9509","NAMELSAD":"Census Tract 9509","STUSPS":"GU","NAMELSADCO":"Guam","STATE_NAME":"Guam","LSAD":"CT","ALAND":"1922583","AWATER":"0","jurisdiction":"Guam"},"geometry":{"type":"Polygon","coordinates":[[[144.81541,13.52114],[144.81687,13.5171],[144.81792,13.51439],[144.81796,13.51428],[144.81973,13.50935],[144.81975,13.50926],[144.83026,13.512914],[144.83188,13.51347],[144.8331,13.51388],[144.83438,13.5145],[144.83475,13.5155],[144.83409,13.51588],[144.83301,13.516714],[144.82771,13.52096],[144.82476,13.52324],[144.82344,13.52364],[144.8223,13.52355],[144.81541,13.52114]]]}},{"type":"Feature","properties":{"name":"<at><openparen>66010951000<closeparen>","STATEFP":"66","COUNTYFP":"010","TRACTCE":"951000","GEOIDFQ":"1400000US66010951000","GEOID":"66010951000","NAME":"9510","NAMELSAD":"Census Tract 9510","STUSPS":"GU","NAMELSADCO":"Guam","STATE_NAME":"Guam","LSAD":"CT","ALAND":"1374467","AWATER":"0","jurisdiction":"Guam"},"geometry":{"type":"Polygon","coordinates":[[[144.82966,13.52205],[144.82771,13.52096],[144.83301,13.516714],[144.83409,13.51588],[144.83475,13.5155],[144.835129,13.515343],[144.84049,13.51421],[144.84365,13.51434],[144.84389,13.51558],[144.8446,13.5187],[144.84538,13.52214],[144.839417,13.5234],[144.838215,13.523663],[144.83665,13.52374],[144.835634,13.523675],[144.8312,13.5225],[144.82966,13.52205]]]}},{"type":"Feature","properties":{"name":"<at><openparen>66010951100<closeparen>","STATEFP":"66","COUNTYFP":"010","TRACTCE":"951100","GEOIDFQ":"1400000US66010951100","GEOID":"66010951100","NAME":"9511","NAMELSAD":"Census Tract 9511","STUSPS":"GU","NAMELSADCO":"Guam","STATE_NAME":"Guam","LSAD":"CT","ALAND":"4921041","AWATER":"0","jurisdiction":"Guam"},"geometry":{"type":"Polygon","coordinates":[[[144.81975,13.50221],[144.820122,13.498722],[144.820189,13.498479],[144.82351,13.50119],[144.82508,13.499236],[144.834631,13.499749],[144.834625,13.497931],[144.842261,13.498535],[144.843813,13.498726],[144.848603,13.497642],[144.853162,13.499107],[144.854233,13.498969],[144.855134,13.498752],[144.856906,13.499578],[144.857056,13.503912],[144.853589,13.503908],[144.853541,13.502072],[144.850726,13.502031],[144.850664,13.50384],[144.848541,13.503885],[144.84591,13.5039],[144.84583,13.50395],[144.845797,13.509253],[144.845826,13.514453],[144.84365,13.51434],[144.84049,13.51421],[144.835129,13.515343],[144.83475,13.5155],[144.83438,13.5145],[144.8331,13.51388],[144.83188,13.51347],[144.83026,13.512914],[144.81975,13.50926],[144.8213,13.50513],[144.820393,13.503167],[144.81975,13.50221]]]}},{"type":"Feature","properties":{"name":"<at><openparen>66010951600<closeparen>","STATEFP":"66","COUNTYFP":"010","TRACTCE":"951600","GEOIDFQ":"1400000US66010951600","GEOID":"66010951600","NAME":"9516","NAMELSAD":"Census Tract 9516","STUSPS":"GU","NAMELSADCO":"Guam","STATE_NAME":"Guam","LSAD":"CT","ALAND":"7718896","AWATER":"0","jurisdiction":"Guam"},"geometry":{"type":"Polygon","coordinates":[[[144.80609,13.47309],[144.806273,13.47217],[144.809108,13.47168],[144.80909,13.46965],[144.807406,13.469252],[144.807523,13.467007],[144.807601,13.464827],[144.807597,13.457103],[144.81846,13.457005],[144.829488,13.456892],[144.83104,13.4595],[144.83298,13.46106],[144.832946,13.470652],[144.832998,13.472991],[144.832839,13.483976],[144.81999,13.48394],[144.818209,13.48429],[144.814902,13.483861],[144.81381,13.4834],[144.81312,13.48282],[144.809113,13.476484],[144.80904,13.47638],[144.80609,13.47309]]]}},{"type":"Feature","properties":{"name":"<at><openparen>66010951700<closeparen>","STATEFP":"66","COUNTYFP":"010","TRACTCE":"951700","GEOIDFQ":"1400000US66010951700","GEOID":"66010951700","NAME":"9517","NAMELSAD":"Census Tract 9517","STUSPS":"GU","NAMELSADCO":"Guam","STATE_NAME":"Guam","LSAD":"CT","ALAND":"2938844","AWATER":"0","jurisdiction":"Guam"},"geometry":{"type":"Polygon","coordinates":[[[144.81381,13.4834],[144.814902,13.483861],[144.818209,13.48429],[144.81999,13.48394],[144.832839,13.483976],[144.832834,13.484573],[144.83382,13.49143],[144.834625,13.497931],[144.834631,13.499749],[144.82508,13.499236],[144.82351,13.50119],[144.820189,13.498479],[144.82213,13.4947],[144.820855,13.493573],[144.81487,13.491268],[144.816741,13.486544],[144.81381,13.4834]]]}},{"type":"Feature","properties":{"name":"<at><openparen>66010951800<closeparen>","STATEFP":"66","COUNTYFP":"010","TRACTCE":"951800","GEOIDFQ":"1400000US66010951800","GEOID":"66010951800","NAME":"9518","NAMELSAD":"Census Tract 9518","STUSPS":"GU","NAMELSADCO":"Guam","STATE_NAME":"Guam","LSAD":"CT","ALAND":"7234553","AWATER":"0","jurisdiction":"Guam"},"geometry":{"type":"Polygon","coordinates":[[[144.779713,13.481711],[144.779682,13.47939],[144.78025,13.47537],[144.78787,13.47435],[144.78977,13.47324],[144.79195,13.472954],[144.7928,13.4729],[144.79967,13.47036],[144.80141,13.46998],[144.80258,13.46986],[144.80313,13.47009],[144.80609,13.47309],[144.80904,13.47638],[144.809113,13.476484],[144.81312,13.48282],[144.81381,13.4834],[144.816741,13.486544],[144.81487,13.491268],[144.820855,13.493573],[144.82213,13.4947],[144.820189,13.498479],[144.820122,13.498722],[144.81587,13.49881],[144.81095,13.4965],[144.80806,13.49578],[144.80043,13.49167],[144.800576,13.49077],[144.7942,13.489131],[144.788958,13.485767],[144.787401,13.484956],[144.785577,13.484411],[144.780189,13.481767],[144.779713,13.481711]]]}},{"type":"Feature","properties":{"name":"<at><openparen>66010951901<closeparen>","STATEFP":"66","COUNTYFP":"010","TRACTCE":"951901","GEOIDFQ":"1400000US66010951901","GEOID":"66010951901","NAME":"9519.01","NAMELSAD":"Census Tract 9519.01","STUSPS":"GU","NAMELSADCO":"Guam","STATE_NAME":"Guam","LSAD":"CT","ALAND":"1136903","AWATER":"0","jurisdiction":"Guam"},"geometry":{"type":"Polygon","coordinates":[[[144.808405,13.505267],[144.80879,13.50508],[144.81388,13.50673],[144.81727,13.50798],[144.818126,13.508816],[144.81973,13.50935],[144.81796,13.51428],[144.81792,13.51439],[144.81687,13.5171],[144.81541,13.52114],[144.8126,13.51955],[144.81152,13.51597],[144.81112,13.51424],[144.81014,13.51002],[144.80937,13.50667],[144.808405,13.505267]]]}},{"type":"Feature","properties":{"name":"<at><openparen>66010951902<closeparen>","STATEFP":"66","COUNTYFP":"010","TRACTCE":"951902","GEOIDFQ":"1400000US66010951902","GEOID":"66010951902","NAME":"9519.02","NAMELSAD":"Census Tract 9519.02","STUSPS":"GU","NAMELSADCO":"Guam","STATE_NAME":"Guam","LSAD":"CT","ALAND":"7486805","AWATER":"0","jurisdiction":"Guam"},"geometry":{"type":"Polygon","coordinates":[[[144.782247470865,13.5080272137934],[144.782299,13.507394],[144.78522,13.50238],[144.78632,13.50224],[144.788445,13.50132],[144.79182,13.501688],[144.79607,13.50333],[144.79627,13.50288],[144.7993,13.50148],[144.798317,13.500258],[144.795387,13.496506],[144.79424,13.49468],[144.79815,13.49158],[144.80043,13.49167],[144.80806,13.49578],[144.81095,13.4965],[144.81587,13.49881],[144.820122,13.498722],[144.81975,13.50221],[144.820393,13.503167],[144.8213,13.50513],[144.81975,13.50926],[144.81973,13.50935],[144.818126,13.508816],[144.81727,13.50798],[144.81388,13.50673],[144.80879,13.50508],[144.808405,13.505267],[144.80937,13.50667],[144.81014,13.51002],[144.81112,13.51424],[144.81152,13.51597],[144.8126,13.51955],[144.81541,13.52114],[144.810854,13.540771],[144.810869,13.541398],[144.808734,13.543813],[144.806684718616,13.540779753642],[144.806089,13.539898],[144.802124,13.535791],[144.80213,13.533949],[144.803363,13.531837],[144.803029,13.529924],[144.803354088547,13.5260636977701],[144.803356,13.526041],[144.804005,13.524995],[144.803222,13.522254],[144.803594,13.521195],[144.805905,13.520919],[144.806341,13.519533],[144.804903,13.515444],[144.802137,13.511573],[144.800693,13.508948],[144.797674,13.506329],[144.789737,13.50397],[144.786798,13.50505],[144.786258,13.506409],[144.783194,13.50808],[144.782247470865,13.5080272137934]]]}},{"type":"Feature","properties":{"name":"<at><openparen>66010952200<closeparen>","STATEFP":"66","COUNTYFP":"010","TRACTCE":"952200","GEOIDFQ":"1400000US66010952200","GEOID":"66010952200","NAME":"9522","NAMELSAD":"Census Tract 9522","STUSPS":"GU","NAMELSADCO":"Guam","STATE_NAME":"Guam","LSAD":"CT","ALAND":"920690","AWATER":"0","jurisdiction":"Guam"},"geometry":{"type":"Polygon","coordinates":[[[144.77613,13.49761],[144.77595,13.49389],[144.77628,13.49275],[144.77656,13.48913],[144.77605,13.4871],[144.776985,13.485001],[144.779975,13.485855],[144.78399,13.48753],[144.78279,13.49252],[144.78252,13.49375],[144.781856,13.496581],[144.781721,13.497602],[144.77969,13.4976],[144.77613,13.49761]]]}},{"type":"Feature","properties":{"name":"<at><openparen>66010952300<closeparen>","STATEFP":"66","COUNTYFP":"010","TRACTCE":"952300","GEOIDFQ":"1400000US66010952300","GEOID":"66010952300","NAME":"9523","NAMELSAD":"Census Tract 9523","STUSPS":"GU","NAMELSADCO":"Guam","STATE_NAME":"Guam","LSAD":"CT","ALAND":"1995952","AWATER":"0","jurisdiction":"Guam"},"geometry":{"type":"Polygon","coordinates":[[[144.78171,13.50439],[144.78103,13.50393],[144.781721,13.497602],[144.781856,13.496581],[144.78252,13.49375],[144.78279,13.49252],[144.78399,13.48753],[144.787461,13.489363],[144.79056,13.49102],[144.79299,13.49297],[144.79424,13.49468],[144.795387,13.496506],[144.798317,13.500258],[144.7993,13.50148],[144.79627,13.50288],[144.79607,13.50333],[144.79182,13.501688],[144.788445,13.50132],[144.78632,13.50224],[144.78522,13.50238],[144.78171,13.50439]]]}},{"type":"Feature","properties":{"name":"<at><openparen>66010952400<closeparen>","STATEFP":"66","COUNTYFP":"010","TRACTCE":"952400","GEOIDFQ":"1400000US66010952400","GEOID":"66010952400","NAME":"9524","NAMELSAD":"Census Tract 9524","STUSPS":"GU","NAMELSADCO":"Guam","STATE_NAME":"Guam","LSAD":"CT","ALAND":"1239934","AWATER":"0","jurisdiction":"Guam"},"geometry":{"type":"Polygon","coordinates":[[[144.769783818626,13.4816608605435],[144.77055,13.481087],[144.773196,13.482016],[144.779713,13.481711],[144.780189,13.481767],[144.785577,13.484411],[144.787401,13.484956],[144.788958,13.485767],[144.7942,13.489131],[144.800576,13.49077],[144.80043,13.49167],[144.79815,13.49158],[144.79424,13.49468],[144.79299,13.49297],[144.79056,13.49102],[144.787461,13.489363],[144.78399,13.48753],[144.779975,13.485855],[144.776985,13.485001],[144.771424893767,13.483851917624],[144.769783818626,13.4816608605435]]]}},{"type":"Feature","properties":{"name":"<at><openparen>66010952700<closeparen>","STATEFP":"66","COUNTYFP":"010","TRACTCE":"952700","GEOIDFQ":"1400000US66010952700","GEOID":"66010952700","NAME":"9527","NAMELSAD":"Census Tract 9527","STUSPS":"GU","NAMELSADCO":"Guam","STATE_NAME":"Guam","LSAD":"CT","ALAND":"3229238","AWATER":"0","jurisdiction":"Guam"},"geometry":{"type":"Polygon","coordinates":[[[144.78025,13.47537],[144.78232,13.47184],[144.7833,13.47022],[144.785737,13.466125],[144.78578,13.46443],[144.784761,13.462966],[144.784394,13.461709],[144.78662,13.460212],[144.787184,13.458912],[144.789611,13.457647],[144.790504,13.456152],[144.79296,13.45537],[144.794076,13.457603],[144.796577,13.457376],[144.799149,13.458098],[144.79941,13.45708],[144.80484,13.4571],[144.80426,13.45914],[144.80096,13.46458],[144.80071,13.46601],[144.80074,13.46679],[144.80103,13.4682],[144.80141,13.46998],[144.79967,13.47036],[144.7928,13.4729],[144.79195,13.472954],[144.78977,13.47324],[144.78787,13.47435],[144.78025,13.47537]]]}},{"type":"Feature","properties":{"name":"<at><openparen>66010952800<closeparen>","STATEFP":"66","COUNTYFP":"010","TRACTCE":"952800","GEOIDFQ":"1400000US66010952800","GEOID":"66010952800","NAME":"9528","NAMELSAD":"Census Tract 9528","STUSPS":"GU","NAMELSADCO":"Guam","STATE_NAME":"Guam","LSAD":"CT","ALAND":"1714903","AWATER":"0","jurisdiction":"Guam"},"geometry":{"type":"Polygon","coordinates":[[[144.807597,13.457103],[144.807373,13.44975],[144.80984,13.44944],[144.8102,13.44943],[144.81845,13.44942],[144.81919,13.44948],[144.821684,13.450106],[144.82485,13.45101],[144.82826,13.45479],[144.829488,13.456892],[144.81846,13.457005],[144.807597,13.457103]]]}},{"type":"Feature","properties":{"name":"<at><openparen>66010952900<closeparen>","STATEFP":"66","COUNTYFP":"010","TRACTCE":"952900","GEOIDFQ":"1400000US66010952900","GEOID":"66010952900","NAME":"9529","NAMELSAD":"Census Tract 9529","STUSPS":"GU","NAMELSADCO":"Guam","STATE_NAME":"Guam","LSAD":"CT","ALAND":"6393667","AWATER":"0","jurisdiction":"Guam"},"geometry":{"type":"Polygon","coordinates":[[[144.781322,13.461258],[144.782373,13.459721],[144.784055,13.458871],[144.78504,13.44714],[144.78511,13.446387],[144.785749,13.440882],[144.78959,13.44068],[144.78963,13.43989],[144.792551,13.437905],[144.79732,13.4389],[144.79894,13.43984],[144.79964,13.44052],[144.80032,13.44153],[144.80766,13.44159],[144.80985,13.44164],[144.816569191431,13.4399834501325],[144.817542,13.441052],[144.818119,13.441687],[144.819949,13.442361],[144.82387,13.442232],[144.8243,13.442342],[144.825931,13.442759],[144.824863,13.444225],[144.821684,13.450106],[144.81919,13.44948],[144.81845,13.44942],[144.8102,13.44943],[144.80984,13.44944],[144.807373,13.44975],[144.807597,13.457103],[144.80484,13.4571],[144.79941,13.45708],[144.799149,13.458098],[144.796577,13.457376],[144.794076,13.457603],[144.79296,13.45537],[144.790504,13.456152],[144.789611,13.457647],[144.787184,13.458912],[144.78662,13.460212],[144.784394,13.461709],[144.783056,13.461715],[144.781322,13.461258]]]}},{"type":"Feature","properties":{"name":"<at><openparen>66010953000<closeparen>","STATEFP":"66","COUNTYFP":"010","TRACTCE":"953000","GEOIDFQ":"1400000US66010953000","GEOID":"66010953000","NAME":"9530","NAMELSAD":"Census Tract 9530","STUSPS":"GU","NAMELSADCO":"Guam","STATE_NAME":"Guam","LSAD":"CT","ALAND":"3021496","AWATER":"0","jurisdiction":"Guam"},"geometry":{"type":"Polygon","coordinates":[[[144.792551,13.437905],[144.7923,13.43786],[144.79267,13.43672],[144.792604,13.430449],[144.792785,13.426507],[144.795399,13.428131],[144.796751,13.428355],[144.800872,13.426776],[144.804584,13.426475],[144.805141,13.42643],[144.807605,13.427437],[144.809024,13.429344],[144.810045,13.433054],[144.811265945446,13.434600075012],[144.813973,13.438028],[144.81552,13.438831],[144.816569191431,13.4399834501325],[144.80985,13.44164],[144.80766,13.44159],[144.80032,13.44153],[144.79964,13.44052],[144.79894,13.43984],[144.79732,13.4389],[144.792551,13.437905]]]}},{"type":"Feature","properties":{"name":"<at><openparen>66010953101<closeparen>","STATEFP":"66","COUNTYFP":"010","TRACTCE":"953101","GEOIDFQ":"1400000US66010953101","GEOID":"66010953101","NAME":"9531.01","NAMELSAD":"Census Tract 9531.01","STUSPS":"GU","NAMELSADCO":"Guam","STATE_NAME":"Guam","LSAD":"CT","ALAND":"9525680","AWATER":"0","jurisdiction":"Guam"},"geometry":{"type":"Polygon","coordinates":[[[144.74386,13.456381],[144.740387,13.456034],[144.746196,13.446926],[144.743136,13.445031],[144.747985,13.444652],[144.748129,13.444301],[144.747902,13.441185],[144.747348,13.440235],[144.74744,13.435565],[144.7475,13.434556],[144.748862,13.434481],[144.751004,13.435633],[144.75163,13.434718],[144.754497,13.436082],[144.754087,13.437045],[144.759061,13.435481],[144.760105,13.434393],[144.760736,13.43203],[144.761728,13.43151],[144.762303,13.432776],[144.764922,13.429935],[144.765653,13.426475],[144.766494,13.426863],[144.769102,13.426532],[144.768362,13.425077],[144.76949,13.424214],[144.771204,13.424102],[144.773446,13.423188],[144.775127,13.423692],[144.774748,13.422696],[144.776532,13.422775],[144.776666,13.421693],[144.778242,13.421877],[144.77788,13.420199],[144.778752,13.42004],[144.780652,13.420935],[144.781908,13.42296],[144.782671,13.422802],[144.783946,13.421628],[144.785878,13.424222],[144.786498,13.424469],[144.788857,13.425409],[144.789151,13.425433],[144.79084,13.42557],[144.792785,13.426507],[144.792604,13.430449],[144.79267,13.43672],[144.7923,13.43786],[144.78484,13.43631],[144.78245,13.43474],[144.77995,13.43415],[144.777858,13.435605],[144.77662,13.44042],[144.77585,13.44138],[144.77447,13.44227],[144.76791,13.4435],[144.7664,13.44453],[144.76039,13.44854],[144.758373,13.451448],[144.758597,13.45296],[144.7598,13.454346],[144.75967,13.45519],[144.75803,13.456216],[144.754942,13.456767],[144.7533,13.45629],[144.751981,13.457108],[144.75087,13.45686],[144.74386,13.456381]]]}},{"type":"Feature","properties":{"name":"<at><openparen>66010953102<closeparen>","STATEFP":"66","COUNTYFP":"010","TRACTCE":"953102","GEOIDFQ":"1400000US66010953102","GEOID":"66010953102","NAME":"9531.02","NAMELSAD":"Census Tract 9531.02","STUSPS":"GU","NAMELSADCO":"Guam","STATE_NAME":"Guam","LSAD":"CT","ALAND":"5227641","AWATER":"0","jurisdiction":"Guam"},"geometry":{"type":"Polygon","coordinates":[[[144.758597,13.45296],[144.758373,13.451448],[144.76039,13.44854],[144.7664,13.44453],[144.76791,13.4435],[144.77447,13.44227],[144.77585,13.44138],[144.77662,13.44042],[144.777858,13.435605],[144.77995,13.43415],[144.78245,13.43474],[144.78484,13.43631],[144.7923,13.43786],[144.792551,13.437905],[144.78963,13.43989],[144.78959,13.44068],[144.785749,13.440882],[144.78511,13.446387],[144.78504,13.44714],[144.784055,13.458871],[144.782373,13.459721],[144.781322,13.461258],[144.779094,13.46197],[144.776326,13.460273],[144.774929,13.461124],[144.77259,13.46036],[144.77137,13.45901],[144.77059,13.4575],[144.76836,13.45698],[144.76656,13.452053],[144.765661,13.452088],[144.764452,13.452002],[144.761835,13.454168],[144.7598,13.454346],[144.758597,13.45296]]]}},{"type":"Feature","properties":{"name":"<at><openparen>66010953200<closeparen>","STATEFP":"66","COUNTYFP":"010","TRACTCE":"953200","GEOIDFQ":"1400000US66010953200","GEOID":"66010953200","NAME":"9532","NAMELSAD":"Census Tract 9532","STUSPS":"GU","NAMELSADCO":"Guam","STATE_NAME":"Guam","LSAD":"CT","ALAND":"2323338","AWATER":"0","jurisdiction":"Guam"},"geometry":{"type":"Polygon","coordinates":[[[144.752156,13.458089],[144.751981,13.457108],[144.7533,13.45629],[144.754942,13.456767],[144.75803,13.456216],[144.75967,13.45519],[144.7598,13.454346],[144.761835,13.454168],[144.764452,13.452002],[144.765661,13.452088],[144.76656,13.452053],[144.76836,13.45698],[144.77059,13.4575],[144.77137,13.45901],[144.77259,13.46036],[144.76418,13.466887],[144.763401,13.467355],[144.761364,13.466579],[144.760774,13.465568],[144.7581,13.46363],[144.75633,13.46456],[144.754057,13.46751],[144.7522,13.46728],[144.7521,13.46283],[144.75209,13.45986],[144.752156,13.458089]]]}},{"type":"Feature","properties":{"name":"<at><openparen>66010953300<closeparen>","STATEFP":"66","COUNTYFP":"010","TRACTCE":"953300","GEOIDFQ":"1400000US66010953300","GEOID":"66010953300","NAME":"9533","NAMELSAD":"Census Tract 9533","STUSPS":"GU","NAMELSADCO":"Guam","STATE_NAME":"Guam","LSAD":"CT","ALAND":"2472653","AWATER":"0","jurisdiction":"Guam"},"geometry":{"type":"Polygon","coordinates":[[[144.758704,13.475072],[144.758371,13.47438],[144.759904,13.470792],[144.759591,13.469342],[144.761364,13.466579],[144.763401,13.467355],[144.76418,13.466887],[144.77259,13.46036],[144.7741,13.46394],[144.77659,13.46755],[144.77799,13.46861],[144.77563,13.46866],[144.776693,13.471837],[144.77543,13.47369],[144.77547,13.47575],[144.77329,13.47577],[144.768646,13.47583],[144.76859,13.47583],[144.768906,13.478379],[144.768703,13.479491],[144.768167343499,13.4803434667638],[144.767595915563,13.4799844039806],[144.767587,13.479396],[144.762812,13.477062],[144.758958,13.476846],[144.758775,13.475188],[144.758704,13.475072]]]}},{"type":"Feature","properties":{"name":"<at><openparen>66010953400<closeparen>","STATEFP":"66","COUNTYFP":"010","TRACTCE":"953400","GEOIDFQ":"1400000US66010953400","GEOID":"66010953400","NAME":"9534","NAMELSAD":"Census Tract 9534","STUSPS":"GU","NAMELSADCO":"Guam","STATE_NAME":"Guam","LSAD":"CT","ALAND":"2453678","AWATER":"137543","jurisdiction":"Guam"},"geometry":{"type":"Polygon","coordinates":[[[144.728567,13.480008],[144.728636,13.47896],[144.731771,13.478031],[144.731141,13.476113],[144.732252,13.475443],[144.732749,13.474878],[144.733046,13.475885],[144.738235,13.47617],[144.739425,13.475233],[144.743827,13.475424],[144.745247,13.474988],[144.74733,13.47196],[144.75045,13.47092],[144.751428,13.470281],[144.7522,13.46728],[144.754057,13.46751],[144.75633,13.46456],[144.7581,13.46363],[144.760774,13.465568],[144.761364,13.466579],[144.759591,13.469342],[144.759904,13.470792],[144.758371,13.47438],[144.758704,13.475072],[144.758775,13.475188],[144.758958,13.476846],[144.762812,13.477062],[144.767587,13.479396],[144.767595915563,13.4799844039806],[144.76746,13.479899],[144.763779,13.478703],[144.761134,13.478145],[144.75480769304,13.4777278382161],[144.754613,13.477715],[144.754105,13.480851],[144.753064,13.48097],[144.750774,13.477728],[144.743817,13.477625],[144.738695,13.47914],[144.732866,13.479005],[144.731255,13.478633],[144.730468,13.480239],[144.72927,13.480921],[144.728567,13.480008]]]}},{"type":"Feature","properties":{"name":"<at><openparen>66010953500<closeparen>","STATEFP":"66","COUNTYFP":"010","TRACTCE":"953500","GEOIDFQ":"1400000US66010953500","GEOID":"66010953500","NAME":"9535","NAMELSAD":"Census Tract 9535","STUSPS":"GU","NAMELSADCO":"Guam","STATE_NAME":"Guam","LSAD":"CT","ALAND":"505230","AWATER":"0","jurisdiction":"Guam"},"geometry":{"type":"Polygon","coordinates":[[[144.733046,13.475885],[144.732749,13.474878],[144.733229,13.474422],[144.73527,13.47377],[144.7379,13.47195],[144.74654,13.47199],[144.74733,13.47196],[144.745247,13.474988],[144.743827,13.475424],[144.739425,13.475233],[144.738235,13.47617],[144.733046,13.475885]]]}},{"type":"Feature","properties":{"name":"<at><openparen>66010953600<closeparen>","STATEFP":"66","COUNTYFP":"010","TRACTCE":"953600","GEOIDFQ":"1400000US66010953600","GEOID":"66010953600","NAME":"9536","NAMELSAD":"Census Tract 9536","STUSPS":"GU","NAMELSADCO":"Guam","STATE_NAME":"Guam","LSAD":"CT","ALAND":"2156291","AWATER":"0","jurisdiction":"Guam"},"geometry":{"type":"Polygon","coordinates":[[[144.732252,13.475443],[144.73223,13.475105],[144.7337,13.473863],[144.73514,13.473571],[144.741719,13.46852],[144.74174,13.467101],[144.742173,13.465549],[144.740774,13.462173],[144.738746,13.461423],[144.738421,13.459427],[144.738539,13.458589],[144.740387,13.456034],[144.74386,13.456381],[144.75087,13.45686],[144.751981,13.457108],[144.752156,13.458089],[144.75209,13.45986],[144.7521,13.46283],[144.7522,13.46728],[144.751428,13.470281],[144.75045,13.47092],[144.74733,13.47196],[144.74654,13.47199],[144.7379,13.47195],[144.73527,13.47377],[144.733229,13.474422],[144.732749,13.474878],[144.732252,13.475443]]]}},{"type":"Feature","properties":{"name":"<at><openparen>66010953900<closeparen>","STATEFP":"66","COUNTYFP":"010","TRACTCE":"953900","GEOIDFQ":"1400000US66010953900","GEOID":"66010953900","NAME":"9539","NAMELSAD":"Census Tract 9539","STUSPS":"GU","NAMELSADCO":"Guam","STATE_NAME":"Guam","LSAD":"CT","ALAND":"36578787","AWATER":"17187","jurisdiction":"Guam"},"geometry":{"type":"Polygon","coordinates":[[[144.701139,13.423753],[144.699612,13.422203],[144.701202,13.418271],[144.717703,13.394605],[144.718608,13.396084],[144.719709,13.395988],[144.720066,13.397795],[144.722924,13.397442],[144.727125,13.399035],[144.729513,13.397971],[144.730591,13.398589],[144.735019,13.399083],[144.734689,13.398232],[144.735911,13.397031],[144.735479,13.395404],[144.736447,13.394896],[144.736872,13.393413],[144.739082,13.391188],[144.740126,13.387654],[144.742481,13.387173],[144.744691,13.388168],[144.746887,13.388007],[144.746769,13.38675],[144.748511,13.386978],[144.75104,13.389146],[144.751356,13.390844],[144.752657,13.390896],[144.752936,13.392182],[144.754252,13.392917],[144.752826,13.393593],[144.752353,13.395775],[144.751334,13.397325],[144.751525,13.398284],[144.753797,13.400627],[144.759497,13.394843],[144.760515,13.392605],[144.762433,13.391349],[144.764001,13.391772],[144.764562,13.394321],[144.768352,13.393317],[144.770347,13.393933],[144.771558,13.393052],[144.772223,13.39401],[144.772681,13.395343],[144.773845,13.394936],[144.775033,13.395931],[144.775912,13.395552],[144.776744,13.395761],[144.777473,13.396437],[144.778394,13.397719],[144.780795,13.399317],[144.781907,13.401764],[144.78099,13.404686],[144.782986,13.407661],[144.783579,13.410389],[144.787157,13.411832],[144.788775,13.413821],[144.788227,13.415441],[144.785224,13.416526],[144.784241,13.418271],[144.783946,13.421628],[144.782671,13.422802],[144.781908,13.42296],[144.780652,13.420935],[144.778752,13.42004],[144.77788,13.420199],[144.778242,13.421877],[144.776666,13.421693],[144.776532,13.422775],[144.774748,13.422696],[144.775127,13.423692],[144.773446,13.423188],[144.771204,13.424102],[144.76949,13.424214],[144.768362,13.425077],[144.769102,13.426532],[144.766494,13.426863],[144.765653,13.426475],[144.764922,13.429935],[144.762303,13.432776],[144.761728,13.43151],[144.760736,13.43203],[144.760105,13.434393],[144.759061,13.435481],[144.754087,13.437045],[144.754497,13.436082],[144.75163,13.434718],[144.751004,13.435633],[144.748862,13.434481],[144.7475,13.434556],[144.74744,13.435565],[144.744623,13.435505],[144.743486,13.436453],[144.742543,13.434981],[144.742018,13.43583],[144.740488,13.435044],[144.739519,13.436958],[144.738306,13.43683],[144.736875,13.438266],[144.737759,13.440135],[144.735921,13.43991],[144.735109,13.441305],[144.734879,13.439952],[144.733068,13.44022],[144.730826,13.442536],[144.728417,13.444472],[144.728921,13.443243],[144.728168,13.442711],[144.724627,13.443433],[144.723946,13.442489],[144.720206,13.440242],[144.717063,13.440112],[144.714782,13.438435],[144.712299,13.435327],[144.71112,13.43512],[144.710897,13.436826],[144.708521,13.436519],[144.706734,13.433862],[144.705823,13.430198],[144.700671,13.425723],[144.701139,13.423753]]]}},{"type":"Feature","properties":{"name":"<at><openparen>66010954000<closeparen>","STATEFP":"66","COUNTYFP":"010","TRACTCE":"954000","GEOIDFQ":"1400000US66010954000","GEOID":"66010954000","NAME":"9540","NAMELSAD":"Census Tract 9540","STUSPS":"GU","NAMELSADCO":"Guam","STATE_NAME":"Guam","LSAD":"CT","ALAND":"15529249","AWATER":"2217","jurisdiction":"Guam"},"geometry":{"type":"Polygon","coordinates":[[[144.718608,13.396084],[144.717703,13.394605],[144.720746,13.389381],[144.722194,13.387898],[144.722131,13.368083],[144.73204,13.370041],[144.743008,13.36916],[144.752544,13.368369],[144.753702,13.368618],[144.754771,13.370883],[144.755304,13.372009],[144.757786,13.372003],[144.761275,13.369822],[144.765097,13.370232],[144.765041,13.368565],[144.768045,13.365709],[144.768656,13.366136],[144.77031572853,13.3656643398328],[144.770161,13.36638],[144.770399,13.368808],[144.77247,13.371415],[144.772611,13.376852],[144.774633,13.381313],[144.775076,13.38508],[144.775955,13.387109],[144.775936,13.389028],[144.774601,13.389882],[144.77337,13.39193],[144.772093,13.392011],[144.771558,13.393052],[144.770347,13.393933],[144.768352,13.393317],[144.764562,13.394321],[144.764001,13.391772],[144.762433,13.391349],[144.760515,13.392605],[144.759497,13.394843],[144.753797,13.400627],[144.751525,13.398284],[144.751334,13.397325],[144.752353,13.395775],[144.752826,13.393593],[144.754252,13.392917],[144.752936,13.392182],[144.752657,13.390896],[144.751356,13.390844],[144.75104,13.389146],[144.748511,13.386978],[144.746769,13.38675],[144.746887,13.388007],[144.744691,13.388168],[144.742481,13.387173],[144.740126,13.387654],[144.739082,13.391188],[144.736872,13.393413],[144.736447,13.394896],[144.735479,13.395404],[144.735911,13.397031],[144.734689,13.398232],[144.735019,13.399083],[144.730591,13.398589],[144.729513,13.397971],[144.727125,13.399035],[144.722924,13.397442],[144.720066,13.397795],[144.719709,13.395988],[144.718608,13.396084]]]}},{"type":"Feature","properties":{"name":"<at><openparen>66010954300<closeparen>","STATEFP":"66","COUNTYFP":"010","TRACTCE":"954300","GEOIDFQ":"1400000US66010954300","GEOID":"66010954300","NAME":"9543","NAMELSAD":"Census Tract 9543","STUSPS":"GU","NAMELSADCO":"Guam","STATE_NAME":"Guam","LSAD":"CT","ALAND":"2946898","AWATER":"0","jurisdiction":"Guam"},"geometry":{"type":"Polygon","coordinates":[[[144.68999,13.46014],[144.68939,13.45859],[144.69116,13.45803],[144.69264,13.4578],[144.697746,13.458289],[144.695518,13.45397],[144.698759,13.450364],[144.703047,13.45226],[144.707239,13.450942],[144.707294,13.448806],[144.709298,13.446702],[144.707966,13.455641],[144.707345,13.459724],[144.708107,13.460127],[144.708241,13.460235],[144.709319,13.462109],[144.707782,13.464014],[144.706765,13.466895],[144.707387,13.470443],[144.70667432465,13.4716715716147],[144.706597024138,13.4715410701618],[144.706472,13.47133],[144.702534,13.468283],[144.699463,13.467955],[144.697686,13.466887],[144.692594,13.465056],[144.691461193591,13.464215147196],[144.691708,13.460657],[144.68999,13.46014]]]}},{"type":"Feature","properties":{"name":"<at><openparen>66010954400<closeparen>","STATEFP":"66","COUNTYFP":"010","TRACTCE":"954400","GEOIDFQ":"1400000US66010954400","GEOID":"66010954400","NAME":"9544","NAMELSAD":"Census Tract 9544","STUSPS":"GU","NAMELSADCO":"Guam","STATE_NAME":"Guam","LSAD":"CT","ALAND":"16556912","AWATER":"9528901","jurisdiction":"Guam"},"geometry":{"type":"Polygon","coordinates":[[[144.625718,13.456736],[144.624038397801,13.454775348827],[144.627417,13.453561],[144.666797,13.445752],[144.666977,13.436427],[144.675506,13.428667],[144.675921,13.428318],[144.676346,13.428162],[144.676495,13.427626],[144.676752,13.42605],[144.677377,13.425166],[144.677738,13.424237],[144.678096,13.422819],[144.680845,13.41996],[144.681659,13.415962],[144.682912,13.414202],[144.684143,13.414533],[144.68565,13.413394],[144.687379,13.413284],[144.688746,13.411172],[144.692273,13.410489],[144.693341,13.411585],[144.695465,13.412244],[144.69987,13.415423],[144.701202,13.418271],[144.699612,13.422203],[144.701139,13.423753],[144.700671,13.425723],[144.705823,13.430198],[144.706734,13.433862],[144.708521,13.436519],[144.710897,13.436826],[144.710698,13.437941],[144.709697,13.444154],[144.709298,13.446702],[144.707294,13.448806],[144.707239,13.450942],[144.703047,13.45226],[144.698759,13.450364],[144.695518,13.45397],[144.697746,13.458289],[144.69264,13.4578],[144.69116,13.45803],[144.68939,13.45859],[144.68999,13.46014],[144.691708,13.460657],[144.691461193591,13.464215147196],[144.690879,13.463783],[144.689829,13.463626],[144.688139,13.464261],[144.688124657012,13.4642723580546],[144.687202,13.465003],[144.6863,13.466258],[144.686884,13.467301],[144.686247,13.467902],[144.683277,13.467054],[144.681704,13.466294],[144.68006,13.465083],[144.677467,13.463735],[144.675368,13.4631],[144.672123,13.463494],[144.670515,13.46369],[144.662935,13.465917],[144.662015,13.465106],[144.661638,13.464775],[144.661254,13.464774],[144.648606,13.464759],[144.643926,13.464754],[144.639911,13.464749],[144.638684,13.464784],[144.638345,13.464794],[144.637869,13.464621],[144.635894277023,13.4639024646656],[144.635893,13.463902],[144.633652,13.462428],[144.630024,13.460251],[144.626573,13.457734],[144.626465,13.457608],[144.625718,13.456736]]]}},{"type":"Feature","properties":{"name":"<at><openparen>66010954500<closeparen>","STATEFP":"66","COUNTYFP":"010","TRACTCE":"954500","GEOIDFQ":"1400000US66010954500","GEOID":"66010954500","NAME":"9545","NAMELSAD":"Census Tract 9545","STUSPS":"GU","NAMELSADCO":"Guam","STATE_NAME":"Guam","LSAD":"CT","ALAND":"12839224","AWATER":"5866153","jurisdiction":"Guam"},"geometry":{"type":"Polygon","coordinates":[[[144.618068,13.44781],[144.618109,13.447498],[144.618204,13.446758],[144.618331,13.445776],[144.618353,13.445752],[144.618689,13.445376],[144.620026,13.443882],[144.620764,13.441469],[144.624243,13.437739],[144.632895,13.434434],[144.636522,13.431256],[144.638525,13.42928],[144.640412,13.423085],[144.639981169957,13.4215652912855],[144.639828,13.421025],[144.642235,13.418945],[144.644135,13.418209],[144.646394,13.418573],[144.647803,13.417767],[144.64876,13.415364],[144.652245,13.415491],[144.655294820396,13.4147038346775],[144.65567,13.414607],[144.658454,13.412463],[144.661327,13.408265],[144.661319134642,13.4080581743125],[144.661308093444,13.4077678374729],[144.661185,13.404531],[144.662762,13.40357],[144.663404,13.401061],[144.664221,13.400845],[144.664354,13.401125],[144.66439,13.40122],[144.665689,13.403743],[144.666,13.40418],[144.67278,13.40799],[144.67579,13.41055],[144.67648,13.41337],[144.6784,13.41643],[144.6774,13.41948],[144.67572,13.42165],[144.677738,13.424237],[144.677377,13.425166],[144.676752,13.42605],[144.676495,13.427626],[144.676346,13.428162],[144.675921,13.428318],[144.675506,13.428667],[144.666977,13.436427],[144.666797,13.445752],[144.627417,13.453561],[144.624038397801,13.454775348827],[144.623961,13.454685],[144.619097,13.449011],[144.618205,13.447969],[144.618068,13.44781]]]}},{"type":"Feature","properties":{"name":"<at><openparen>66010954700<closeparen>","STATEFP":"66","COUNTYFP":"010","TRACTCE":"954700","GEOIDFQ":"1400000US66010954700","GEOID":"66010954700","NAME":"9547","NAMELSAD":"Census Tract 9547","STUSPS":"GU","NAMELSADCO":"Guam","STATE_NAME":"Guam","LSAD":"CT","ALAND":"1671655","AWATER":"2939","jurisdiction":"Guam"},"geometry":{"type":"Polygon","coordinates":[[[144.653898163021,13.3816500030524],[144.654109,13.381476],[144.65726,13.38282],[144.65795,13.38156],[144.66102,13.38045],[144.662989,13.381532],[144.66277,13.38291],[144.66449,13.38446],[144.668083,13.384316],[144.66701,13.3898],[144.666043,13.391201],[144.66797,13.39211],[144.669533,13.392356],[144.66902,13.392758],[144.667712,13.393774],[144.667914,13.397154],[144.666078,13.398149],[144.664221,13.400845],[144.663404,13.401061],[144.663089,13.398977],[144.661426,13.394664],[144.661418086899,13.3946522833075],[144.660857052469,13.3938215764004],[144.66065,13.393515],[144.660011,13.391271],[144.659448,13.389303],[144.658191,13.388129],[144.658188840198,13.3881271907663],[144.656503699226,13.3867155735465],[144.655893,13.386204],[144.653898163021,13.3816500030524]]]}},{"type":"Feature","properties":{"name":"<at><openparen>66010954800<closeparen>","STATEFP":"66","COUNTYFP":"010","TRACTCE":"954800","GEOIDFQ":"1400000US66010954800","GEOID":"66010954800","NAME":"9548","NAMELSAD":"Census Tract 9548","STUSPS":"GU","NAMELSADCO":"Guam","STATE_NAME":"Guam","LSAD":"CT","ALAND":"12708931","AWATER":"0","jurisdiction":"Guam"},"geometry":{"type":"Polygon","coordinates":[[[144.636097,13.341615],[144.636094739805,13.3411616049187],[144.670933,13.329917],[144.663969,13.339761],[144.666079,13.341443],[144.669378,13.339231],[144.672024,13.345183],[144.66849,13.349551],[144.668556,13.355961],[144.668704,13.369382],[144.668733,13.373039],[144.669687,13.374651],[144.669054,13.37735],[144.668963,13.378421],[144.669536,13.381198],[144.668808,13.382064],[144.668083,13.384316],[144.66449,13.38446],[144.66277,13.38291],[144.662989,13.381532],[144.66102,13.38045],[144.65795,13.38156],[144.65726,13.38282],[144.654109,13.381476],[144.653898163021,13.3816500030524],[144.653666,13.38112],[144.651915,13.378173],[144.652222,13.375972],[144.65235612033,13.372828616855],[144.652357,13.372808],[144.651567,13.370491],[144.650707,13.369656],[144.649032,13.365369],[144.648724,13.361691],[144.648718917572,13.3616813070176],[144.646516,13.35748],[144.644045,13.35232],[144.643095,13.348667],[144.639338,13.343097],[144.636097,13.341615]]]}},{"type":"Feature","properties":{"name":"<at><openparen>66010955100<closeparen>","STATEFP":"66","COUNTYFP":"010","TRACTCE":"955100","GEOIDFQ":"1400000US66010955100","GEOID":"66010955100","NAME":"9551","NAMELSAD":"Census Tract 9551","STUSPS":"GU","NAMELSADCO":"Guam","STATE_NAME":"Guam","LSAD":"CT","ALAND":"40464419","AWATER":"207096","jurisdiction":"Guam"},"geometry":{"type":"Polygon","coordinates":[[[144.674605,13.325373],[144.677743,13.31866],[144.687485,13.2995],[144.696747,13.304559],[144.707003,13.301888],[144.708377,13.303846],[144.707971,13.304711],[144.710641,13.305432],[144.710574,13.306127],[144.712421,13.307752],[144.712202,13.308405],[144.714502,13.30929],[144.714658,13.310136],[144.71687,13.307821],[144.717924,13.307786],[144.719255,13.306421],[144.720002,13.307987],[144.721638,13.308361],[144.725809,13.310658],[144.727877,13.310515],[144.728411,13.311493],[144.727512,13.31313],[144.728907,13.312825],[144.728946,13.315338],[144.730511,13.31615],[144.731501,13.31814],[144.732021,13.320541],[144.734129,13.32095],[144.733276,13.322396],[144.736796,13.32296],[144.737259,13.324403],[144.73859,13.325391],[144.737891,13.326888],[144.740934,13.327966],[144.742827,13.326494],[144.745605,13.327492],[144.745974,13.328594],[144.749466,13.327588],[144.750509,13.329204],[144.748145,13.331029],[144.74869,13.332219],[144.74749,13.332406],[144.750177,13.333901],[144.751077,13.335518],[144.752445,13.336275],[144.753551,13.335795],[144.753235,13.337107],[144.754418,13.33773],[144.7567,13.336749],[144.758354,13.335381],[144.759448,13.335883],[144.759804,13.338318],[144.760683,13.339223],[144.762045,13.338834],[144.76175,13.33786],[144.77123922076,13.3364325741897],[144.771186,13.338205],[144.771195828183,13.3382368021542],[144.772208,13.341512],[144.772230685814,13.3416913910367],[144.772456834145,13.3434796884797],[144.772155,13.346799],[144.771879,13.350939],[144.771879,13.356909],[144.771597,13.359046],[144.771684,13.362362],[144.770636,13.364183],[144.77031572853,13.3656643398328],[144.768656,13.366136],[144.768045,13.365709],[144.765041,13.368565],[144.765097,13.370232],[144.761275,13.369822],[144.757786,13.372003],[144.755304,13.372009],[144.754771,13.370883],[144.753702,13.368618],[144.752544,13.368369],[144.743008,13.36916],[144.73204,13.370041],[144.722131,13.368083],[144.721915,13.357562],[144.720743,13.358757],[144.717837,13.357888],[144.716556,13.358815],[144.715346,13.358093],[144.713891,13.358441],[144.712029,13.357839],[144.711057,13.358589],[144.706597,13.357982],[144.706516,13.353494],[144.703613,13.351848],[144.704379,13.348555],[144.702848,13.34658],[144.705163,13.344986],[144.70648,13.343488],[144.708802,13.341944],[144.709013,13.340205],[144.705432,13.335446],[144.703776,13.335584],[144.702396,13.333363],[144.700374,13.332237],[144.700462,13.329852],[144.690675,13.318802],[144.684261,13.315467],[144.674605,13.325373]]]}},{"type":"Feature","properties":{"name":"<at><openparen>66010955200<closeparen>","STATEFP":"66","COUNTYFP":"010","TRACTCE":"955200","GEOIDFQ":"1400000US66010955200","GEOID":"66010955200","NAME":"9552","NAMELSAD":"Census Tract 9552","STUSPS":"GU","NAMELSADCO":"Guam","STATE_NAME":"Guam","LSAD":"CT","ALAND":"48558826","AWATER":"125441","jurisdiction":"Guam"},"geometry":{"type":"Polygon","coordinates":[[[144.687485,13.2995],[144.692762,13.27886],[144.694113,13.277149],[144.695999,13.277396],[144.697251,13.276349],[144.699134,13.276088],[144.699992,13.274521],[144.701325,13.274417],[144.702001,13.272506],[144.70561,13.269425],[144.707798,13.270239],[144.709411,13.269977],[144.710702,13.267764],[144.710403,13.265707],[144.711378,13.264513],[144.712235,13.26196],[144.713058,13.262205],[144.713798,13.260439],[144.715546,13.25967],[144.715731,13.258475],[144.717143,13.257919],[144.71853,13.254745],[144.71781,13.251883],[144.719073,13.251116],[144.719605,13.250954],[144.721115,13.249791],[144.721259,13.248738],[144.723123,13.247058],[144.726007,13.247572],[144.727219,13.249759],[144.730491,13.251276],[144.731264,13.252674],[144.732514,13.252818],[144.733009,13.253358],[144.733624,13.254775],[144.734606,13.255879],[144.735267,13.25774],[144.73718,13.260282],[144.737873,13.262636],[144.738341,13.263106],[144.73879178744,13.2632024251208],[144.739089,13.263266],[144.741108,13.263241],[144.74208,13.264244],[144.742298,13.26526],[144.741935,13.266058],[144.7413,13.266552],[144.73813,13.266951],[144.737473,13.267281],[144.737546,13.268158],[144.738423,13.268742],[144.7393,13.268815],[144.742953,13.269254],[144.745434,13.270841],[144.749194,13.271943],[144.750174,13.272684],[144.75015,13.273807],[144.747426,13.276603],[144.747557,13.278512],[144.748617,13.279167],[144.749887,13.279112],[144.751121,13.278507],[144.753384,13.275637],[144.754433,13.275581],[144.759015,13.279375],[144.759159,13.280593],[144.758026,13.282443],[144.7581,13.28316],[144.7581738892,13.2831796634513],[144.759077,13.28342],[144.760401,13.282648],[144.761381,13.282792],[144.763084,13.284521],[144.763444618043,13.2870853061287],[144.763535,13.287728],[144.764377676557,13.2901938799905],[144.764457,13.290426],[144.765201,13.291832],[144.766126,13.29247],[144.767521,13.293537],[144.767522840444,13.293539734442],[144.769065,13.295831],[144.769986,13.298159],[144.77211,13.302536],[144.772393,13.306452],[144.771998,13.308927],[144.771918,13.310547],[144.771295,13.31511],[144.771821,13.317466],[144.772627,13.320976],[144.772386,13.324912],[144.772208,13.328206],[144.771244,13.330759],[144.771308,13.334142],[144.77126413069,13.3356029918643],[144.77123922076,13.3364325741897],[144.76175,13.33786],[144.762045,13.338834],[144.760683,13.339223],[144.759804,13.338318],[144.759448,13.335883],[144.758354,13.335381],[144.7567,13.336749],[144.754418,13.33773],[144.753235,13.337107],[144.753551,13.335795],[144.752445,13.336275],[144.751077,13.335518],[144.750177,13.333901],[144.74749,13.332406],[144.74869,13.332219],[144.748145,13.331029],[144.750509,13.329204],[144.749466,13.327588],[144.745974,13.328594],[144.745605,13.327492],[144.742827,13.326494],[144.740934,13.327966],[144.737891,13.326888],[144.73859,13.325391],[144.737259,13.324403],[144.736796,13.32296],[144.733276,13.322396],[144.734129,13.32095],[144.732021,13.320541],[144.731501,13.31814],[144.730511,13.31615],[144.728946,13.315338],[144.728907,13.312825],[144.727512,13.31313],[144.728411,13.311493],[144.727877,13.310515],[144.725809,13.310658],[144.721638,13.308361],[144.720002,13.307987],[144.719255,13.306421],[144.717924,13.307786],[144.71687,13.307821],[144.714658,13.310136],[144.714502,13.30929],[144.712202,13.308405],[144.712421,13.307752],[144.710574,13.306127],[144.710641,13.305432],[144.707971,13.304711],[144.708377,13.303846],[144.707003,13.301888],[144.696747,13.304559],[144.687485,13.2995]]]}},{"type":"Feature","properties":{"name":"<at><openparen>66010955300<closeparen>","STATEFP":"66","COUNTYFP":"010","TRACTCE":"955300","GEOIDFQ":"1400000US66010955300","GEOID":"66010955300","NAME":"9553","NAMELSAD":"Census Tract 9553","STUSPS":"GU","NAMELSADCO":"Guam","STATE_NAME":"Guam","LSAD":"CT","ALAND":"16201300","AWATER":"0","jurisdiction":"Guam"},"geometry":{"type":"MultiPolygon","coordinates":[[[[144.662492,13.273479],[144.661895,13.271425],[144.663538,13.269769],[144.66461,13.267663],[144.667428,13.266162],[144.6722,13.262924],[144.673394,13.262625],[144.67379024965,13.2620034481936],[144.674349,13.261127],[144.674341,13.257939],[144.677325,13.254589],[144.680541,13.254422],[144.682351,13.254373],[144.683418,13.25461],[144.684251,13.255378],[144.685331,13.256187],[144.685978,13.256511],[144.686718,13.256465],[144.686949,13.256002],[144.687486,13.254024],[144.687448,13.252721],[144.689052,13.251007],[144.691395,13.250641],[144.692859,13.250891],[144.694435832588,13.2503024013524],[144.696055,13.249698],[144.698815,13.247778],[144.701171,13.247027],[144.704278,13.246867],[144.706197,13.246264],[144.71509,13.248614],[144.716319,13.249345],[144.717648,13.250673],[144.719073,13.251116],[144.71781,13.251883],[144.71853,13.254745],[144.717143,13.257919],[144.715731,13.258475],[144.715546,13.25967],[144.713798,13.260439],[144.713058,13.262205],[144.712235,13.26196],[144.711378,13.264513],[144.710403,13.265707],[144.710702,13.267764],[144.709411,13.269977],[144.707798,13.270239],[144.70561,13.269425],[144.702001,13.272506],[144.701325,13.274417],[144.699992,13.274521],[144.699134,13.276088],[144.697251,13.276349],[144.695999,13.277396],[144.694113,13.277149],[144.692762,13.27886],[144.689235,13.280127],[144.684543,13.281813],[144.678824,13.283869],[144.67889,13.286833],[144.675643,13.284536],[144.673182,13.283558],[144.672162,13.284883],[144.669015,13.285556],[144.668538,13.286473],[144.664143,13.285644],[144.663045,13.285654],[144.662195079615,13.2836953853105],[144.661946,13.282452],[144.662049,13.280533],[144.663615,13.278094],[144.663673,13.275058],[144.662492,13.273479]]],[[[144.645379,13.236271],[144.645162,13.234629],[144.646686,13.234189],[144.652766600833,13.2372315938289],[144.658617,13.240159],[144.658596536748,13.2404761804061],[144.658503,13.241926],[144.657078,13.242382],[144.654293321439,13.2409274166436],[144.647637974519,13.2374509806208],[144.645379,13.236271]]]]}},{"type":"Feature","properties":{"name":"<at><openparen>66010955400<closeparen>","STATEFP":"66","COUNTYFP":"010","TRACTCE":"955400","GEOIDFQ":"1400000US66010955400","GEOID":"66010955400","NAME":"9554","NAMELSAD":"Census Tract 9554","STUSPS":"GU","NAMELSADCO":"Guam","STATE_NAME":"Guam","LSAD":"CT","ALAND":"16158193","AWATER":"0","jurisdiction":"Guam"},"geometry":{"type":"Polygon","coordinates":[[[144.636094739805,13.3411616049187],[144.636092,13.340612],[144.638801,13.338815],[144.640765,13.338571],[144.642125,13.337852],[144.644487,13.337653],[144.645912,13.336414],[144.647138,13.33418],[144.649147,13.331728],[144.64961,13.32884],[144.65201,13.328609],[144.652338,13.326921],[144.651118,13.324777],[144.650258,13.322216],[144.651972,13.319058],[144.653955,13.318692],[144.657415,13.316452],[144.657524,13.31495],[144.655662,13.313961],[144.653739,13.314236],[144.653167,13.313224],[144.653707,13.310168],[144.654932,13.307596],[144.657941,13.306762],[144.658313,13.305377],[144.65732321265,13.304174838543],[144.657036,13.303826],[144.656811,13.302421],[144.657652,13.301726],[144.658329824104,13.3000902150278],[144.65854,13.299583],[144.662717,13.298914],[144.662919,13.297606],[144.660866,13.295934],[144.660428,13.296032],[144.657522,13.292886],[144.657613,13.290182],[144.659238,13.28683],[144.660406,13.285726],[144.662441,13.284923],[144.662195079615,13.2836953853105],[144.663045,13.285654],[144.664143,13.285644],[144.668538,13.286473],[144.669015,13.285556],[144.672162,13.284883],[144.673182,13.283558],[144.675643,13.284536],[144.67889,13.286833],[144.678824,13.283869],[144.684543,13.281813],[144.689235,13.280127],[144.692762,13.27886],[144.687485,13.2995],[144.677743,13.31866],[144.674605,13.325373],[144.672892,13.327145],[144.671535,13.329065],[144.670933,13.329917],[144.636094739805,13.3411616049187]]]}},{"type":"Feature","properties":{"name":"<at><openparen>66010955600<closeparen>","STATEFP":"66","COUNTYFP":"010","TRACTCE":"955600","GEOIDFQ":"1400000US66010955600","GEOID":"66010955600","NAME":"9556","NAMELSAD":"Census Tract 9556","STUSPS":"GU","NAMELSADCO":"Guam","STATE_NAME":"Guam","LSAD":"CT","ALAND":"963746","AWATER":"0","jurisdiction":"Guam"},"geometry":{"type":"Polygon","coordinates":[[[144.80074,13.46679],[144.80071,13.46601],[144.80096,13.46458],[144.80426,13.45914],[144.80484,13.4571],[144.807597,13.457103],[144.807601,13.464827],[144.807523,13.467007],[144.807406,13.469252],[144.80909,13.46965],[144.809108,13.47168],[144.806273,13.47217],[144.80609,13.47309],[144.80313,13.47009],[144.80258,13.46986],[144.80141,13.46998],[144.80103,13.4682],[144.80074,13.46679]]]}},{"type":"Feature","properties":{"name":"<at><openparen>66010955700<closeparen>","STATEFP":"66","COUNTYFP":"010","TRACTCE":"955700","GEOIDFQ":"1400000US66010955700","GEOID":"66010955700","NAME":"9557","NAMELSAD":"Census Tract 9557","STUSPS":"GU","NAMELSADCO":"Guam","STATE_NAME":"Guam","LSAD":"CT","ALAND":"15276753","AWATER":"0","jurisdiction":"Guam"},"geometry":{"type":"Polygon","coordinates":[[[144.82485,13.45101],[144.821684,13.450106],[144.824863,13.444225],[144.825931,13.442759],[144.827078903364,13.4446501932713],[144.830056,13.445914],[144.830862061957,13.4465909070963],[144.832671,13.44811],[144.833786410386,13.4512873204445],[144.834487,13.452785],[144.835784,13.454492],[144.836851738541,13.4552262435808],[144.837324,13.455551],[144.839445,13.457471],[144.840871,13.458974],[144.842297,13.459552],[144.843762,13.460404],[144.844436,13.461863],[144.845981,13.462788],[144.848128,13.462639],[144.849558,13.463181],[144.850629,13.463376],[144.854184,13.466885],[144.85704,13.47084],[144.85904,13.471746],[144.86081,13.473998],[144.864244,13.4781],[144.865059,13.479416],[144.867263982841,13.480906163076],[144.869868,13.482666],[144.870873257245,13.4860504992947],[144.870874,13.486053],[144.870009,13.487055],[144.869013,13.490547],[144.870844,13.492289],[144.870952,13.496226],[144.87083,13.499692],[144.856906,13.499578],[144.855134,13.498752],[144.854233,13.498969],[144.853162,13.499107],[144.848603,13.497642],[144.843813,13.498726],[144.842261,13.498535],[144.834625,13.497931],[144.83382,13.49143],[144.832834,13.484573],[144.832839,13.483976],[144.832998,13.472991],[144.832946,13.470652],[144.83298,13.46106],[144.83104,13.4595],[144.829488,13.456892],[144.82826,13.45479],[144.82485,13.45101]]]}},{"type":"Feature","properties":{"name":"<at><openparen>66010955800<closeparen>","STATEFP":"66","COUNTYFP":"010","TRACTCE":"955800","GEOIDFQ":"1400000US66010955800","GEOID":"66010955800","NAME":"9558","NAMELSAD":"Census Tract 9558","STUSPS":"GU","NAMELSADCO":"Guam","STATE_NAME":"Guam","LSAD":"CT","ALAND":"9582847","AWATER":"0","jurisdiction":"Guam"},"geometry":{"type":"Polygon","coordinates":[[[144.882769,13.524764],[144.88283,13.50737],[144.89184,13.51931],[144.8928,13.52054],[144.89536,13.52393],[144.9021,13.52743],[144.90236,13.52768],[144.90399,13.53079],[144.90695,13.5363],[144.90899,13.5385],[144.91022,13.5423],[144.91241,13.54325],[144.91301,13.54386],[144.916482,13.556805],[144.914859,13.557291],[144.907737,13.560203],[144.89923,13.5634],[144.89772,13.55969],[144.8954,13.5538],[144.89448,13.55152],[144.892306,13.545895],[144.89153,13.54392],[144.88819,13.53591],[144.88743,13.53435],[144.88676,13.53268],[144.885002,13.52833],[144.88426,13.52681],[144.88299,13.52501],[144.882769,13.524764]]]}},{"type":"Feature","properties":{"name":"<at><openparen>66010955900<closeparen>","STATEFP":"66","COUNTYFP":"010","TRACTCE":"955900","GEOIDFQ":"1400000US66010955900","GEOID":"66010955900","NAME":"9559","NAMELSAD":"Census Tract 9559","STUSPS":"GU","NAMELSADCO":"Guam","STATE_NAME":"Guam","LSAD":"CT","ALAND":"1798735","AWATER":"0","jurisdiction":"Guam"},"geometry":{"type":"Polygon","coordinates":[[[144.769119,13.49966],[144.769837994752,13.4979607194482],[144.769928,13.497748],[144.77005,13.495161],[144.772386,13.495154],[144.774517,13.494237],[144.775153,13.490944],[144.774774,13.488871],[144.773612,13.486772],[144.771424893767,13.483851917624],[144.776985,13.485001],[144.77605,13.4871],[144.77656,13.48913],[144.77628,13.49275],[144.77595,13.49389],[144.77613,13.49761],[144.77969,13.4976],[144.781721,13.497602],[144.78103,13.50393],[144.78171,13.50439],[144.78522,13.50238],[144.782299,13.507394],[144.782247470865,13.5080272137934],[144.781365,13.507978],[144.777188,13.506532],[144.775188,13.506639],[144.773574173106,13.5054107173749],[144.77235,13.504479],[144.770562,13.502353],[144.769119,13.49966]]]}},{"type":"Feature","properties":{"name":"<at><openparen>66010956000<closeparen>","STATEFP":"66","COUNTYFP":"010","TRACTCE":"956000","GEOIDFQ":"1400000US66010956000","GEOID":"66010956000","NAME":"9560","NAMELSAD":"Census Tract 9560","STUSPS":"GU","NAMELSADCO":"Guam","STATE_NAME":"Guam","LSAD":"CT","ALAND":"2197075","AWATER":"0","jurisdiction":"Guam"},"geometry":{"type":"Polygon","coordinates":[[[144.768167343499,13.4803434667638],[144.768703,13.479491],[144.768906,13.478379],[144.76859,13.47583],[144.768646,13.47583],[144.77329,13.47577],[144.77547,13.47575],[144.77543,13.47369],[144.776693,13.471837],[144.77563,13.46866],[144.77799,13.46861],[144.77659,13.46755],[144.7741,13.46394],[144.77259,13.46036],[144.774929,13.461124],[144.776326,13.460273],[144.779094,13.46197],[144.781322,13.461258],[144.783056,13.461715],[144.784394,13.461709],[144.784761,13.462966],[144.78578,13.46443],[144.785737,13.466125],[144.7833,13.47022],[144.78232,13.47184],[144.78025,13.47537],[144.779682,13.47939],[144.779713,13.481711],[144.773196,13.482016],[144.77055,13.481087],[144.769783818626,13.4816608605435],[144.769357,13.481091],[144.768167343499,13.4803434667638]]]}},{"type":"Feature","properties":{"name":"<at><openparen>66010956100<closeparen>","STATEFP":"66","COUNTYFP":"010","TRACTCE":"956100","GEOIDFQ":"1400000US66010956100","GEOID":"66010956100","NAME":"9561","NAMELSAD":"Census Tract 9561","STUSPS":"GU","NAMELSADCO":"Guam","STATE_NAME":"Guam","LSAD":"CT","ALAND":"14658449","AWATER":"0","jurisdiction":"Guam"},"geometry":{"type":"Polygon","coordinates":[[[144.706777,13.476135],[144.706624,13.474365],[144.706812,13.471904],[144.70667432465,13.4716715716147],[144.707387,13.470443],[144.706765,13.466895],[144.707782,13.464014],[144.709319,13.462109],[144.708241,13.460235],[144.708107,13.460127],[144.707345,13.459724],[144.707966,13.455641],[144.709298,13.446702],[144.709697,13.444154],[144.710698,13.437941],[144.710897,13.436826],[144.71112,13.43512],[144.712299,13.435327],[144.714782,13.438435],[144.717063,13.440112],[144.720206,13.440242],[144.723946,13.442489],[144.724627,13.443433],[144.728168,13.442711],[144.728921,13.443243],[144.728417,13.444472],[144.730826,13.442536],[144.733068,13.44022],[144.734879,13.439952],[144.735109,13.441305],[144.735921,13.43991],[144.737759,13.440135],[144.736875,13.438266],[144.738306,13.43683],[144.739519,13.436958],[144.740488,13.435044],[144.742018,13.43583],[144.742543,13.434981],[144.743486,13.436453],[144.744623,13.435505],[144.74744,13.435565],[144.747348,13.440235],[144.747902,13.441185],[144.748129,13.444301],[144.747985,13.444652],[144.743136,13.445031],[144.746196,13.446926],[144.740387,13.456034],[144.738539,13.458589],[144.738421,13.459427],[144.738746,13.461423],[144.740774,13.462173],[144.742173,13.465549],[144.74174,13.467101],[144.741719,13.46852],[144.73514,13.473571],[144.7337,13.473863],[144.73223,13.475105],[144.732252,13.475443],[144.731141,13.476113],[144.731771,13.478031],[144.728636,13.47896],[144.724742,13.478117],[144.722912376656,13.4768586819687],[144.722465,13.476551],[144.717133,13.473431],[144.715593,13.473325],[144.713168118658,13.4737169145512],[144.710538,13.474142],[144.708471,13.4753],[144.708287,13.476169],[144.707597,13.476545],[144.706777,13.476135]]]}},{"type":"Feature","properties":{"name":"<at><openparen>66010956200<closeparen>","STATEFP":"66","COUNTYFP":"010","TRACTCE":"956200","GEOIDFQ":"1400000US66010956200","GEOID":"66010956200","NAME":"9562","NAMELSAD":"Census Tract 9562","STUSPS":"GU","NAMELSADCO":"Guam","STATE_NAME":"Guam","LSAD":"CT","ALAND":"13048317","AWATER":"0","jurisdiction":"Guam"},"geometry":{"type":"Polygon","coordinates":[[[144.664354,13.401125],[144.664221,13.400845],[144.666078,13.398149],[144.667914,13.397154],[144.667712,13.393774],[144.66902,13.392758],[144.669533,13.392356],[144.66797,13.39211],[144.666043,13.391201],[144.66701,13.3898],[144.668083,13.384316],[144.668808,13.382064],[144.669536,13.381198],[144.671075,13.382448],[144.673797,13.383044],[144.676596,13.384578],[144.676921,13.387154],[144.678712,13.3869],[144.679267,13.388409],[144.682508,13.387793],[144.68687,13.38845],[144.68839,13.39223],[144.689617,13.391282],[144.692162,13.394141],[144.7095,13.393932],[144.709615,13.388025],[144.722194,13.387898],[144.720746,13.389381],[144.717703,13.394605],[144.701202,13.418271],[144.69987,13.415423],[144.695465,13.412244],[144.693341,13.411585],[144.692273,13.410489],[144.688746,13.411172],[144.687379,13.413284],[144.68565,13.413394],[144.684143,13.414533],[144.682912,13.414202],[144.681659,13.415962],[144.680845,13.41996],[144.678096,13.422819],[144.677738,13.424237],[144.67572,13.42165],[144.6774,13.41948],[144.6784,13.41643],[144.67648,13.41337],[144.67579,13.41055],[144.67278,13.40799],[144.666,13.40418],[144.665689,13.403743],[144.66439,13.40122],[144.664354,13.401125]]]}},{"type":"Feature","properties":{"name":"<at><openparen>66010956300<closeparen>","STATEFP":"66","COUNTYFP":"010","TRACTCE":"956300","GEOIDFQ":"1400000US66010956300","GEOID":"66010956300","NAME":"9563","NAMELSAD":"Census Tract 9563","STUSPS":"GU","NAMELSADCO":"Guam","STATE_NAME":"Guam","LSAD":"CT","ALAND":"19336453","AWATER":"0","jurisdiction":"Guam"},"geometry":{"type":"Polygon","coordinates":[[[144.869013,13.490547],[144.870009,13.487055],[144.870874,13.486053],[144.871642,13.486625],[144.872364,13.487163],[144.876863,13.489686],[144.881427,13.490963],[144.883731,13.490706],[144.884593,13.491147],[144.886748,13.492247],[144.888083,13.494455],[144.890516,13.496361],[144.891992,13.498274],[144.891305,13.499442],[144.891151,13.504468],[144.891812,13.506252],[144.894213,13.507164],[144.895972,13.506991],[144.897082,13.509244],[144.899033,13.510039],[144.900789,13.511644],[144.901562,13.51235],[144.903756,13.513061],[144.905563,13.513319],[144.905649,13.513271],[144.90576,13.51321],[144.905977,13.513381],[144.906058,13.513445],[144.907788,13.514808],[144.910749,13.5156],[144.912185,13.515097],[144.915298,13.516246],[144.915407,13.516785],[144.917609,13.517325],[144.918182,13.517662],[144.920298,13.51891],[144.922288,13.519268],[144.923508,13.519488],[144.926464257272,13.5218665657783],[144.926691,13.522049],[144.927648,13.52461],[144.931165,13.532883],[144.932211,13.533943],[144.932012,13.536266],[144.932346,13.538885],[144.933264,13.540875],[144.934971,13.542909],[144.935755,13.544996],[144.936377,13.544931],[144.937749206004,13.5480038461352],[144.92217,13.554613],[144.916482,13.556805],[144.91301,13.54386],[144.91241,13.54325],[144.91022,13.5423],[144.90899,13.5385],[144.90695,13.5363],[144.90399,13.53079],[144.90236,13.52768],[144.9021,13.52743],[144.89536,13.52393],[144.8928,13.52054],[144.89184,13.51931],[144.88283,13.50737],[144.882769,13.524764],[144.88042,13.52285],[144.87605,13.52126],[144.870751,13.519571],[144.87083,13.499692],[144.870952,13.496226],[144.870844,13.492289],[144.869013,13.490547]]]}},{"type":"Feature","properties":{"name":"<at><openparen>66010980100<closeparen>","STATEFP":"66","COUNTYFP":"010","TRACTCE":"980100","GEOIDFQ":"1400000US66010980100","GEOID":"66010980100","NAME":"9801","NAMELSAD":"Census Tract 9801","STUSPS":"GU","NAMELSADCO":"Guam","STATE_NAME":"Guam","LSAD":"CT","ALAND":"16247414","AWATER":"444990","jurisdiction":"Guam"},"geometry":{"type":"Polygon","coordinates":[[[144.671075,13.382448],[144.669536,13.381198],[144.682116,13.370121],[144.685205,13.367095],[144.692879,13.361208],[144.699667,13.355199],[144.702216,13.352441],[144.703613,13.351848],[144.706516,13.353494],[144.706597,13.357982],[144.711057,13.358589],[144.712029,13.357839],[144.713891,13.358441],[144.715346,13.358093],[144.716556,13.358815],[144.717837,13.357888],[144.720743,13.358757],[144.721915,13.357562],[144.722131,13.368083],[144.722194,13.387898],[144.709615,13.388025],[144.7095,13.393932],[144.692162,13.394141],[144.689617,13.391282],[144.68839,13.39223],[144.68687,13.38845],[144.682508,13.387793],[144.679267,13.388409],[144.678712,13.3869],[144.676921,13.387154],[144.676596,13.384578],[144.673797,13.383044],[144.671075,13.382448]]]}},{"type":"Feature","properties":{"name":"<at><openparen>66010980200<closeparen>","STATEFP":"66","COUNTYFP":"010","TRACTCE":"980200","GEOIDFQ":"1400000US66010980200","GEOID":"66010980200","NAME":"9802","NAMELSAD":"Census Tract 9802","STUSPS":"GU","NAMELSADCO":"Guam","STATE_NAME":"Guam","LSAD":"CT","ALAND":"12538182","AWATER":"292478","jurisdiction":"Guam"},"geometry":{"type":"Polygon","coordinates":[[[144.666079,13.341443],[144.663969,13.339761],[144.670933,13.329917],[144.671535,13.329065],[144.681059,13.333186],[144.702221,13.343862],[144.705163,13.344986],[144.702848,13.34658],[144.704379,13.348555],[144.703613,13.351848],[144.702216,13.352441],[144.699667,13.355199],[144.692879,13.361208],[144.685205,13.367095],[144.682116,13.370121],[144.669536,13.381198],[144.668963,13.378421],[144.669054,13.37735],[144.669687,13.374651],[144.668733,13.373039],[144.668704,13.369382],[144.668556,13.355961],[144.66849,13.349551],[144.672024,13.345183],[144.669378,13.339231],[144.666079,13.341443]]]}},{"type":"Feature","properties":{"name":"<at><openparen>66010980300<closeparen>","STATEFP":"66","COUNTYFP":"010","TRACTCE":"980300","GEOIDFQ":"1400000US66010980300","GEOID":"66010980300","NAME":"9803","NAMELSAD":"Census Tract 9803","STUSPS":"GU","NAMELSADCO":"Guam","STATE_NAME":"Guam","LSAD":"CT","ALAND":"5662923","AWATER":"15648","jurisdiction":"Guam"},"geometry":{"type":"Polygon","coordinates":[[[144.671535,13.329065],[144.672892,13.327145],[144.674605,13.325373],[144.684261,13.315467],[144.690675,13.318802],[144.700462,13.329852],[144.700374,13.332237],[144.702396,13.333363],[144.703776,13.335584],[144.705432,13.335446],[144.709013,13.340205],[144.708802,13.341944],[144.70648,13.343488],[144.705163,13.344986],[144.702221,13.343862],[144.681059,13.333186],[144.671535,13.329065]]]}},{"type":"Feature","properties":{"name":"<at><openparen>66010980400<closeparen>","STATEFP":"66","COUNTYFP":"010","TRACTCE":"980400","GEOIDFQ":"1400000US66010980400","GEOID":"66010980400","NAME":"9804","NAMELSAD":"Census Tract 9804","STUSPS":"GU","NAMELSADCO":"Guam","STATE_NAME":"Guam","LSAD":"CT","ALAND":"4453098","AWATER":"0","jurisdiction":"Guam"},"geometry":{"type":"Polygon","coordinates":[[[144.845826,13.514453],[144.845797,13.509253],[144.84583,13.50395],[144.84591,13.5039],[144.848541,13.503885],[144.850664,13.50384],[144.850726,13.502031],[144.853541,13.502072],[144.853589,13.503908],[144.857056,13.503912],[144.856906,13.499578],[144.87083,13.499692],[144.870751,13.519571],[144.863728,13.517268],[144.86219,13.51677],[144.86012,13.51608],[144.856039,13.514967],[144.84852,13.51477],[144.845826,13.514453]]]}},{"type":"Feature","properties":{"name":"<at><openparen>78010970100<closeparen>","STATEFP":"78","COUNTYFP":"010","TRACTCE":"970100","GEOIDFQ":"1400000US78010970100","GEOID":"78010970100","NAME":"9701","NAMELSAD":"Census Tract 9701","STUSPS":"VI","NAMELSADCO":"St. Croix Island","STATE_NAME":"United States Virgin Islands","LSAD":"CT","ALAND":"28112090","AWATER":"3373334","jurisdiction":"U.S. Virgin Islands"},"geometry":{"type":"MultiPolygon","coordinates":[[[[-64.62765,17.788571],[-64.627452,17.787175],[-64.626726,17.786084],[-64.624006,17.785232],[-64.623093,17.784183],[-64.622584,17.783836],[-64.621406,17.783811],[-64.620907,17.784289],[-64.620084,17.784864],[-64.6180417109538,17.7848905848876],[-64.617933,17.784892],[-64.613091,17.786341],[-64.612141,17.787219],[-64.612678,17.788098],[-64.614228,17.788464],[-64.617296,17.788437],[-64.621217,17.789502],[-64.622388,17.789412],[-64.623088,17.789934],[-64.62438,17.790172],[-64.626455,17.789647],[-64.627269,17.789208],[-64.62765,17.788571]]],[[[-64.667258,17.765325],[-64.666505,17.764508],[-64.6660195675776,17.7645455378323],[-64.665367,17.764596],[-64.664135,17.767837],[-64.6644984915254,17.7682136909384],[-64.664851,17.768579],[-64.665981,17.768468],[-64.667258,17.765325]]],[[[-64.6960073139778,17.7499421339647],[-64.695947,17.749777],[-64.694329,17.75002],[-64.693193,17.751004],[-64.692325,17.753736],[-64.689341,17.752005],[-64.683028,17.75323],[-64.68073,17.751641],[-64.679795,17.752165],[-64.679696,17.748484],[-64.683272,17.748384],[-64.686451,17.749996],[-64.685943,17.747381],[-64.685423,17.74567],[-64.68328,17.739814],[-64.677332,17.741642],[-64.675399,17.742229],[-64.67162,17.743383],[-64.67002,17.73971],[-64.67018,17.73871],[-64.66915,17.73734],[-64.669,17.73521],[-64.6677,17.73112],[-64.662112,17.732892],[-64.65865,17.73359],[-64.65641,17.73471],[-64.658565,17.741643],[-64.659413,17.744283],[-64.660247,17.746884],[-64.654326,17.748733],[-64.651928,17.749485],[-64.651061,17.746811],[-64.650163,17.744044],[-64.649243,17.741217],[-64.646637,17.741999],[-64.643653,17.734084],[-64.64065,17.726012],[-64.639077514007,17.72178391684],[-64.637825,17.722083],[-64.634442,17.723894],[-64.632385,17.727243],[-64.6322166409961,17.7274038311693],[-64.63073,17.728824],[-64.6300940395127,17.7290531276783],[-64.628912,17.729479],[-64.628018,17.729299],[-64.627448,17.7295],[-64.6271947866738,17.7300705854345],[-64.626856,17.730834],[-64.625227,17.731466],[-64.623976,17.730966],[-64.62126,17.731642],[-64.6204462196759,17.7325797804546],[-64.619534,17.733631],[-64.6179951851852,17.7343735050505],[-64.61696,17.734873],[-64.615803,17.734509],[-64.613843,17.735186],[-64.6133180577016,17.735091503438],[-64.612332,17.734914],[-64.611176,17.734346],[-64.610849,17.733215],[-64.610231,17.733003],[-64.609632,17.733175],[-64.609089,17.736884],[-64.606164,17.740177],[-64.60417,17.74407],[-64.6039370549118,17.7444181652393],[-64.603612,17.744904],[-64.602391,17.745789],[-64.601713,17.745769],[-64.600596,17.745308],[-64.597881,17.745228],[-64.596662,17.746604],[-64.595843,17.746832],[-64.5956265557603,17.7468442996222],[-64.592869,17.747001],[-64.588718,17.746862],[-64.587901,17.746459],[-64.586844,17.745406],[-64.585767,17.745022],[-64.5855924476408,17.7451374162375],[-64.584728,17.745709],[-64.583151,17.746262],[-64.581267,17.747166],[-64.5803447044687,17.7472980674954],[-64.579996,17.747348],[-64.5785,17.746906],[-64.578062,17.745891],[-64.577208,17.745836],[-64.575723,17.746657],[-64.575305,17.747991],[-64.5722170914167,17.7503461845127],[-64.570349,17.751771],[-64.569491,17.751981],[-64.56849,17.75171],[-64.567984,17.75187],[-64.567073,17.754196],[-64.566673,17.754559],[-64.565874,17.754749],[-64.565594,17.755207],[-64.565912,17.756221],[-64.56635,17.756853],[-64.566806,17.757064],[-64.567867,17.75697],[-64.569064,17.757278],[-64.569843,17.757068],[-64.571498,17.757606],[-64.573352,17.759368],[-64.574409,17.759809],[-64.575393,17.759535],[-64.5756351500984,17.759481623396],[-64.577684,17.75903],[-64.5795,17.759089],[-64.580617,17.759688],[-64.581892,17.761005],[-64.58251,17.761905],[-64.583196,17.762082],[-64.583834,17.761869],[-64.5840611097627,17.7614157267653],[-64.584074,17.76139],[-64.584047,17.760885],[-64.584289,17.759956],[-64.5849886074959,17.7590268871182],[-64.585109,17.758867],[-64.587105,17.758602],[-64.588204,17.757972],[-64.5884614402218,17.7579095366063],[-64.59024,17.757478],[-64.59128,17.756599],[-64.592538,17.75597],[-64.594074,17.756201],[-64.595311,17.756834],[-64.597129,17.756534],[-64.5988278913908,17.7565182257067],[-64.599283,17.756514],[-64.600044,17.755099],[-64.601781,17.754356],[-64.605054,17.754532],[-64.6079032281682,17.7558389931895],[-64.608409,17.756071],[-64.610659,17.757331],[-64.611426,17.759964],[-64.611713,17.760468],[-64.612431,17.760488],[-64.613131,17.760107],[-64.614248,17.760318],[-64.615006,17.761065],[-64.615934965854,17.7611168443358],[-64.616762,17.761163],[-64.619758,17.759139],[-64.623171,17.759143],[-64.624648,17.759546],[-64.6260325128035,17.7590345891807],[-64.626405,17.758897],[-64.628161,17.759224],[-64.629557,17.760278],[-64.630355,17.760546],[-64.631014,17.760088],[-64.631315,17.759151],[-64.632613,17.758675],[-64.6347637457955,17.7590457905055],[-64.635287,17.759136],[-64.636584,17.759558],[-64.637442,17.759445],[-64.638042,17.758986],[-64.639299,17.75872],[-64.640456,17.759103],[-64.641474,17.759296],[-64.643111,17.759125],[-64.644587,17.759758],[-64.645744,17.760639],[-64.646422,17.7615],[-64.647579,17.76175],[-64.649496,17.761388],[-64.6504012902476,17.761510562372],[-64.651771,17.761696],[-64.653966,17.762425],[-64.654763,17.763325],[-64.655621,17.76346],[-64.656819,17.763212],[-64.657499,17.762505],[-64.657933,17.761716],[-64.657681,17.761117],[-64.657849,17.760352],[-64.659344,17.759589],[-64.660072,17.759523],[-64.664447,17.760503],[-64.6646607361157,17.7605597130402],[-64.666761,17.761117],[-64.669616,17.760699],[-64.670773,17.761331],[-64.6717813914995,17.7612976274727],[-64.671891,17.761294],[-64.67253,17.760721],[-64.67305,17.759593],[-64.673669,17.759268],[-64.675505,17.759384],[-64.676303,17.759921],[-64.677222,17.759654],[-64.679296,17.760669],[-64.679955,17.760574],[-64.6806486056818,17.75979344375],[-64.680649,17.759793],[-64.681593,17.759676],[-64.682032,17.759447],[-64.682292,17.758625],[-64.681834,17.757381],[-64.682453,17.756751],[-64.683292,17.756407],[-64.683812,17.755337],[-64.68505,17.75442],[-64.6856403385268,17.7543199519912],[-64.6867965635359,17.754124],[-64.687186,17.754058],[-64.68927,17.754351],[-64.691309,17.755027],[-64.6917382400358,17.7548038159427],[-64.6920661518036,17.7546333176837],[-64.692136,17.754597],[-64.6925739079564,17.7546975517895],[-64.693473,17.754904],[-64.694052,17.754312],[-64.693633,17.75347],[-64.695852,17.749991],[-64.6960073139778,17.7499421339647]]]]}},{"type":"Feature","properties":{"name":"<at><openparen>78010970200<closeparen>","STATEFP":"78","COUNTYFP":"010","TRACTCE":"970200","GEOIDFQ":"1400000US78010970200","GEOID":"78010970200","NAME":"9702","NAMELSAD":"Census Tract 9702","STUSPS":"VI","NAMELSADCO":"St. Croix Island","STATE_NAME":"United States Virgin Islands","LSAD":"CT","ALAND":"5543268","AWATER":"586366","jurisdiction":"U.S. Virgin Islands"},"geometry":{"type":"MultiPolygon","coordinates":[[[[-64.703624,17.750623],[-64.703829,17.749263],[-64.7034550790739,17.7490437899466],[-64.702971,17.74876],[-64.701943,17.748913],[-64.70163,17.750302],[-64.70222,17.750795],[-64.702765,17.75086],[-64.703624,17.750623]]],[[[-64.715606,17.745434],[-64.713716,17.743604],[-64.713938,17.74304],[-64.712665,17.742113],[-64.713374,17.739709],[-64.713578,17.739356],[-64.714155,17.739598],[-64.71335,17.736544],[-64.709736,17.734903],[-64.706361,17.735937],[-64.702118,17.737237],[-64.700655,17.733215],[-64.69601,17.733456],[-64.695524,17.731824],[-64.694959,17.730162],[-64.693274,17.730755],[-64.692369,17.731043],[-64.691266,17.727946],[-64.686024,17.729772],[-64.680128,17.731614],[-64.681169,17.735096],[-64.68328,17.739814],[-64.685423,17.74567],[-64.685943,17.747381],[-64.686451,17.749996],[-64.683272,17.748384],[-64.679696,17.748484],[-64.679795,17.752165],[-64.68073,17.751641],[-64.683028,17.75323],[-64.689341,17.752005],[-64.692325,17.753736],[-64.693193,17.751004],[-64.694329,17.75002],[-64.695947,17.749777],[-64.6960073139778,17.7499421339647],[-64.696939,17.749649],[-64.697609,17.748975],[-64.697941,17.74754],[-64.6978711216301,17.7470439403632],[-64.69785,17.746894],[-64.698098,17.74629],[-64.699468,17.745442],[-64.700169,17.745628],[-64.701901,17.747375],[-64.708587,17.746825],[-64.709589,17.747111],[-64.7115366422085,17.7486999687938],[-64.715606,17.745434]]]]}},{"type":"Feature","properties":{"name":"<at><openparen>78010970300<closeparen>","STATEFP":"78","COUNTYFP":"010","TRACTCE":"970300","GEOIDFQ":"1400000US78010970300","GEOID":"78010970300","NAME":"9703","NAMELSAD":"Census Tract 9703","STUSPS":"VI","NAMELSADCO":"St. Croix Island","STATE_NAME":"United States Virgin Islands","LSAD":"CT","ALAND":"5181572","AWATER":"0","jurisdiction":"U.S. Virgin Islands"},"geometry":{"type":"Polygon","coordinates":[[[-64.745176,17.755435],[-64.74242,17.74729],[-64.736796,17.748979],[-64.73117,17.75078],[-64.730574,17.748936],[-64.730625,17.746411],[-64.726945,17.744079],[-64.725527,17.743373],[-64.722789,17.744344],[-64.721331,17.740128],[-64.719618,17.740546],[-64.720257,17.739603],[-64.716666,17.740417],[-64.714155,17.739598],[-64.713578,17.739356],[-64.713374,17.739709],[-64.712665,17.742113],[-64.713938,17.74304],[-64.713716,17.743604],[-64.715606,17.745434],[-64.7115366422085,17.7486999687938],[-64.712581,17.749552],[-64.716134,17.752853],[-64.7164688803461,17.7528122584457],[-64.717893,17.752639],[-64.720063,17.754111],[-64.7216008138214,17.755599192883],[-64.7235955478178,17.7575295624084],[-64.723596,17.75753],[-64.72455,17.759349],[-64.7284294645653,17.7615874127329],[-64.729713,17.762328],[-64.73136,17.762329],[-64.736279,17.767215],[-64.7363891618533,17.7674844050493],[-64.742309,17.765537],[-64.740544,17.760223],[-64.74044,17.75984],[-64.739566,17.757119],[-64.745176,17.755435]]]}},{"type":"Feature","properties":{"name":"<at><openparen>78010970400<closeparen>","STATEFP":"78","COUNTYFP":"010","TRACTCE":"970400","GEOIDFQ":"1400000US78010970400","GEOID":"78010970400","NAME":"9704","NAMELSAD":"Census Tract 9704","STUSPS":"VI","NAMELSADCO":"St. Croix Island","STATE_NAME":"United States Virgin Islands","LSAD":"CT","ALAND":"31834757","AWATER":"2161022","jurisdiction":"U.S. Virgin Islands"},"geometry":{"type":"Polygon","coordinates":[[[-64.745537,17.718935],[-64.743178,17.711486],[-64.7396446698873,17.7010981392118],[-64.738078,17.702431],[-64.7369599956737,17.7030818823529],[-64.735182,17.704117],[-64.7342888743471,17.7042586230412],[-64.733,17.704463],[-64.730914,17.704405],[-64.7284502908077,17.7038471198492],[-64.726988,17.703516],[-64.7218002090544,17.7008716039074],[-64.720773,17.700348],[-64.718745,17.699035],[-64.71776,17.699069],[-64.716007,17.700642],[-64.7143987900457,17.7013016528869],[-64.713708,17.701585],[-64.712102,17.701899],[-64.709108,17.70466],[-64.7080172015134,17.7050656597111],[-64.707137,17.705393],[-64.70524,17.705601],[-64.7049546083656,17.7054801688644],[-64.704,17.705076],[-64.703536593328,17.7042334424146],[-64.703307,17.703816],[-64.701118,17.70378],[-64.6995742405457,17.705070570057],[-64.698234,17.706191],[-64.695862,17.706469],[-64.693617,17.70545],[-64.692089,17.705541],[-64.687299,17.706984],[-64.686258,17.707067],[-64.685441,17.708064],[-64.685129,17.709744],[-64.684325,17.710791],[-64.682011,17.711522],[-64.68055,17.711035],[-64.6798894407241,17.7113725759481],[-64.675118,17.713811],[-64.6748226101774,17.7138554341712],[-64.670418,17.714518],[-64.668956,17.713519],[-64.666652,17.713385],[-64.664858,17.714265],[-64.6647868671962,17.7145245621491],[-64.664368,17.716053],[-64.6635764589613,17.7176833258881],[-64.663413,17.71802],[-64.662161,17.71915],[-64.6579931020945,17.7211752588826],[-64.657545,17.721393],[-64.655792,17.721755],[-64.652748,17.722988],[-64.6526835866197,17.72300303429],[-64.649886,17.723656],[-64.646317,17.723546],[-64.642984,17.723136],[-64.641903,17.722547],[-64.641276,17.722049],[-64.639341,17.721721],[-64.639077514007,17.72178391684],[-64.64065,17.726012],[-64.643653,17.734084],[-64.646637,17.741999],[-64.649243,17.741217],[-64.650163,17.744044],[-64.651061,17.746811],[-64.651928,17.749485],[-64.654326,17.748733],[-64.660247,17.746884],[-64.659413,17.744283],[-64.658565,17.741643],[-64.65641,17.73471],[-64.65865,17.73359],[-64.662112,17.732892],[-64.6677,17.73112],[-64.669,17.73521],[-64.66915,17.73734],[-64.67018,17.73871],[-64.67002,17.73971],[-64.67162,17.743383],[-64.675399,17.742229],[-64.677332,17.741642],[-64.68328,17.739814],[-64.681169,17.735096],[-64.680128,17.731614],[-64.686024,17.729772],[-64.691266,17.727946],[-64.692369,17.731043],[-64.693274,17.730755],[-64.694959,17.730162],[-64.695524,17.731824],[-64.69601,17.733456],[-64.700655,17.733215],[-64.702118,17.737237],[-64.706361,17.735937],[-64.709736,17.734903],[-64.71335,17.736544],[-64.714155,17.739598],[-64.716666,17.740417],[-64.720257,17.739603],[-64.719618,17.740546],[-64.721331,17.740128],[-64.722789,17.744344],[-64.725527,17.743373],[-64.726945,17.744079],[-64.729335,17.743645],[-64.729916,17.742613],[-64.734258,17.741315],[-64.734514,17.74064],[-64.739692,17.738983],[-64.736946,17.730744],[-64.734177,17.731585],[-64.733971,17.730631],[-64.73233,17.726092],[-64.731376,17.723436],[-64.734174,17.722532],[-64.73982,17.72078],[-64.742726,17.71985],[-64.745537,17.718935]]]}},{"type":"Feature","properties":{"name":"<at><openparen>78010970500<closeparen>","STATEFP":"78","COUNTYFP":"010","TRACTCE":"970500","GEOIDFQ":"1400000US78010970500","GEOID":"78010970500","NAME":"9705","NAMELSAD":"Census Tract 9705","STUSPS":"VI","NAMELSADCO":"St. Croix Island","STATE_NAME":"United States Virgin Islands","LSAD":"CT","ALAND":"8281499","AWATER":"0","jurisdiction":"U.S. Virgin Islands"},"geometry":{"type":"Polygon","coordinates":[[[-64.759531,17.741915],[-64.756809,17.733671],[-64.75521,17.7289],[-64.754836,17.72788],[-64.753955,17.725515],[-64.751194,17.717135],[-64.748451,17.717986],[-64.745537,17.718935],[-64.742726,17.71985],[-64.73982,17.72078],[-64.734174,17.722532],[-64.731376,17.723436],[-64.73233,17.726092],[-64.733971,17.730631],[-64.734177,17.731585],[-64.736946,17.730744],[-64.739692,17.738983],[-64.734514,17.74064],[-64.734258,17.741315],[-64.729916,17.742613],[-64.729335,17.743645],[-64.726945,17.744079],[-64.730625,17.746411],[-64.730574,17.748936],[-64.73117,17.75078],[-64.736796,17.748979],[-64.74242,17.74729],[-64.745176,17.755435],[-64.750813,17.754067],[-64.751122,17.754312],[-64.751627,17.75582],[-64.75719,17.754098],[-64.756507,17.752033],[-64.753761,17.743712],[-64.75676,17.74283],[-64.759531,17.741915]]]}},{"type":"Feature","properties":{"name":"<at><openparen>78010970600<closeparen>","STATEFP":"78","COUNTYFP":"010","TRACTCE":"970600","GEOIDFQ":"1400000US78010970600","GEOID":"78010970600","NAME":"9706","NAMELSAD":"Census Tract 9706","STUSPS":"VI","NAMELSADCO":"St. Croix Island","STATE_NAME":"United States Virgin Islands","LSAD":"CT","ALAND":"11324380","AWATER":"833399","jurisdiction":"U.S. Virgin Islands"},"geometry":{"type":"Polygon","coordinates":[[[-64.77649,17.73722],[-64.77653,17.73671],[-64.770725,17.738522],[-64.768089,17.739356],[-64.765187,17.740273],[-64.762283,17.741117],[-64.759531,17.741915],[-64.75676,17.74283],[-64.753761,17.743712],[-64.756507,17.752033],[-64.75719,17.754098],[-64.751627,17.75582],[-64.751122,17.754312],[-64.750813,17.754067],[-64.745176,17.755435],[-64.739566,17.757119],[-64.74044,17.75984],[-64.740544,17.760223],[-64.742309,17.765537],[-64.7363891618533,17.7674844050493],[-64.7375411054659,17.7703015274593],[-64.737904,17.771189],[-64.739662,17.772732],[-64.739026,17.773664],[-64.739848,17.774668],[-64.741353,17.774466],[-64.744211,17.777897],[-64.746582,17.780445],[-64.747363,17.782188],[-64.74834,17.783314],[-64.749024,17.783442],[-64.750298,17.782489],[-64.752779,17.781624],[-64.753473,17.780984],[-64.753373,17.780407],[-64.752456,17.780127],[-64.752204,17.779346],[-64.752951,17.778159],[-64.752882,17.777808],[-64.751861,17.777433],[-64.7518496618647,17.7773391122829],[-64.7518201228227,17.7770945082867],[-64.751804,17.776961],[-64.752056,17.776601],[-64.752002,17.774672],[-64.752026,17.772154],[-64.7520082408263,17.7717042750428],[-64.7519960883813,17.771396532244],[-64.751992,17.771293],[-64.752678,17.770768],[-64.7534543495296,17.7709308264946],[-64.753541,17.770949],[-64.753918,17.771773],[-64.754422,17.774441],[-64.755095,17.774976],[-64.756854,17.774642],[-64.757865,17.773064],[-64.758347,17.769587],[-64.758902,17.768079],[-64.7594912832808,17.7681243779639],[-64.759837,17.768151],[-64.7601820884471,17.7689389637643],[-64.760324,17.769263],[-64.760247,17.77414],[-64.7603927217267,17.7744491729301],[-64.7607289813352,17.7751626037329],[-64.760847,17.775413],[-64.759777,17.776349],[-64.759776,17.777666],[-64.758753,17.778339],[-64.758829,17.77907],[-64.761227,17.781108],[-64.765685,17.780961],[-64.767009,17.780091],[-64.7704915627564,17.7806076524374],[-64.771505,17.780758],[-64.7757410246405,17.7829244294553],[-64.7752,17.782433],[-64.769671,17.765868],[-64.766858,17.757874],[-64.77067,17.75666],[-64.769401,17.752837],[-64.767945,17.748448],[-64.772,17.7471],[-64.77243,17.74735],[-64.77254,17.74703],[-64.77321,17.74519],[-64.77649,17.73722]]]}},{"type":"Feature","properties":{"name":"<at><openparen>78010970700<closeparen>","STATEFP":"78","COUNTYFP":"010","TRACTCE":"970700","GEOIDFQ":"1400000US78010970700","GEOID":"78010970700","NAME":"9707","NAMELSAD":"Census Tract 9707","STUSPS":"VI","NAMELSADCO":"St. Croix Island","STATE_NAME":"United States Virgin Islands","LSAD":"CT","ALAND":"15806698","AWATER":"143654","jurisdiction":"U.S. Virgin Islands"},"geometry":{"type":"Polygon","coordinates":[[[-64.820622,17.759213],[-64.819385,17.755481],[-64.817864,17.75105],[-64.817156,17.75127],[-64.813206,17.752385],[-64.813221,17.752518],[-64.807317,17.754328],[-64.801572,17.75609],[-64.799504,17.756724],[-64.796953,17.757506],[-64.795532,17.757941],[-64.791274,17.759247],[-64.788824,17.750954],[-64.793456,17.749503],[-64.79076,17.74134],[-64.779416,17.744935],[-64.77254,17.74703],[-64.77243,17.74735],[-64.772,17.7471],[-64.767945,17.748448],[-64.769401,17.752837],[-64.77067,17.75666],[-64.766858,17.757874],[-64.769671,17.765868],[-64.7752,17.782433],[-64.7757410246405,17.7829244294553],[-64.775967,17.78304],[-64.778877,17.783846],[-64.782116,17.783644],[-64.7860721512786,17.7826111948613],[-64.789754,17.78165],[-64.790547,17.78108],[-64.791308,17.779845],[-64.798119,17.778168],[-64.801425,17.77839],[-64.803676,17.779022],[-64.804759,17.779045],[-64.808293,17.777477],[-64.8091663981194,17.7759592717112],[-64.809719,17.774999],[-64.8099,17.773686],[-64.810616,17.772532],[-64.812558,17.771695],[-64.813916,17.770575],[-64.8167875984508,17.7692147080154],[-64.815917,17.766501],[-64.816797,17.765964],[-64.814284,17.761164],[-64.81554,17.760775],[-64.820622,17.759213]]]}},{"type":"Feature","properties":{"name":"<at><openparen>78010970800<closeparen>","STATEFP":"78","COUNTYFP":"010","TRACTCE":"970800","GEOIDFQ":"1400000US78010970800","GEOID":"78010970800","NAME":"9708","NAMELSAD":"Census Tract 9708","STUSPS":"VI","NAMELSADCO":"St. Croix Island","STATE_NAME":"United States Virgin Islands","LSAD":"CT","ALAND":"13257065","AWATER":"33429","jurisdiction":"U.S. Virgin Islands"},"geometry":{"type":"Polygon","coordinates":[[[-64.813221,17.752518],[-64.813206,17.752385],[-64.810412,17.744188],[-64.807735,17.736193],[-64.804942,17.728025],[-64.80219,17.71976],[-64.801857,17.719863],[-64.796568,17.72152],[-64.793816,17.713357],[-64.793595,17.713369],[-64.785152,17.715782],[-64.78345,17.710664],[-64.781045,17.713849],[-64.77574,17.715626],[-64.776738,17.718579],[-64.771041,17.720406],[-64.77382,17.72854],[-64.77653,17.73671],[-64.77649,17.73722],[-64.77321,17.74519],[-64.77254,17.74703],[-64.779416,17.744935],[-64.79076,17.74134],[-64.793456,17.749503],[-64.788824,17.750954],[-64.791274,17.759247],[-64.795532,17.757941],[-64.796953,17.757506],[-64.799504,17.756724],[-64.801572,17.75609],[-64.807317,17.754328],[-64.813221,17.752518]]]}},{"type":"Feature","properties":{"name":"<at><openparen>78010970900<closeparen>","STATEFP":"78","COUNTYFP":"010","TRACTCE":"970900","GEOIDFQ":"1400000US78010970900","GEOID":"78010970900","NAME":"9709","NAMELSAD":"Census Tract 9709","STUSPS":"VI","NAMELSADCO":"St. Croix Island","STATE_NAME":"United States Virgin Islands","LSAD":"CT","ALAND":"6099686","AWATER":"15265","jurisdiction":"U.S. Virgin Islands"},"geometry":{"type":"Polygon","coordinates":[[[-64.844789,17.731929],[-64.842529,17.725244],[-64.841885,17.725465],[-64.839124,17.717398],[-64.836374,17.70936],[-64.832827,17.710447],[-64.830665,17.711108],[-64.824999,17.712836],[-64.813555,17.716323],[-64.80219,17.71976],[-64.804942,17.728025],[-64.81592,17.7247],[-64.81634,17.72449],[-64.827576,17.721012],[-64.829913,17.72956],[-64.832685,17.737843],[-64.839139,17.735988],[-64.838399,17.733774],[-64.844789,17.731929]]]}},{"type":"Feature","properties":{"name":"<at><openparen>78010971000<closeparen>","STATEFP":"78","COUNTYFP":"010","TRACTCE":"971000","GEOIDFQ":"1400000US78010971000","GEOID":"78010971000","NAME":"9710","NAMELSAD":"Census Tract 9710","STUSPS":"VI","NAMELSADCO":"St. Croix Island","STATE_NAME":"United States Virgin Islands","LSAD":"CT","ALAND":"37087272","AWATER":"97918","jurisdiction":"U.S. Virgin Islands"},"geometry":{"type":"Polygon","coordinates":[[[-64.89403,17.747359],[-64.894291,17.745662],[-64.8934352819886,17.7430293404205],[-64.893259,17.742487],[-64.8908835107038,17.7375537553742],[-64.889714,17.735125],[-64.889259,17.732522],[-64.887961,17.730227],[-64.8877683907019,17.7296056930838],[-64.8851949610962,17.7213044862969],[-64.867809,17.726886],[-64.864762,17.71846],[-64.859166,17.720306],[-64.853362,17.722225],[-64.847593,17.724132],[-64.847397,17.723579],[-64.842529,17.725244],[-64.844789,17.731929],[-64.838399,17.733774],[-64.839139,17.735988],[-64.832685,17.737843],[-64.829913,17.72956],[-64.827576,17.721012],[-64.81634,17.72449],[-64.81592,17.7247],[-64.804942,17.728025],[-64.807735,17.736193],[-64.810412,17.744188],[-64.813206,17.752385],[-64.817156,17.75127],[-64.817864,17.75105],[-64.819385,17.755481],[-64.820622,17.759213],[-64.81554,17.760775],[-64.814284,17.761164],[-64.816797,17.765964],[-64.815917,17.766501],[-64.8167875984508,17.7692147080154],[-64.81886,17.768233],[-64.819146,17.767402],[-64.8219036835308,17.7664964002665],[-64.8227241894531,17.766226953125],[-64.830815,17.76357],[-64.831542,17.762684],[-64.833423,17.761976],[-64.8342241303513,17.762076563831],[-64.834371,17.762095],[-64.836517,17.761545],[-64.839882,17.761637],[-64.8414959261777,17.7623470650033],[-64.84298,17.763],[-64.844269,17.762747],[-64.845364,17.762902],[-64.845892,17.76367],[-64.848882,17.764175],[-64.8490379364322,17.7640980869928],[-64.850212,17.763519],[-64.852557,17.76425],[-64.856662,17.764586],[-64.858336,17.765539],[-64.860482,17.765874],[-64.86158,17.766686],[-64.861910411586,17.7666792367778],[-64.863925,17.766638],[-64.867019,17.768216],[-64.867868,17.769267],[-64.868575642117,17.7693284780211],[-64.869514,17.76941],[-64.8696033680552,17.7695057918253],[-64.8698007835646,17.7697173975491],[-64.87078,17.770767],[-64.872356,17.771036],[-64.873557,17.770653],[-64.874904,17.769553],[-64.8759718286989,17.7697640566744],[-64.876351,17.769839],[-64.877998,17.769552],[-64.88149,17.767304],[-64.88154,17.764961],[-64.8817616817778,17.7645893079967],[-64.882338,17.763623],[-64.883785,17.763957],[-64.887676,17.761517],[-64.888923,17.759987],[-64.89017,17.756497],[-64.8906167662855,17.7550178963736],[-64.891377,17.752501],[-64.891166,17.750472],[-64.891513,17.749681],[-64.89266,17.749298],[-64.89403,17.747359]]]}},{"type":"Feature","properties":{"name":"<at><openparen>78010971100<closeparen>","STATEFP":"78","COUNTYFP":"010","TRACTCE":"971100","GEOIDFQ":"1400000US78010971100","GEOID":"78010971100","NAME":"9711","NAMELSAD":"Census Tract 9711","STUSPS":"VI","NAMELSADCO":"St. Croix Island","STATE_NAME":"United States Virgin Islands","LSAD":"CT","ALAND":"9737944","AWATER":"3039645","jurisdiction":"U.S. Virgin Islands"},"geometry":{"type":"Polygon","coordinates":[[[-64.903557,17.680425],[-64.903564,17.679349],[-64.9030406216495,17.6783946430079],[-64.901185,17.675011],[-64.900605,17.674678],[-64.900005,17.675009],[-64.898287,17.676578],[-64.893487,17.679455],[-64.888272,17.683705],[-64.886841,17.684126],[-64.885035,17.685722],[-64.883219,17.686074],[-64.881692,17.685093],[-64.879696,17.68486],[-64.878503,17.684186],[-64.8783216721629,17.6842424666812],[-64.879713,17.688229],[-64.88011,17.68954],[-64.880565,17.690954],[-64.880731,17.691419],[-64.88147,17.69357],[-64.88198,17.69505],[-64.87626,17.69692],[-64.873956,17.697635],[-64.8705,17.69874],[-64.86486,17.70053],[-64.86476,17.70056],[-64.85923,17.70228],[-64.861917,17.710327],[-64.85637,17.712082],[-64.859166,17.720306],[-64.864762,17.71846],[-64.867809,17.726886],[-64.8851949610962,17.7213044862969],[-64.8848122029941,17.7200698093705],[-64.8844919384506,17.7190367202213],[-64.8842650101906,17.7183047093639],[-64.883788,17.716766],[-64.8838144298619,17.7164903050188],[-64.884006,17.714492],[-64.883916,17.713892],[-64.8839144395062,17.713879821445],[-64.8838460132593,17.7133458027633],[-64.883497,17.710622],[-64.8836233119282,17.7082923454935],[-64.883639,17.708003],[-64.884877,17.70354],[-64.8848864090164,17.7035216721311],[-64.88576,17.70182],[-64.8857631075964,17.70181582428],[-64.8909219094193,17.6948838714243],[-64.89093,17.694873],[-64.89144,17.693414],[-64.892594,17.691875],[-64.8927706212865,17.6916905328167],[-64.903557,17.680425]]]}},{"type":"Feature","properties":{"name":"<at><openparen>78010971200<closeparen>","STATEFP":"78","COUNTYFP":"010","TRACTCE":"971200","GEOIDFQ":"1400000US78010971200","GEOID":"78010971200","NAME":"9712","NAMELSAD":"Census Tract 9712","STUSPS":"VI","NAMELSADCO":"St. Croix Island","STATE_NAME":"United States Virgin Islands","LSAD":"CT","ALAND":"6327595","AWATER":"602927","jurisdiction":"U.S. Virgin Islands"},"geometry":{"type":"Polygon","coordinates":[[[-64.88198,17.69505],[-64.88147,17.69357],[-64.880731,17.691419],[-64.880565,17.690954],[-64.88011,17.68954],[-64.879713,17.688229],[-64.8783216721629,17.6842424666812],[-64.877074,17.684631],[-64.876185,17.684575],[-64.8742489866866,17.6851941632321],[-64.87404,17.685261],[-64.873287,17.686002],[-64.8724234491097,17.6859708279191],[-64.872262,17.685965],[-64.87147,17.685428],[-64.868955,17.686592],[-64.8664265915484,17.6864526753374],[-64.864037,17.686321],[-64.863021,17.685679],[-64.861637,17.685901],[-64.860529,17.685392],[-64.858959,17.686078],[-64.8581860445035,17.6859244201262],[-64.857736,17.685835],[-64.856559,17.685901],[-64.855174,17.686698],[-64.8539692066833,17.6868452443089],[-64.850281,17.687296],[-64.847118,17.687296],[-64.843518,17.687363],[-64.841879,17.686987],[-64.8416450542125,17.6868329575316],[-64.84513,17.69762],[-64.850849,17.69584],[-64.853501,17.704068],[-64.853627,17.704029],[-64.85637,17.712082],[-64.861917,17.710327],[-64.85923,17.70228],[-64.86476,17.70056],[-64.86486,17.70053],[-64.8705,17.69874],[-64.873956,17.697635],[-64.87626,17.69692],[-64.88198,17.69505]]]}},{"type":"Feature","properties":{"name":"<at><openparen>78010971300<closeparen>","STATEFP":"78","COUNTYFP":"010","TRACTCE":"971300","GEOIDFQ":"1400000US78010971300","GEOID":"78010971300","NAME":"9713","NAMELSAD":"Census Tract 9713","STUSPS":"VI","NAMELSADCO":"St. Croix Island","STATE_NAME":"United States Virgin Islands","LSAD":"CT","ALAND":"9140249","AWATER":"107034","jurisdiction":"U.S. Virgin Islands"},"geometry":{"type":"Polygon","coordinates":[[[-64.859166,17.720306],[-64.85637,17.712082],[-64.853627,17.704029],[-64.853501,17.704068],[-64.850849,17.69584],[-64.84513,17.69762],[-64.8416450542125,17.6868329575316],[-64.840702,17.686212],[-64.839455,17.684685],[-64.8392812472071,17.6837588766799],[-64.83904,17.682473],[-64.8390761952985,17.6823515588472],[-64.839437,17.681141],[-64.839287,17.680441],[-64.838987,17.67999],[-64.837885,17.680194],[-64.835093,17.682606],[-64.8348617355604,17.6826247569315],[-64.834008,17.682694],[-64.833376,17.682222],[-64.8309751585605,17.6833561446329],[-64.830315,17.683668],[-64.829924,17.684666],[-64.82616,17.686699],[-64.824931,17.686486],[-64.824244,17.687008],[-64.822628,17.686898],[-64.8222858997042,17.6871242741604],[-64.825127,17.694669],[-64.827864,17.702923],[-64.833643,17.701172],[-64.836374,17.70936],[-64.839124,17.717398],[-64.841885,17.725465],[-64.842529,17.725244],[-64.847397,17.723579],[-64.847593,17.724132],[-64.853362,17.722225],[-64.859166,17.720306]]]}},{"type":"Feature","properties":{"name":"<at><openparen>78010971400<closeparen>","STATEFP":"78","COUNTYFP":"010","TRACTCE":"971400","GEOIDFQ":"1400000US78010971400","GEOID":"78010971400","NAME":"9714","NAMELSAD":"Census Tract 9714","STUSPS":"VI","NAMELSADCO":"St. Croix Island","STATE_NAME":"United States Virgin Islands","LSAD":"CT","ALAND":"23639231","AWATER":"6630418","jurisdiction":"U.S. Virgin Islands"},"geometry":{"type":"MultiPolygon","coordinates":[[[[-64.762891,17.684497],[-64.7628905570021,17.6844800803369],[-64.76286,17.683313],[-64.7628514948979,17.6832789795918],[-64.762737,17.682821],[-64.76195,17.682455],[-64.761329,17.68236],[-64.759831,17.682852],[-64.759355,17.68359],[-64.759677,17.684436],[-64.760462,17.685051],[-64.7620040081726,17.6850371625739],[-64.762245,17.685035],[-64.762891,17.684497]]],[[[-64.836374,17.70936],[-64.833643,17.701172],[-64.827864,17.702923],[-64.825127,17.694669],[-64.8222858997042,17.6871242741604],[-64.82002,17.688623],[-64.818243,17.6888],[-64.813857,17.689596],[-64.811341,17.690503],[-64.8113105401881,17.6905636150256],[-64.811041,17.6911],[-64.807555,17.692383],[-64.806078,17.692317],[-64.8054949312911,17.6925187612495],[-64.804162,17.69298],[-64.803608,17.693909],[-64.800607,17.693997],[-64.799161643627,17.6934008792046],[-64.798774,17.693241],[-64.7974150086619,17.6933354043111],[-64.794988,17.693504],[-64.793757,17.69372],[-64.791443,17.695345],[-64.788696,17.696119],[-64.7873984771553,17.6962328681552],[-64.784628,17.696476],[-64.7821284186202,17.6961067761219],[-64.781128,17.695959],[-64.780455,17.695187],[-64.779284,17.69579],[-64.7785265514635,17.6956350753109],[-64.7782712446894,17.6955828561558],[-64.777123,17.695348],[-64.776116,17.694566],[-64.774046,17.693843],[-64.77245,17.692667],[-64.770993,17.691887],[-64.7671007167102,17.6901942622151],[-64.766769,17.69005],[-64.765292,17.690359],[-64.764553,17.691487],[-64.764691,17.692881],[-64.765666,17.694797],[-64.76838,17.698743],[-64.769563,17.700223],[-64.7708612610019,17.7012054050157],[-64.77124,17.701492],[-64.772348,17.702673],[-64.77255,17.703641],[-64.7724219455548,17.705797319105],[-64.772376,17.706571],[-64.7721,17.70862],[-64.771197,17.708996],[-64.771149,17.709016],[-64.770533,17.708892],[-64.769923,17.708554],[-64.769314,17.707064],[-64.768095,17.704287],[-64.766501,17.701437],[-64.764088,17.697412],[-64.7636148357535,17.696933326726],[-64.763315,17.69663],[-64.762279,17.696531],[-64.761391,17.696728],[-64.7605507568738,17.6972749539092],[-64.75891,17.698343],[-64.756906,17.698959],[-64.7566192604116,17.6987597228458],[-64.75607,17.698378],[-64.754871,17.698846],[-64.754572,17.699295],[-64.7518603337607,17.7004891775707],[-64.751041,17.70085],[-64.749755,17.700013],[-64.745885,17.701797],[-64.745477,17.701658],[-64.74438,17.699206],[-64.743114,17.695884],[-64.741905,17.695778],[-64.740391,17.696662],[-64.740361,17.699773],[-64.740182,17.700641],[-64.7396446698873,17.7010981392118],[-64.743178,17.711486],[-64.745537,17.718935],[-64.748451,17.717986],[-64.751194,17.717135],[-64.756886,17.715408],[-64.758336,17.719447],[-64.764081,17.718158],[-64.765486,17.722154],[-64.771041,17.720406],[-64.776738,17.718579],[-64.77574,17.715626],[-64.781045,17.713849],[-64.78345,17.710664],[-64.785152,17.715782],[-64.793595,17.713369],[-64.793816,17.713357],[-64.796568,17.72152],[-64.801857,17.719863],[-64.80219,17.71976],[-64.813555,17.716323],[-64.824999,17.712836],[-64.830665,17.711108],[-64.832827,17.710447],[-64.836374,17.70936]]]]}},{"type":"Feature","properties":{"name":"<at><openparen>78010971500<closeparen>","STATEFP":"78","COUNTYFP":"010","TRACTCE":"971500","GEOIDFQ":"1400000US78010971500","GEOID":"78010971500","NAME":"9715","NAMELSAD":"Census Tract 9715","STUSPS":"VI","NAMELSADCO":"St. Croix Island","STATE_NAME":"United States Virgin Islands","LSAD":"CT","ALAND":"4541670","AWATER":"0","jurisdiction":"U.S. Virgin Islands"},"geometry":{"type":"Polygon","coordinates":[[[-64.77653,17.73671],[-64.77382,17.72854],[-64.771041,17.720406],[-64.765486,17.722154],[-64.764081,17.718158],[-64.758336,17.719447],[-64.756886,17.715408],[-64.751194,17.717135],[-64.753955,17.725515],[-64.754836,17.72788],[-64.75521,17.7289],[-64.756809,17.733671],[-64.759531,17.741915],[-64.762283,17.741117],[-64.765187,17.740273],[-64.768089,17.739356],[-64.770725,17.738522],[-64.77653,17.73671]]]}},{"type":"Feature","properties":{"name":"<at><openparen>78020950100<closeparen>","STATEFP":"78","COUNTYFP":"020","TRACTCE":"950100","GEOIDFQ":"1400000US78020950100","GEOID":"78020950100","NAME":"9501","NAMELSAD":"Census Tract 9501","STUSPS":"VI","NAMELSADCO":"St. John Island","STATE_NAME":"United States Virgin Islands","LSAD":"CT","ALAND":"43966637","AWATER":"21618601","jurisdiction":"U.S. Virgin Islands"},"geometry":{"type":"MultiPolygon","coordinates":[[[[-64.651818,18.326131],[-64.651604,18.324706],[-64.650313,18.324338],[-64.648959,18.326011],[-64.64868,18.32808],[-64.649555,18.328639],[-64.650555,18.328391],[-64.6507808014488,18.3279869530687],[-64.651818,18.326131]]],[[[-64.690297,18.316756],[-64.690022,18.316098],[-64.687783,18.314829],[-64.686481,18.315605],[-64.686844,18.316323],[-64.68932,18.31758],[-64.68979398114,18.3171802451797],[-64.690297,18.316756]]],[[[-64.757407,18.357274],[-64.757573,18.356509],[-64.757002,18.355795],[-64.755886,18.355708],[-64.755660513409,18.3560570611201],[-64.755552784174,18.3562238297393],[-64.755428,18.356417],[-64.755786,18.357293],[-64.756658,18.357452],[-64.757407,18.357274]]],[[[-64.75876,18.370521],[-64.759072,18.369777],[-64.758574,18.369182],[-64.755942,18.36927],[-64.755241,18.369627],[-64.755038,18.370519],[-64.755521,18.370965],[-64.757358,18.371174],[-64.757668086008,18.37102957335],[-64.75876,18.370521]]],[[[-64.790211,18.3563],[-64.790572,18.355256],[-64.789791,18.3542],[-64.788586,18.354163],[-64.788089,18.355021],[-64.788987,18.356427],[-64.790211,18.3563]]],[[[-64.794274,18.353607],[-64.794231,18.352774],[-64.792371,18.352066],[-64.79176,18.352482],[-64.792181,18.35387],[-64.792763,18.354314],[-64.793475,18.354314],[-64.7935590393296,18.3542396372891],[-64.794274,18.353607]]],[[[-64.795245,18.369651],[-64.794781,18.368778],[-64.79372,18.368822],[-64.793061,18.369606],[-64.793665,18.37056],[-64.794749,18.370464],[-64.795245,18.369651]]],[[[-64.797916,18.356009],[-64.797476,18.355042],[-64.796329,18.354968],[-64.795832,18.356137],[-64.79621,18.356763],[-64.797151,18.356794],[-64.797916,18.356009]]],[[[-64.798265,18.336175],[-64.798153,18.334671],[-64.7957627166261,18.3342750149913],[-64.79501081439,18.334150451512],[-64.794827,18.33412],[-64.794001,18.332933],[-64.7940563375423,18.3326247415108],[-64.793429,18.332784],[-64.793132,18.332283],[-64.793004,18.332867],[-64.788249,18.333417],[-64.787156,18.336662],[-64.784003,18.33597],[-64.780832,18.336132],[-64.77614,18.336547],[-64.77325,18.33693],[-64.77332,18.334735],[-64.771578,18.333631],[-64.770274,18.333644],[-64.769698,18.331],[-64.768175,18.331005],[-64.767776,18.330999],[-64.764513,18.329485],[-64.76429,18.329037],[-64.759925,18.326328],[-64.756316,18.326182],[-64.756125,18.317655],[-64.756348,18.317353],[-64.7564462324129,18.317122612467],[-64.751976,18.320847],[-64.751707,18.32181],[-64.74804,18.324584],[-64.7474832731763,18.3245276125471],[-64.746638,18.324442],[-64.745356,18.321951],[-64.737603,18.316997],[-64.734771,18.316092],[-64.733906,18.314988],[-64.732415,18.315384],[-64.7317216560545,18.317153033233],[-64.731278,18.318285],[-64.730536,18.318554],[-64.729374,18.317733],[-64.728121,18.318356],[-64.728062,18.319743],[-64.726153,18.320196],[-64.724961,18.318951],[-64.723112,18.31929],[-64.720718,18.318892],[-64.719869,18.317511],[-64.720997,18.316181],[-64.720803,18.313708],[-64.722553,18.312563],[-64.722592,18.311529],[-64.721347,18.310569],[-64.722008,18.308428],[-64.721308,18.307578],[-64.719986,18.307652],[-64.719247,18.308649],[-64.719128,18.310552],[-64.717536,18.312009],[-64.71598,18.311271],[-64.715993289119,18.3111932232442],[-64.716299,18.309404],[-64.714774,18.308391],[-64.713257,18.309203],[-64.712324,18.308686],[-64.712539,18.307239],[-64.7120615569345,18.3069640327895],[-64.711775,18.306799],[-64.709825,18.307766],[-64.709279,18.308584],[-64.70830923435,18.3089383685313],[-64.706879,18.309461],[-64.705323,18.309055],[-64.705245,18.307837],[-64.706918,18.306286],[-64.705845,18.304177],[-64.703845,18.304513],[-64.7031,18.303246],[-64.703884,18.300082],[-64.70365,18.298633],[-64.703118,18.298203],[-64.701628,18.299085],[-64.701278,18.300858],[-64.700187,18.303117],[-64.701587,18.306419],[-64.701768,18.308281],[-64.702623,18.311187],[-64.7021835686667,18.3118857984473],[-64.701681,18.312685],[-64.700734,18.313301],[-64.700663,18.315038],[-64.7011872810826,18.3155585337844],[-64.702202,18.316566],[-64.702133,18.317881],[-64.70015,18.31884],[-64.6979084079272,18.3204659548214],[-64.69735,18.320871],[-64.697382,18.32203],[-64.698439,18.32327],[-64.7002698637554,18.3235486301653],[-64.700384,18.323566],[-64.700539,18.324895],[-64.7003800655484,18.3254947103656],[-64.699617,18.328374],[-64.700043,18.33015],[-64.7009513248271,18.3302614301832],[-64.701119,18.330282],[-64.702334,18.329639],[-64.7042390180404,18.3300737938142],[-64.705401,18.330339],[-64.7058104983948,18.3309764360555],[-64.7068599807942,18.3326100881761],[-64.707891,18.334215],[-64.7082015632395,18.3345182234879],[-64.708568,18.334876],[-64.711117,18.335103],[-64.712273,18.335784],[-64.7123270654324,18.3360337232011],[-64.7129272651062,18.3388059896414],[-64.71295,18.338911],[-64.713904,18.341236],[-64.7144724518539,18.3422233945305],[-64.716056,18.344974],[-64.71543,18.346102],[-64.714241,18.346808066273],[-64.713906,18.347007],[-64.711701,18.347108],[-64.7107888942391,18.3467169119174],[-64.7105168959454,18.3466002858684],[-64.710297,18.346506],[-64.7102021693703,18.3464191164442],[-64.7098114481113,18.3460611387274],[-64.7097665013131,18.3460199585975],[-64.708877,18.345205],[-64.7088667039065,18.3448890101563],[-64.7088625321285,18.3447609771826],[-64.7088604114434,18.3446958927941],[-64.708821385893,18.3434981882929],[-64.708764,18.341737],[-64.7087230036068,18.3416690198377],[-64.708331,18.341019],[-64.70684,18.34048],[-64.7053148200423,18.3406797259468],[-64.70516,18.3407],[-64.702661,18.342374],[-64.702094,18.344866],[-64.702346,18.345544],[-64.703459,18.346581],[-64.704853,18.346893],[-64.7051851512865,18.3479237158833],[-64.705202,18.347976],[-64.703669,18.351305],[-64.704488,18.352142],[-64.70411,18.353996],[-64.7025589810362,18.3549233129329],[-64.7021175428148,18.3551872370895],[-64.702041,18.355233],[-64.700282,18.35494],[-64.7000288924125,18.3541003847045],[-64.699806,18.353361],[-64.698333,18.35327],[-64.6958199469478,18.3539780675629],[-64.695121,18.354175],[-64.694667,18.356124],[-64.691332,18.356673],[-64.69015,18.355825],[-64.691253,18.354105],[-64.693065,18.353108],[-64.693328,18.351837],[-64.691079,18.351508],[-64.6908855910768,18.3512070605812],[-64.690284,18.350271],[-64.688605,18.349962],[-64.689135,18.348151],[-64.693261,18.345098],[-64.6932863477448,18.3447938270618],[-64.693341,18.344138],[-64.691814,18.343062],[-64.691825,18.342104],[-64.692772,18.340147],[-64.692029,18.339314],[-64.690743,18.33992],[-64.690007,18.342033],[-64.688275,18.342927],[-64.6881578984193,18.3431858702374],[-64.686528,18.346789],[-64.684841,18.347304],[-64.681173,18.346763],[-64.6811440217195,18.3467408447517],[-64.679695,18.345633],[-64.679903,18.344612],[-64.679694,18.34414],[-64.677458,18.343427],[-64.67703,18.343468],[-64.6768514210526,18.3435464526316],[-64.676445,18.343725],[-64.675275,18.343186],[-64.674319,18.342152],[-64.674205,18.340342],[-64.675049,18.339263],[-64.674387,18.337025],[-64.677117,18.333687],[-64.676724,18.332195],[-64.67523,18.332326],[-64.674435,18.330606],[-64.673654,18.330292],[-64.670941,18.330116],[-64.670146,18.330304],[-64.668845,18.331166],[-64.668652,18.331385],[-64.66852,18.334363],[-64.667093,18.337119],[-64.666145,18.337727],[-64.665239,18.337241],[-64.663902,18.334637],[-64.663262,18.334119],[-64.662089,18.33399],[-64.661757,18.334845],[-64.66353,18.338709],[-64.663331,18.340028],[-64.661116,18.340249],[-64.660855,18.340766],[-64.661282,18.342027],[-64.660879,18.342928],[-64.661069,18.343671],[-64.66301,18.344959],[-64.666545,18.345591],[-64.668085,18.344195],[-64.669758,18.344731],[-64.670025,18.346632],[-64.669505,18.348153],[-64.670012,18.348611],[-64.671133,18.348557],[-64.672008,18.349784],[-64.674382,18.350266],[-64.67498,18.349535],[-64.675336,18.3476],[-64.6774328922575,18.347695193919],[-64.67853,18.347745],[-64.680222,18.350614],[-64.680393,18.352275],[-64.681268,18.352654],[-64.682751,18.352275],[-64.684368,18.352641],[-64.687308,18.354953],[-64.6871898127545,18.3553001549064],[-64.686941,18.356031],[-64.687413,18.358621],[-64.691256,18.361112],[-64.694805,18.361902],[-64.6980086597933,18.3616886001439],[-64.702026,18.361421],[-64.704495,18.360671],[-64.706135,18.361121],[-64.70632,18.363145],[-64.707949,18.365096],[-64.711662,18.367014],[-64.7133388532739,18.3671788267092],[-64.714419,18.367285],[-64.717652,18.366337],[-64.720219,18.367149],[-64.72117,18.365391],[-64.720095,18.363142],[-64.722482,18.36226],[-64.7252342705354,18.3635830421025],[-64.726655,18.364266],[-64.727621,18.36437],[-64.729115,18.363609],[-64.732996,18.363333],[-64.735073,18.364094],[-64.737588,18.364249],[-64.739296,18.364948],[-64.739887,18.365506],[-64.739809,18.366354],[-64.739144,18.366886],[-64.738166,18.366909],[-64.73572,18.366457],[-64.734862,18.366708],[-64.733743,18.367708],[-64.733324,18.369109],[-64.733962,18.36987],[-64.735401,18.37089],[-64.736076,18.370994],[-64.737205,18.370994],[-64.738668,18.371729],[-64.741702,18.37236],[-64.744089,18.372766],[-64.747688,18.372766],[-64.748836,18.372905],[-64.75018,18.372688],[-64.751218,18.372204],[-64.752275,18.370423],[-64.750908,18.368313],[-64.749159,18.368244],[-64.747865,18.367673],[-64.745679,18.36757],[-64.744496,18.366959],[-64.743433,18.364879],[-64.743915504676,18.3630654965438],[-64.74446,18.361019],[-64.743787,18.359522],[-64.744554,18.357512],[-64.7453553816664,18.3567968009849],[-64.746609,18.355678],[-64.747827272929,18.3559208656949],[-64.748771,18.356109],[-64.74941,18.35753],[-64.751327,18.357668],[-64.753604,18.354805],[-64.756931,18.3528],[-64.759692,18.352434],[-64.7620271033859,18.3530489589041],[-64.762107,18.35307],[-64.763338,18.354095],[-64.763468,18.354855],[-64.764177887997,18.3552211564447],[-64.765494,18.3559],[-64.766423,18.355908],[-64.767003,18.355438],[-64.7670749784172,18.3554260215827],[-64.76767,18.355327],[-64.768423,18.355687],[-64.769031,18.355549],[-64.769104,18.354927],[-64.768322,18.354082],[-64.7683243467479,18.3540532725691],[-64.768409,18.353017],[-64.769582,18.351678],[-64.77047,18.3515370592105],[-64.77323,18.351099],[-64.773255,18.351125],[-64.7743603241144,18.3531926758856],[-64.774376,18.353222],[-64.7769221362497,18.3534805919629],[-64.777704,18.35356],[-64.778773,18.352207],[-64.777146,18.347736],[-64.778067,18.346528],[-64.7785281265774,18.3464292560403],[-64.780458,18.346016],[-64.78447,18.347627],[-64.784932,18.348969],[-64.784896,18.349971],[-64.78411,18.351092],[-64.784527,18.352715],[-64.784957,18.353252],[-64.786244,18.353118],[-64.787118,18.352508],[-64.787887,18.350303],[-64.786847,18.348653],[-64.787146,18.346899],[-64.788664,18.345691],[-64.788441,18.344844],[-64.7869,18.344229],[-64.78661,18.34264],[-64.787235,18.341813],[-64.789982,18.341559],[-64.791165,18.340012],[-64.7915448549092,18.3398410875306],[-64.797997,18.336938],[-64.798265,18.336175]]],[[[-64.8064294454074,18.3674483198868],[-64.806502,18.367046],[-64.8062561654161,18.3668017429643],[-64.805567,18.366117],[-64.799438,18.367579],[-64.7991984371942,18.3683748585087],[-64.799081,18.368765],[-64.7991697005497,18.3688506286692],[-64.800005,18.369657],[-64.806269,18.368338],[-64.8064294454074,18.3674483198868]]],[[[-64.812782,18.362053],[-64.812973,18.361568],[-64.812508,18.361064],[-64.810944,18.360055],[-64.809677,18.358662],[-64.809169,18.358703],[-64.807563,18.360397],[-64.806591,18.360821],[-64.80526,18.361022],[-64.803168,18.360861],[-64.8025297203647,18.3605144072948],[-64.802238,18.360356],[-64.80152,18.360356],[-64.800864,18.361385],[-64.798857,18.362857],[-64.798349,18.363564],[-64.798645,18.364391],[-64.799562,18.365219],[-64.800455,18.365371],[-64.801196,18.365403],[-64.802067,18.365145],[-64.803146,18.363766],[-64.803611,18.363544],[-64.804604,18.363787],[-64.805578,18.363673],[-64.806295,18.363182],[-64.807901,18.362657],[-64.80938,18.362476],[-64.810627,18.362496],[-64.812212,18.362395],[-64.812782,18.362053]]],[[[-64.824536,18.360667],[-64.824566,18.359722],[-64.82270457847,18.358891779701],[-64.822584,18.358838],[-64.816577,18.358075],[-64.8165596842105,18.3580898421053],[-64.815296,18.359173],[-64.815601,18.360484],[-64.82292,18.360942],[-64.824536,18.360667]]],[[[-64.8393218041155,18.3576411928149],[-64.839345,18.357611],[-64.838928,18.356673],[-64.837129,18.356886],[-64.834019,18.357527],[-64.8334367580117,18.3576696274329],[-64.826426,18.359387],[-64.826182,18.360332],[-64.8261997906137,18.3603431191336],[-64.8263187559055,18.3604174724409],[-64.827158,18.360942],[-64.8298,18.360471],[-64.832485360004,18.3598994253859],[-64.8358991253982,18.3591728108409],[-64.836509,18.359043],[-64.838798,18.358323],[-64.8393218041155,18.3576411928149]]]]}},{"type":"Feature","properties":{"name":"<at><openparen>78020950200<closeparen>","STATEFP":"78","COUNTYFP":"020","TRACTCE":"950200","GEOIDFQ":"1400000US78020950200","GEOID":"78020950200","NAME":"9502","NAMELSAD":"Census Tract 9502","STUSPS":"VI","NAMELSADCO":"St. John Island","STATE_NAME":"United States Virgin Islands","LSAD":"CT","ALAND":"7031421","AWATER":"2418072","jurisdiction":"U.S. Virgin Islands"},"geometry":{"type":"MultiPolygon","coordinates":[[[[-64.798645,18.328249],[-64.799493,18.32685],[-64.798511,18.326278],[-64.7981696425463,18.3263509543728],[-64.797126,18.326574],[-64.7964921535398,18.3261592219878],[-64.7962246279158,18.3259841579091],[-64.796122,18.325917],[-64.795531,18.322551],[-64.793911,18.321191],[-64.792728,18.321805],[-64.791548,18.32168],[-64.790294,18.322886],[-64.788568,18.323591],[-64.7882466688772,18.323367682829],[-64.787155,18.322609],[-64.786513,18.320708],[-64.789267,18.318393],[-64.790875,18.318245],[-64.79179,18.317736],[-64.79191,18.316735],[-64.790964,18.314959],[-64.788663,18.314303],[-64.787079,18.315086],[-64.784891,18.317863],[-64.783881,18.31796],[-64.783239,18.317036],[-64.784597,18.313657],[-64.784120917979,18.3134646167624],[-64.782986,18.313006],[-64.7829010617444,18.312005552761],[-64.782837,18.311251],[-64.780482,18.310883],[-64.779612,18.312651],[-64.7796349208114,18.3126762736975],[-64.7812693951645,18.3144785314617],[-64.781346,18.314563],[-64.779855,18.316516],[-64.7787647242707,18.3163128389744],[-64.778186,18.316205],[-64.776456,18.317026],[-64.775591,18.316601],[-64.775055,18.317026],[-64.774846,18.319036],[-64.77413,18.320564],[-64.772938,18.320904],[-64.768584,18.319856],[-64.767898,18.318922],[-64.7676279184574,18.317939849456],[-64.767213,18.316431],[-64.767772,18.314143],[-64.7677847768712,18.3139216138397],[-64.767879,18.312289],[-64.766112,18.311032],[-64.765394,18.311562],[-64.7652732778057,18.3120502116253],[-64.764827,18.313855],[-64.7647541472397,18.3150683963931],[-64.7647316111111,18.3154437460317],[-64.764708,18.315837],[-64.7658212612176,18.3204393645569],[-64.76605,18.321385],[-64.7659025288916,18.3219213334725],[-64.765692,18.322687],[-64.764201,18.322744],[-64.762087,18.320967],[-64.7619067683895,18.3190080507542],[-64.762675,18.318059],[-64.762064,18.317154],[-64.75962,18.316238],[-64.756597,18.316997],[-64.7564462324129,18.317122612467],[-64.756348,18.317353],[-64.756125,18.317655],[-64.756316,18.326182],[-64.759925,18.326328],[-64.76429,18.329037],[-64.764513,18.329485],[-64.767776,18.330999],[-64.768175,18.331005],[-64.769698,18.331],[-64.770274,18.333644],[-64.771578,18.333631],[-64.77332,18.334735],[-64.77325,18.33693],[-64.77614,18.336547],[-64.780832,18.336132],[-64.784003,18.33597],[-64.787156,18.336662],[-64.788249,18.333417],[-64.793004,18.332867],[-64.793132,18.332283],[-64.793429,18.332784],[-64.7940563375423,18.3326247415108],[-64.794157,18.332064],[-64.796524,18.330538],[-64.798622,18.330877],[-64.799047,18.32969],[-64.7989823651844,18.3294583115192],[-64.798645,18.328249]]],[[[-64.808384,18.33153],[-64.80849,18.330716],[-64.807905,18.32878],[-64.806889541768,18.3286276812652],[-64.806865,18.328624],[-64.8067530299211,18.3287324478413],[-64.806261,18.329209],[-64.806883,18.331274],[-64.807578,18.331823],[-64.808384,18.33153]]]]}},{"type":"Feature","properties":{"name":"<at><openparen>78030960100<closeparen>","STATEFP":"78","COUNTYFP":"030","TRACTCE":"960100","GEOIDFQ":"1400000US78030960100","GEOID":"78030960100","NAME":"9601","NAMELSAD":"Census Tract 9601","STUSPS":"VI","NAMELSADCO":"St. Thomas Island","STATE_NAME":"United States Virgin Islands","LSAD":"CT","ALAND":"6149641","AWATER":"2728580","jurisdiction":"U.S. Virgin Islands"},"geometry":{"type":"MultiPolygon","coordinates":[[[[-64.8746187156151,18.3608181316235],[-64.874978,18.360268],[-64.874539,18.359244],[-64.870069,18.359112],[-64.868802,18.359537],[-64.866607,18.359068],[-64.86409,18.357488],[-64.855601,18.357254],[-64.853651,18.357024],[-64.852031,18.356229],[-64.851357,18.355527],[-64.848489,18.356873],[-64.848138,18.357634],[-64.848255,18.359098],[-64.849396,18.360444],[-64.851343,18.36112],[-64.853816,18.360795],[-64.857006,18.359771],[-64.85847,18.360122],[-64.865173,18.360503],[-64.869037,18.361703],[-64.870266,18.361381],[-64.8704203114925,18.3613681132514],[-64.874481,18.361029],[-64.8746187156151,18.3608181316235]]],[[[-64.8885560541859,18.3543052091148],[-64.888419,18.349814],[-64.88806,18.34972],[-64.88643,18.34976],[-64.88407,18.34961],[-64.88222,18.34837],[-64.88015,18.34439],[-64.88114,18.34415],[-64.88138,18.34283],[-64.88091,18.34308],[-64.88062,18.34401],[-64.878478,18.344188],[-64.87719,18.339699],[-64.875616,18.339105],[-64.871751,18.337372],[-64.87181,18.33642],[-64.871472,18.335085],[-64.869856,18.334225],[-64.869254,18.333896],[-64.866862,18.333855],[-64.861264,18.334587],[-64.861354,18.333761],[-64.86164,18.329649],[-64.852708,18.328803],[-64.852655,18.328799],[-64.8528918765175,18.3252063728176],[-64.84865,18.32738],[-64.848107,18.327914],[-64.846138,18.328332],[-64.84495,18.329498],[-64.844976,18.330569],[-64.845827,18.331768],[-64.846991,18.332425],[-64.8473928510638,18.3325653971631],[-64.84779000207,18.3327041522383],[-64.849235,18.333209],[-64.8491789082905,18.333558268726],[-64.849063,18.33428],[-64.851156,18.335476],[-64.851782,18.337454],[-64.8517613334826,18.3375132067797],[-64.851523,18.338196],[-64.850898,18.338485],[-64.8508323468784,18.3385851514054],[-64.850466,18.339144],[-64.850833,18.33968],[-64.851588,18.339907],[-64.852775,18.339804],[-64.853531,18.339329],[-64.854869,18.33801],[-64.856811,18.338443],[-64.85743,18.339895],[-64.859557,18.341597],[-64.861201,18.343132],[-64.862234,18.344036],[-64.86363,18.344896],[-64.865688,18.345569],[-64.867101,18.345766],[-64.8672830709513,18.3458689725778],[-64.867856,18.346193],[-64.86773,18.34763],[-64.8668626512222,18.3480269531845],[-64.864872,18.348938],[-64.863322,18.348647],[-64.862886,18.349301],[-64.8631305456616,18.349729060134],[-64.863467,18.350318],[-64.864848,18.350512],[-64.866611,18.34988],[-64.8677209554261,18.3497996297519],[-64.867923,18.349785],[-64.868646,18.350691],[-64.8702654725586,18.3509776739004],[-64.870369,18.350996],[-64.872985,18.352013],[-64.875334,18.351868],[-64.876545,18.350657],[-64.877756,18.350875],[-64.8777985558968,18.3511371342517],[-64.877925,18.351916],[-64.879112,18.352304],[-64.880081,18.35211],[-64.881122,18.352837],[-64.880662,18.354362],[-64.88195,18.355093],[-64.883374,18.354847],[-64.884028,18.355646],[-64.886062,18.355743],[-64.886886,18.354484],[-64.8885560541859,18.3543052091148]]]]}},{"type":"Feature","properties":{"name":"<at><openparen>78030960200<closeparen>","STATEFP":"78","COUNTYFP":"030","TRACTCE":"960200","GEOIDFQ":"1400000US78030960200","GEOID":"78030960200","NAME":"9602","NAMELSAD":"Census Tract 9602","STUSPS":"VI","NAMELSADCO":"St. Thomas Island","STATE_NAME":"United States Virgin Islands","LSAD":"CT","ALAND":"7066905","AWATER":"28670","jurisdiction":"U.S. Virgin Islands"},"geometry":{"type":"Polygon","coordinates":[[[-64.906363,18.331101],[-64.906163,18.327471],[-64.90255,18.327371],[-64.901878,18.327152],[-64.901382,18.326834],[-64.90006,18.325891],[-64.900249,18.323881],[-64.895258,18.322708],[-64.89511,18.32451],[-64.894941,18.325582],[-64.891148,18.325852],[-64.88938,18.325148],[-64.887215,18.32593],[-64.88311,18.32899],[-64.883078,18.328958],[-64.880605,18.324885],[-64.878564,18.323731],[-64.87721,18.32357],[-64.876515,18.323358],[-64.873703,18.324321],[-64.86678,18.32549],[-64.866862,18.333855],[-64.869254,18.333896],[-64.869856,18.334225],[-64.871472,18.335085],[-64.87181,18.33642],[-64.871751,18.337372],[-64.875616,18.339105],[-64.87719,18.339699],[-64.878478,18.344188],[-64.88062,18.34401],[-64.88091,18.34308],[-64.88138,18.34283],[-64.881915,18.342581],[-64.8824,18.34237],[-64.88754,18.34004],[-64.88755,18.340334],[-64.888683,18.341553],[-64.891059,18.341844],[-64.891323,18.341849],[-64.894772,18.342019],[-64.896326,18.342965],[-64.900158,18.34479],[-64.90072,18.344197],[-64.900923,18.343517],[-64.904227,18.343997],[-64.904759,18.344012],[-64.905306,18.341753],[-64.905379,18.335665],[-64.906363,18.331101]]]}},{"type":"Feature","properties":{"name":"<at><openparen>78030960300<closeparen>","STATEFP":"78","COUNTYFP":"030","TRACTCE":"960300","GEOIDFQ":"1400000US78030960300","GEOID":"78030960300","NAME":"9603","NAMELSAD":"Census Tract 9603","STUSPS":"VI","NAMELSADCO":"St. Thomas Island","STATE_NAME":"United States Virgin Islands","LSAD":"CT","ALAND":"1721958","AWATER":"0","jurisdiction":"U.S. Virgin Islands"},"geometry":{"type":"Polygon","coordinates":[[[-64.901694,18.346117],[-64.902798,18.344975],[-64.90072,18.344197],[-64.900158,18.34479],[-64.896326,18.342965],[-64.894772,18.342019],[-64.891323,18.341849],[-64.891059,18.341844],[-64.888683,18.341553],[-64.88755,18.340334],[-64.88754,18.34004],[-64.8824,18.34237],[-64.881915,18.342581],[-64.88138,18.34283],[-64.88114,18.34415],[-64.88015,18.34439],[-64.88222,18.34837],[-64.88407,18.34961],[-64.88643,18.34976],[-64.88806,18.34972],[-64.888419,18.349814],[-64.891971,18.350354],[-64.894206,18.350638],[-64.898115,18.349732],[-64.89861,18.348116],[-64.898195,18.34763],[-64.901903,18.347012],[-64.901694,18.346117]]]}},{"type":"Feature","properties":{"name":"<at><openparen>78030960400<closeparen>","STATEFP":"78","COUNTYFP":"030","TRACTCE":"960400","GEOIDFQ":"1400000US78030960400","GEOID":"78030960400","NAME":"9604","NAMELSAD":"Census Tract 9604","STUSPS":"VI","NAMELSADCO":"St. Thomas Island","STATE_NAME":"United States Virgin Islands","LSAD":"CT","ALAND":"11782048","AWATER":"413661","jurisdiction":"U.S. Virgin Islands"},"geometry":{"type":"MultiPolygon","coordinates":[[[[-64.909706,18.415361],[-64.9096616573784,18.4150715487764],[-64.909543,18.414297],[-64.908948,18.413776],[-64.908046,18.413857],[-64.9078458679342,18.4145871454265],[-64.907719,18.41505],[-64.908037,18.415746],[-64.90916,18.415815],[-64.909706,18.415361]]],[[[-64.910262,18.411315],[-64.909859,18.40992],[-64.9091911697815,18.4087400093718],[-64.908868,18.408169],[-64.906604,18.406637],[-64.904553,18.406322],[-64.903892,18.406853],[-64.902931,18.408159],[-64.902901,18.40922],[-64.903059,18.409908],[-64.90466,18.410812],[-64.904445,18.411636],[-64.905465,18.412122],[-64.906712,18.412322],[-64.90812,18.41242],[-64.909263,18.41208],[-64.910262,18.411315]]],[[[-64.916591,18.40507],[-64.917001,18.404266],[-64.916056,18.403624],[-64.91549,18.401754],[-64.913208,18.400957],[-64.912762,18.400732],[-64.912499,18.400304],[-64.912348,18.399848],[-64.912269,18.399088],[-64.912598,18.398529],[-64.913354,18.397575],[-64.913552,18.396918],[-64.913354,18.395734],[-64.912179,18.393989],[-64.911207,18.393349],[-64.910945,18.391509],[-64.910425,18.39094],[-64.908497,18.390498],[-64.908459,18.388694],[-64.907655,18.387575],[-64.906286,18.387473],[-64.905178,18.388073],[-64.9049095509844,18.3886264179707],[-64.904853,18.388743],[-64.904703,18.389639],[-64.904066,18.390271],[-64.903995,18.391353],[-64.903174,18.392119],[-64.902243,18.392501],[-64.900881,18.392645],[-64.899779,18.39234],[-64.899338,18.392655],[-64.899208,18.39322],[-64.899292,18.393721],[-64.900242,18.394768],[-64.901131,18.397072],[-64.902826,18.399089],[-64.903137,18.400141],[-64.904319,18.401049],[-64.905286,18.402704],[-64.907732,18.404068],[-64.912046,18.405395],[-64.915884,18.405715],[-64.916591,18.40507]]],[[[-64.941542,18.352983],[-64.941091,18.350564],[-64.939084,18.34636],[-64.938869,18.345429],[-64.936857,18.345124],[-64.936123,18.345629],[-64.934341,18.346153],[-64.933756,18.345533],[-64.93353,18.345691],[-64.933124,18.345996],[-64.932586,18.346377],[-64.932416,18.346322],[-64.932243,18.34677],[-64.931101,18.346267],[-64.931285,18.345846],[-64.930692,18.345503],[-64.929328,18.344823],[-64.928884,18.348672],[-64.928597,18.351489],[-64.925764,18.351234],[-64.92474,18.35056],[-64.92136,18.350362],[-64.91918,18.34974],[-64.918558,18.349472],[-64.918273,18.349185],[-64.915039,18.347109],[-64.910011,18.346505],[-64.909708,18.344645],[-64.907568,18.344106],[-64.904759,18.344012],[-64.904227,18.343997],[-64.900923,18.343517],[-64.90072,18.344197],[-64.902798,18.344975],[-64.901694,18.346117],[-64.901903,18.347012],[-64.898195,18.34763],[-64.89861,18.348116],[-64.898115,18.349732],[-64.894206,18.350638],[-64.891971,18.350354],[-64.888419,18.349814],[-64.8885560541859,18.3543052091148],[-64.88938,18.354217],[-64.8895217171511,18.3543754707576],[-64.890615,18.355598],[-64.889671,18.357801],[-64.890857,18.361797],[-64.891584,18.3625],[-64.89286,18.362828],[-64.894224,18.362354],[-64.8947755264956,18.3617040447345],[-64.8949970272408,18.3614430136204],[-64.89558,18.360756],[-64.896984,18.360586],[-64.898268,18.36216],[-64.8995042936462,18.362886829087],[-64.900617,18.363541],[-64.902336,18.364001],[-64.90299,18.364752],[-64.905896,18.365333],[-64.909359,18.365866],[-64.911321,18.365696],[-64.912241,18.365914],[-64.912847,18.365285],[-64.914058,18.365599],[-64.9143630579056,18.3662204244677],[-64.915164,18.367852],[-64.917386,18.368558],[-64.918614,18.369729],[-64.921322,18.3701],[-64.923199,18.371803],[-64.923265,18.372655],[-64.925994,18.375013],[-64.927391,18.375122],[-64.928636,18.37652],[-64.930208,18.376672],[-64.930732,18.37748],[-64.93309,18.378266],[-64.9333056892074,18.3783940002221],[-64.935776,18.37986],[-64.93726,18.381498],[-64.9376920769231,18.3814412544379],[-64.938326,18.381358],[-64.93834908644,18.3807624747852],[-64.93837,18.380223],[-64.937312,18.379131],[-64.9366021688367,18.3783762536089],[-64.934815,18.376476],[-64.933876,18.376105],[-64.931333,18.37378],[-64.928583,18.372366],[-64.926739,18.37059],[-64.925619,18.369945],[-64.922064,18.366345],[-64.921933,18.365472],[-64.9224876291444,18.3645523772867],[-64.924963,18.360448],[-64.927294,18.358823],[-64.928142,18.358914],[-64.929845,18.360051],[-64.931347,18.359799],[-64.9319808150914,18.3601427436747],[-64.933209,18.357383],[-64.929687,18.356069],[-64.930752,18.352831],[-64.931674,18.352344],[-64.93269,18.35337],[-64.936954,18.353755],[-64.938855,18.35414],[-64.938827,18.35286],[-64.940385,18.352857],[-64.941542,18.352983]]]]}},{"type":"Feature","properties":{"name":"<at><openparen>78030960500<closeparen>","STATEFP":"78","COUNTYFP":"030","TRACTCE":"960500","GEOIDFQ":"1400000US78030960500","GEOID":"78030960500","NAME":"9605","NAMELSAD":"Census Tract 9605","STUSPS":"VI","NAMELSADCO":"St. Thomas Island","STATE_NAME":"United States Virgin Islands","LSAD":"CT","ALAND":"23428624","AWATER":"10571317","jurisdiction":"U.S. Virgin Islands"},"geometry":{"type":"MultiPolygon","coordinates":[[[[-64.974943,18.400446],[-64.974643,18.398106],[-64.973511,18.396307],[-64.973764,18.395526],[-64.9741036320225,18.395403],[-64.974747,18.39517],[-64.974791,18.394523],[-64.974122,18.393331],[-64.972389,18.392079],[-64.970941,18.391604],[-64.968253,18.392608],[-64.967794,18.393359],[-64.968538,18.394382],[-64.968648,18.394966],[-64.970945,18.396738],[-64.972696,18.399429],[-64.972718,18.400181],[-64.973794,18.401115],[-64.974643,18.401056],[-64.974943,18.400446]]],[[[-64.975713,18.38615],[-64.975841,18.385732],[-64.973573,18.382759],[-64.973443,18.381357],[-64.973185,18.380842],[-64.969268,18.379166],[-64.968318,18.37851],[-64.967363,18.376913],[-64.966565,18.376421],[-64.965792,18.376692],[-64.965664,18.377504],[-64.966206,18.378388],[-64.966438,18.379789],[-64.967752,18.380747],[-64.968139,18.381607],[-64.96747,18.382591],[-64.967754,18.383402],[-64.967729,18.384214],[-64.968528,18.384483],[-64.970304,18.384507],[-64.970591141895,18.384648680547],[-64.971747,18.385219],[-64.973228,18.38669],[-64.97436,18.386712],[-64.975713,18.38615]]],[[[-64.990414,18.316884],[-64.99025,18.316148],[-64.989759,18.315613],[-64.989358,18.315729],[-64.988396,18.316859],[-64.988329,18.317255],[-64.9886392218448,18.3177327576731],[-64.988716,18.317851],[-64.9889081522972,18.317878009359],[-64.988965,18.317886],[-64.9901914873022,18.3172673727255],[-64.990218,18.317254],[-64.990414,18.316884]]],[[[-65.002856,18.304621],[-65.002623,18.304032],[-65.002022,18.30378],[-64.999004,18.304312],[-64.998217,18.305337],[-64.9985647278705,18.3059334193222],[-64.999007,18.306692],[-64.9996500639134,18.308353428876],[-64.999898,18.308994],[-65.000775,18.30925],[-65.0012071964563,18.3088271787379],[-65.001236,18.308799],[-65.0013935519268,18.3067234656345],[-65.001403,18.306599],[-65.002856,18.304621]]],[[[-65.041584,18.353356],[-65.041664,18.352701],[-65.039803,18.351076],[-65.039168,18.350854],[-65.037025,18.348607],[-65.036334,18.348581],[-65.033858,18.346551],[-65.031951,18.34638],[-65.0309110101871,18.3458781914439],[-65.030407,18.345635],[-65.030133,18.344422],[-65.028606,18.342343],[-65.026462,18.341304],[-65.02254,18.341499],[-65.021889,18.34384],[-65.020508,18.344463],[-65.019439,18.34388],[-65.018257,18.344208],[-65.017603,18.343827],[-65.016532,18.344244],[-65.015662,18.345476],[-65.014627,18.345529],[-65.013646,18.344785],[-65.013026,18.343051],[-65.011537,18.342272],[-65.010702,18.342654],[-65.010086,18.343955],[-65.006982,18.345311],[-65.005311,18.345295],[-65.003061,18.346268],[-65.001644,18.346286],[-65.000646,18.347189],[-64.99943,18.347762],[-64.997582090213,18.3493886862921],[-64.996899,18.34999],[-64.995736,18.351533],[-64.9954498509835,18.3515224354266],[-64.991944,18.351393],[-64.987662,18.35007],[-64.9870147702975,18.349478287286],[-64.98582,18.348386],[-64.985669,18.346306],[-64.984984,18.345959],[-64.984091,18.346236],[-64.9800700847603,18.3454350176806],[-64.9798330368956,18.3453877968025],[-64.979732,18.345895],[-64.977074,18.349456],[-64.975837,18.347789],[-64.972948,18.346589],[-64.971067,18.346791],[-64.97112,18.353546],[-64.970526,18.355005],[-64.970759,18.356987],[-64.970235,18.356758],[-64.969292,18.355935],[-64.964106,18.354601],[-64.961782,18.354131],[-64.960142,18.353397],[-64.957862,18.352111],[-64.956582,18.352004],[-64.954913,18.35222],[-64.954666,18.358419],[-64.954281,18.360479],[-64.953276,18.360067],[-64.950852,18.361487],[-64.950852,18.356792],[-64.946088,18.354831],[-64.94455,18.355218],[-64.941953,18.354392],[-64.941542,18.352983],[-64.940385,18.352857],[-64.938827,18.35286],[-64.938855,18.35414],[-64.936954,18.353755],[-64.93269,18.35337],[-64.931674,18.352344],[-64.930752,18.352831],[-64.929687,18.356069],[-64.933209,18.357383],[-64.9319808150914,18.3601427436747],[-64.933449,18.360939],[-64.9338663723473,18.3614662602358],[-64.934277,18.361985],[-64.936342,18.362235],[-64.939798,18.364098],[-64.9416609110843,18.3663056998697],[-64.942278,18.367037],[-64.942054,18.368184],[-64.942468,18.36969],[-64.945147,18.370511],[-64.94645,18.372198],[-64.9483850961107,18.3723617884487],[-64.948553,18.372376],[-64.949792,18.375077],[-64.950709,18.376069],[-64.95206,18.376213],[-64.952461,18.375529],[-64.9524364799761,18.375443],[-64.9517856720902,18.3731603970793],[-64.95103,18.37051],[-64.951917,18.369183],[-64.956055456337,18.3688521364104],[-64.957156,18.368963],[-64.958503,18.369429],[-64.95903,18.370375],[-64.9591074775835,18.3703800709577],[-64.959962,18.370436],[-64.960397,18.36987],[-64.962027,18.369517],[-64.962581,18.370423],[-64.9626724459569,18.3704608135532],[-64.963425,18.370772],[-64.964629,18.370236],[-64.96485,18.369295],[-64.966031,18.368603],[-64.967181,18.368661],[-64.972116,18.371383],[-64.97411,18.371907],[-64.9750868454169,18.3716843663624],[-64.975321,18.371631],[-64.9753262167933,18.3716317149381],[-64.9779363342776,18.371989419826],[-64.978577375946,18.3720772717099],[-64.979254,18.37217],[-64.9816816134234,18.3720721899479],[-64.982282,18.372048],[-64.983175,18.370832],[-64.985541,18.370723],[-64.987081,18.371439],[-64.9884727323708,18.3715264464429],[-64.9896124821122,18.3715980601114],[-64.989898,18.371616],[-64.9904454601128,18.3713889450509],[-64.991024,18.371149],[-64.991411,18.370634],[-64.991998,18.367993],[-64.991583,18.366917],[-64.992633,18.365231],[-64.9931665006675,18.3651362957395],[-64.993647,18.365051],[-64.994172,18.363867],[-64.993833,18.362469],[-64.994395,18.361321],[-64.996085,18.361141],[-64.9962344469973,18.3612032903042],[-64.997287,18.361642],[-64.999466,18.363504],[-64.999591,18.365207],[-65.00057,18.366068],[-65.002924,18.365904],[-65.00454,18.367659],[-65.006005,18.367802],[-65.006455,18.367012],[-65.005776,18.363965],[-65.006563,18.36253],[-65.0068815707982,18.3625228649397],[-65.008215,18.362493],[-65.00968,18.362312],[-65.010206,18.36267],[-65.011407,18.362347],[-65.011744,18.361342],[-65.01302,18.36109],[-65.013547,18.361663],[-65.017414,18.361229],[-65.017976,18.360297],[-65.019666,18.360259],[-65.020343,18.361155],[-65.023248,18.361539],[-65.0250560501952,18.3613725874198],[-65.025258,18.361354],[-65.025877,18.361981],[-65.027012,18.361822],[-65.027861,18.359997],[-65.029532,18.359843],[-65.030545,18.360377],[-65.031997,18.360295],[-65.03304,18.359803],[-65.033064,18.35935],[-65.03191,18.357979],[-65.031894,18.357543],[-65.033344,18.355188],[-65.034306,18.354595],[-65.034109,18.353628],[-65.034885,18.352847],[-65.035522,18.352596],[-65.036377,18.352816],[-65.037307,18.352461],[-65.041111,18.35359],[-65.041584,18.353356]]],[[[-65.048149,18.360299],[-65.047953,18.359629],[-65.046991,18.359156],[-65.046765,18.357787],[-65.046032,18.356665],[-65.044794,18.356435],[-65.044253,18.356613],[-65.043396,18.358593],[-65.043323,18.359252],[-65.044153,18.359984],[-65.044983,18.360204],[-65.045866,18.360133],[-65.046648,18.361021],[-65.0468205074859,18.361033582899],[-65.047498,18.361083],[-65.048149,18.360299]]],[[[-65.055991,18.363133],[-65.055967,18.362523],[-65.053599,18.36101],[-65.0529279189833,18.3602868742386],[-65.052013,18.359301],[-65.050792,18.359081],[-65.050548,18.360082],[-65.04962,18.361766],[-65.050084,18.362767],[-65.050963,18.363158],[-65.051891,18.362401],[-65.054112,18.363597],[-65.055479,18.363768],[-65.055991,18.363133]]],[[[-65.05852,18.351434],[-65.058813,18.350896],[-65.058513,18.349598],[-65.05769,18.349431],[-65.0571982514998,18.3495091116751],[-65.057136,18.349519],[-65.056586,18.35021],[-65.057003,18.351368],[-65.057751,18.351651],[-65.05852,18.351434]]],[[[-65.063721,18.380562],[-65.064232,18.379982],[-65.063465090954,18.3788544086345],[-65.063188,18.378447],[-65.062127,18.378195],[-65.061483,18.378177],[-65.060688,18.378666],[-65.060654,18.379366],[-65.060084,18.380476],[-65.059421,18.380766],[-65.059308,18.381182],[-65.059934,18.381778],[-65.06107,18.381668],[-65.062149,18.380871],[-65.063721,18.380562]]],[[[-65.085362,18.336817],[-65.0853612420502,18.3359514213429],[-65.085361,18.335675],[-65.084995,18.335308],[-65.084694,18.335141],[-65.084556,18.33519],[-65.083829,18.33576],[-65.080303,18.337014],[-65.079384,18.336899],[-65.07865,18.336572],[-65.077835,18.336671],[-65.077466,18.337085],[-65.077415,18.337966],[-65.077252,18.338659],[-65.076439,18.33932],[-65.075127,18.339479],[-65.074791,18.339749],[-65.074625,18.340815],[-65.074286,18.341196],[-65.073888,18.341559],[-65.073864,18.341964],[-65.074495,18.342692],[-65.074665,18.343316],[-65.07535,18.343849],[-65.075331,18.344477],[-65.074741,18.345124],[-65.074665,18.345676],[-65.074969,18.346571],[-65.07556,18.346723],[-65.076054,18.34638],[-65.07733,18.34501],[-65.082005,18.341703],[-65.082129,18.341185],[-65.081388,18.340173],[-65.082351,18.338717],[-65.08435,18.338594],[-65.085362,18.336817]]]]}},{"type":"Feature","properties":{"name":"<at><openparen>78030960600<closeparen>","STATEFP":"78","COUNTYFP":"030","TRACTCE":"960600","GEOIDFQ":"1400000US78030960600","GEOID":"78030960600","NAME":"9606","NAMELSAD":"Census Tract 9606","STUSPS":"VI","NAMELSADCO":"St. Thomas Island","STATE_NAME":"United States Virgin Islands","LSAD":"CT","ALAND":"3038124","AWATER":"0","jurisdiction":"U.S. Virgin Islands"},"geometry":{"type":"Polygon","coordinates":[[[-64.964106,18.354601],[-64.963934,18.35161],[-64.96284,18.35179],[-64.96093,18.35087],[-64.95855,18.34781],[-64.95714,18.34751],[-64.95615,18.34582],[-64.955091,18.345095],[-64.95613,18.34476],[-64.955071,18.343659],[-64.95462,18.34079],[-64.953161,18.338147],[-64.953098,18.337074],[-64.952219,18.337036],[-64.949776,18.337449],[-64.947422,18.33777],[-64.947696,18.34037],[-64.948085,18.345143],[-64.947458,18.345123],[-64.946121,18.345211],[-64.942764,18.344388],[-64.939953,18.344206],[-64.938597,18.344117],[-64.938869,18.345429],[-64.939084,18.34636],[-64.941091,18.350564],[-64.941542,18.352983],[-64.941953,18.354392],[-64.94455,18.355218],[-64.946088,18.354831],[-64.950852,18.356792],[-64.950852,18.361487],[-64.953276,18.360067],[-64.954281,18.360479],[-64.954666,18.358419],[-64.954913,18.35222],[-64.956582,18.352004],[-64.957862,18.352111],[-64.960142,18.353397],[-64.961782,18.354131],[-64.964106,18.354601]]]}},{"type":"Feature","properties":{"name":"<at><openparen>78030960700<closeparen>","STATEFP":"78","COUNTYFP":"030","TRACTCE":"960700","GEOIDFQ":"1400000US78030960700","GEOID":"78030960700","NAME":"9607","NAMELSAD":"Census Tract 9607","STUSPS":"VI","NAMELSADCO":"St. Thomas Island","STATE_NAME":"United States Virgin Islands","LSAD":"CT","ALAND":"5539157","AWATER":"6925358","jurisdiction":"U.S. Virgin Islands"},"geometry":{"type":"MultiPolygon","coordinates":[[[[-64.817646,18.296485],[-64.817599,18.295131],[-64.816544,18.294591],[-64.814627,18.294972],[-64.814228,18.295281],[-64.814219,18.295874],[-64.8143391363725,18.2959885323435],[-64.814562,18.296201],[-64.816951,18.296776],[-64.817646,18.296485]]],[[[-64.828682,18.300073],[-64.829162,18.297974],[-64.828181,18.29753],[-64.825612,18.298821],[-64.823256,18.297591],[-64.822751051826,18.2977433493173],[-64.821738,18.298049],[-64.822264,18.299253],[-64.824068,18.301205],[-64.823537,18.302577],[-64.824034,18.303229],[-64.824857,18.303281],[-64.825698,18.301771],[-64.826915,18.301291],[-64.828126,18.30171],[-64.828975,18.301224],[-64.828682,18.300073]]],[[[-64.832977,18.307213],[-64.8332,18.305502],[-64.832084,18.304956],[-64.829654,18.305651],[-64.828464,18.306791],[-64.828563,18.308254],[-64.8285547087395,18.3082607661613],[-64.825736,18.310561],[-64.82415925,18.310995],[-64.823033,18.311305],[-64.822686,18.312941],[-64.82462,18.313512],[-64.826232,18.312544],[-64.827695,18.313313],[-64.827571,18.314479],[-64.828365,18.315099],[-64.830921,18.315412],[-64.832283,18.314479],[-64.831911,18.313363],[-64.830993,18.312966],[-64.830646,18.309222],[-64.832977,18.307213]]],[[[-64.8812692727523,18.3170703730105],[-64.88076,18.317303],[-64.878452,18.316613],[-64.876192,18.31678],[-64.8760947536918,18.3166527230426],[-64.875366,18.316132],[-64.871247,18.31889],[-64.871008,18.318854],[-64.8693457697447,18.3186753782409],[-64.869242,18.318886],[-64.868415,18.31974],[-64.868085,18.319685],[-64.867534,18.320029],[-64.867176,18.321351],[-64.866639,18.321379],[-64.865482,18.319685],[-64.8654988513441,18.3196637240013],[-64.8660891589793,18.3189184193893],[-64.866377,18.318555],[-64.866281,18.317564],[-64.866446,18.316903],[-64.865543,18.31591],[-64.864832,18.316142],[-64.8646,18.31704],[-64.863795,18.317611],[-64.8623690283742,18.3175680705983],[-64.861802,18.317551],[-64.861029,18.318681],[-64.85943,18.318676],[-64.859143,18.318107],[-64.858144,18.318235],[-64.857862,18.319183],[-64.85734,18.319577],[-64.855361,18.319644],[-64.853683,18.318695],[-64.852919,18.318824],[-64.852136,18.31809],[-64.851996,18.317352],[-64.852669,18.316555],[-64.852546,18.315976],[-64.851867,18.315704],[-64.850623,18.315922],[-64.849847,18.315061],[-64.848067,18.314811],[-64.846994,18.313656],[-64.846344,18.312021],[-64.845271,18.311759],[-64.844598,18.312773],[-64.843754,18.31322],[-64.843948,18.314113],[-64.845146,18.314756],[-64.845491,18.316097],[-64.844829,18.317262],[-64.843733,18.317695],[-64.843082,18.317083],[-64.842021,18.317079],[-64.840834,18.317399],[-64.838938,18.315344],[-64.837386,18.315481],[-64.836815,18.315983],[-64.837728,18.318289],[-64.838208,18.318791],[-64.842885,18.32112],[-64.842974,18.32234],[-64.84238,18.322965],[-64.840179,18.324124],[-64.837719,18.324821],[-64.835836,18.324035],[-64.832386,18.323916],[-64.831837,18.324768],[-64.833843,18.326534],[-64.838366,18.326832],[-64.841398,18.325387],[-64.8416450420624,18.3251989158752],[-64.842588,18.324481],[-64.8455001903199,18.323443],[-64.846008,18.323262],[-64.847406,18.324541],[-64.8476624571305,18.3245376106987],[-64.848121462387,18.3245315445499],[-64.848314,18.324529],[-64.853329,18.322403],[-64.854094,18.32234],[-64.854604,18.323232],[-64.854349,18.324251],[-64.853722,18.324781],[-64.8528918765175,18.3252063728176],[-64.852655,18.328799],[-64.852708,18.328803],[-64.86164,18.329649],[-64.861354,18.333761],[-64.861264,18.334587],[-64.866862,18.333855],[-64.86678,18.32549],[-64.873703,18.324321],[-64.876515,18.323358],[-64.87721,18.32357],[-64.878564,18.323731],[-64.880188,18.321918],[-64.88025,18.31941],[-64.8812692727523,18.3170703730105]]]]}},{"type":"Feature","properties":{"name":"<at><openparen>78030960800<closeparen>","STATEFP":"78","COUNTYFP":"030","TRACTCE":"960800","GEOIDFQ":"1400000US78030960800","GEOID":"78030960800","NAME":"9608","NAMELSAD":"Census Tract 9608","STUSPS":"VI","NAMELSADCO":"St. Thomas Island","STATE_NAME":"United States Virgin Islands","LSAD":"CT","ALAND":"7701743","AWATER":"3715138","jurisdiction":"U.S. Virgin Islands"},"geometry":{"type":"MultiPolygon","coordinates":[[[[-64.96089,18.31373],[-64.960146,18.312823],[-64.958035,18.313031],[-64.955744,18.312689],[-64.955477,18.311321],[-64.956985,18.310437],[-64.958927,18.310756],[-64.960087,18.309834],[-64.959882,18.309035],[-64.960099,18.307753],[-64.95893,18.307432],[-64.957602,18.306344],[-64.956426,18.306623],[-64.95555,18.306607],[-64.953546,18.308121],[-64.952941,18.309892],[-64.953009,18.310648],[-64.952313,18.312502],[-64.951362,18.316942],[-64.951927,18.319005],[-64.951346,18.319655],[-64.948315,18.320956],[-64.947679,18.320915],[-64.947056,18.32014],[-64.946794,18.3200883380282],[-64.946275,18.319986],[-64.945728,18.320417],[-64.945366,18.321199],[-64.944676,18.321288],[-64.943933,18.32039],[-64.942998,18.320156],[-64.942749,18.318528],[-64.942405,18.317995],[-64.941006,18.317629],[-64.940263,18.318139],[-64.940451,18.319127],[-64.941361,18.320681],[-64.94155,18.322202],[-64.942276,18.322454],[-64.942765,18.323709],[-64.942049,18.3243],[-64.942479,18.326106],[-64.942071,18.326706],[-64.942668,18.327846],[-64.943925,18.328025],[-64.944956,18.329111],[-64.945904,18.329254],[-64.946815,18.329013],[-64.948039,18.327153],[-64.949012,18.327182],[-64.9491519672899,18.3270481667348],[-64.949765,18.326462],[-64.949765,18.325112],[-64.951429,18.324212],[-64.952244,18.322681],[-64.954222,18.32199],[-64.955509,18.32118],[-64.956514,18.319979],[-64.957644,18.319858],[-64.958178,18.319288],[-64.957641,18.318565],[-64.956481,18.318179],[-64.956417,18.31623],[-64.957767,18.315619],[-64.960117,18.314816],[-64.96089,18.31373]]],[[[-64.984056,18.3377],[-64.984135,18.336252],[-64.983722,18.33543],[-64.982834,18.335279],[-64.975073,18.335483],[-64.974631,18.335121],[-64.972675,18.330527],[-64.972139,18.330181],[-64.971397,18.330397],[-64.970675,18.331544],[-64.969587,18.33219],[-64.96971,18.334781],[-64.968688,18.335813],[-64.966941,18.336208],[-64.963895,18.335083],[-64.9633814373151,18.3339536952033],[-64.963317,18.333812],[-64.964229,18.333033],[-64.964202,18.331773],[-64.96381,18.331337],[-64.964495,18.329293],[-64.965532,18.32766],[-64.964947,18.325312],[-64.964352,18.324813],[-64.962364,18.324569],[-64.961794,18.325208],[-64.961966,18.327379],[-64.961547,18.329738],[-64.961185,18.330145],[-64.9606489276755,18.3300546310157],[-64.960574,18.330042],[-64.959302,18.328017],[-64.958564,18.327939],[-64.957682,18.327274],[-64.95679,18.327294],[-64.955602,18.328097],[-64.954855,18.329262],[-64.9553086012201,18.3305389302272],[-64.955385,18.330754],[-64.954763,18.332146],[-64.9525738451025,18.33457999459],[-64.9525405044504,18.3346170641309],[-64.952331,18.33485],[-64.950958,18.334405],[-64.949799,18.335447],[-64.9472800593963,18.3360145304579],[-64.947096,18.336056],[-64.945525,18.33553],[-64.9450250468545,18.3350782879475],[-64.94498,18.337555],[-64.945095,18.338026],[-64.947422,18.33777],[-64.949776,18.337449],[-64.952219,18.337036],[-64.953098,18.337074],[-64.953161,18.338147],[-64.95462,18.34079],[-64.955071,18.343659],[-64.95613,18.34476],[-64.955091,18.345095],[-64.95615,18.34582],[-64.95714,18.34751],[-64.95855,18.34781],[-64.96093,18.35087],[-64.96284,18.35179],[-64.963934,18.35161],[-64.964106,18.354601],[-64.969292,18.355935],[-64.970235,18.356758],[-64.970759,18.356987],[-64.970526,18.355005],[-64.97112,18.353546],[-64.971067,18.346791],[-64.972948,18.346589],[-64.975837,18.347789],[-64.977074,18.349456],[-64.979732,18.345895],[-64.9798330368956,18.3453877968025],[-64.979066,18.345235],[-64.977448,18.343889],[-64.9770364178558,18.3430997742691],[-64.976781,18.34261],[-64.976712488727,18.3412631427264],[-64.9766795427455,18.3406154604846],[-64.976652,18.340074],[-64.97575,18.339429],[-64.975899,18.338138],[-64.984056,18.3377]]]]}},{"type":"Feature","properties":{"name":"<at><openparen>78030960900<closeparen>","STATEFP":"78","COUNTYFP":"030","TRACTCE":"960900","GEOIDFQ":"1400000US78030960900","GEOID":"78030960900","NAME":"9609","NAMELSAD":"Census Tract 9609","STUSPS":"VI","NAMELSADCO":"St. Thomas Island","STATE_NAME":"United States Virgin Islands","LSAD":"CT","ALAND":"8100206","AWATER":"3040068","jurisdiction":"U.S. Virgin Islands"},"geometry":{"type":"MultiPolygon","coordinates":[[[[-64.865576,18.313935],[-64.865444,18.312964],[-64.864388,18.312826],[-64.863736,18.313667],[-64.864085,18.314288],[-64.865174,18.314371],[-64.865576,18.313935]]],[[[-64.868796,18.315699],[-64.868558,18.314615],[-64.867516,18.314451],[-64.866764,18.315157],[-64.867070408625,18.3155445167904],[-64.8671963892239,18.315703845195],[-64.86741,18.315974],[-64.868339,18.3161],[-64.868796,18.315699]]],[[[-64.869205,18.308494],[-64.8691393540199,18.3079357763817],[-64.869064,18.307295],[-64.8661329695364,18.305890701973],[-64.865497,18.305586],[-64.862484,18.30623],[-64.8622751850593,18.3069619286582],[-64.862193,18.30725],[-64.8623738056434,18.3075235826806],[-64.862688,18.307999],[-64.865469,18.307565],[-64.868285,18.30904],[-64.8688148124523,18.3087255678272],[-64.869205,18.308494]]],[[[-64.875366,18.316132],[-64.8760947536918,18.3166527230426],[-64.8751379409745,18.3154004368249],[-64.875091,18.315339],[-64.873539,18.314297],[-64.873289,18.313609],[-64.872768,18.313389],[-64.872338,18.313638],[-64.872098,18.314393],[-64.871337,18.314996],[-64.870576,18.316229],[-64.869616,18.316851],[-64.869335,18.317492],[-64.8696322650827,18.3180406500241],[-64.869646,18.318066],[-64.8693457697447,18.3186753782409],[-64.871008,18.318854],[-64.871247,18.31889],[-64.875366,18.316132]]],[[[-64.889504,18.275789],[-64.889415,18.275147],[-64.8889681325843,18.2747747494382],[-64.888343,18.274254],[-64.887897,18.274057],[-64.887147,18.273968],[-64.886718,18.274343],[-64.8857,18.275986],[-64.885915,18.276539],[-64.886665,18.276664],[-64.8892,18.276182],[-64.889504,18.275789]]],[[[-64.896397,18.27745],[-64.896058,18.276325],[-64.8963730666392,18.2752561290651],[-64.896379,18.275236],[-64.895915,18.274664],[-64.894968,18.274682],[-64.894254,18.276004],[-64.892915,18.276522],[-64.891593,18.276664],[-64.890986,18.276914],[-64.890915,18.27745],[-64.891379,18.278004],[-64.891647,18.278825],[-64.892575,18.279468],[-64.89354,18.279182],[-64.894218,18.278236],[-64.896004,18.278039],[-64.896397,18.27745]]],[[[-64.909073,18.309847],[-64.908637,18.308852],[-64.907586,18.308873],[-64.907224,18.309799],[-64.907439,18.310564],[-64.908519,18.310576],[-64.909073,18.309847]]],[[[-64.9245108371909,18.3307412423429],[-64.924477,18.330141],[-64.9239552637324,18.3292165688949],[-64.9233714807795,18.3281822012385],[-64.923355,18.328153],[-64.924132,18.327497],[-64.923583,18.326536],[-64.922919,18.326449],[-64.922393,18.325816],[-64.921523,18.325423],[-64.921393878655,18.3250141157407],[-64.921385,18.324986],[-64.92182,18.324308],[-64.921407,18.322516],[-64.922894,18.321183],[-64.922893,18.319784],[-64.921381,18.31974],[-64.919438,18.32007],[-64.917516,18.319568],[-64.9175566852081,18.3192845448138],[-64.917607,18.318934],[-64.914953,18.317755],[-64.913534,18.317515],[-64.913076,18.316925],[-64.91152,18.316161],[-64.911222,18.315287],[-64.908682,18.314348],[-64.907744,18.314786],[-64.906508,18.313584],[-64.906347,18.311661],[-64.905855,18.311085],[-64.904883,18.311094],[-64.9041628975736,18.3116471465945],[-64.903602,18.312078],[-64.902412,18.312034],[-64.9020676528085,18.311365182132],[-64.901771,18.310789],[-64.900215,18.310746],[-64.8990242094902,18.3100046635011],[-64.898628,18.309758],[-64.897666,18.310015],[-64.897362,18.310561],[-64.897791,18.311725],[-64.89605,18.313105],[-64.895139,18.312877],[-64.894594,18.312173],[-64.893903,18.31192],[-64.891093,18.313496],[-64.890689,18.313698],[-64.889998,18.313448],[-64.888316,18.310925],[-64.887028,18.310496],[-64.886468,18.309139],[-64.883613,18.308153],[-64.881405,18.308213],[-64.879982,18.307396],[-64.879651,18.306198],[-64.878562,18.305089],[-64.878907,18.303966],[-64.878659,18.303057],[-64.877998,18.302809],[-64.877122,18.303554],[-64.876006,18.304132],[-64.874625,18.303906],[-64.873842,18.304605],[-64.8738454024724,18.3046401455383],[-64.873927,18.305483],[-64.8734101054461,18.305776603708],[-64.873383,18.305792],[-64.871203,18.305126],[-64.870369,18.304427],[-64.869807,18.304915],[-64.8698447803734,18.3050356309575],[-64.870403,18.306818],[-64.8707830823945,18.3075727233803],[-64.8718,18.309592],[-64.873273192496,18.3098092281722],[-64.8745704710707,18.3100005171275],[-64.874628,18.310009],[-64.876567,18.309776],[-64.877351,18.310443],[-64.876908,18.311939],[-64.878195,18.312802],[-64.88135,18.313318],[-64.882426,18.316542],[-64.8812692727523,18.3170703730105],[-64.88025,18.31941],[-64.880188,18.321918],[-64.878564,18.323731],[-64.880605,18.324885],[-64.883078,18.328958],[-64.88311,18.32899],[-64.887215,18.32593],[-64.88938,18.325148],[-64.891148,18.325852],[-64.894941,18.325582],[-64.89511,18.32451],[-64.895258,18.322708],[-64.900249,18.323881],[-64.90006,18.325891],[-64.901382,18.326834],[-64.901878,18.327152],[-64.90255,18.327371],[-64.906163,18.327471],[-64.908497,18.32744],[-64.909897,18.327996],[-64.912054,18.328946],[-64.913094,18.330077],[-64.918458,18.329009],[-64.91939,18.329852],[-64.92147,18.33137],[-64.923007,18.32995],[-64.9245108371909,18.3307412423429]]]]}},{"type":"Feature","properties":{"name":"<at><openparen>78030961000<closeparen>","STATEFP":"78","COUNTYFP":"030","TRACTCE":"961000","GEOIDFQ":"1400000US78030961000","GEOID":"78030961000","NAME":"9610","NAMELSAD":"Census Tract 9610","STUSPS":"VI","NAMELSADCO":"St. Thomas Island","STATE_NAME":"United States Virgin Islands","LSAD":"CT","ALAND":"1999920","AWATER":"2358459","jurisdiction":"U.S. Virgin Islands"},"geometry":{"type":"MultiPolygon","coordinates":[[[[-64.939124,18.334185],[-64.939264,18.333197],[-64.938258,18.332734],[-64.9381654620913,18.3326582789902],[-64.937229,18.331892],[-64.9372059534884,18.3304400697674],[-64.937205,18.33038],[-64.936333,18.328581],[-64.936199,18.326931],[-64.93517,18.326557],[-64.934983,18.325434],[-64.933625,18.323117],[-64.932853,18.323094],[-64.932198,18.324147],[-64.930817,18.325363],[-64.930349,18.325925],[-64.930513,18.326533],[-64.93166,18.32782],[-64.9318,18.32885],[-64.932736,18.329879],[-64.93407,18.329692],[-64.934912,18.330347],[-64.934632,18.331447],[-64.934783,18.333752],[-64.936152,18.335901],[-64.936875,18.336006],[-64.937673,18.335706],[-64.939124,18.334185]]],[[[-64.948085,18.345143],[-64.947696,18.34037],[-64.947422,18.33777],[-64.945095,18.338026],[-64.94498,18.337555],[-64.9450250468545,18.3350782879475],[-64.9447455935183,18.3348257994069],[-64.944271,18.334397],[-64.9433636626225,18.3342800861719],[-64.943006,18.334234],[-64.940841,18.334708],[-64.940474,18.335871],[-64.9405465649543,18.3365112790089],[-64.940644,18.337371],[-64.9405718043479,18.3374274116091],[-64.9383502470431,18.3391632726856],[-64.938325,18.339183],[-64.9374764790438,18.3392640363959],[-64.933833,18.339612],[-64.9329920851025,18.3401050974551],[-64.932849,18.340189],[-64.931128,18.340522],[-64.9305363905154,18.340278792118],[-64.930929,18.340554],[-64.931285,18.345846],[-64.931101,18.346267],[-64.932243,18.34677],[-64.932416,18.346322],[-64.932586,18.346377],[-64.933124,18.345996],[-64.93353,18.345691],[-64.933756,18.345533],[-64.934341,18.346153],[-64.936123,18.345629],[-64.936857,18.345124],[-64.938869,18.345429],[-64.938597,18.344117],[-64.939953,18.344206],[-64.942764,18.344388],[-64.946121,18.345211],[-64.947458,18.345123],[-64.948085,18.345143]]]]}},{"type":"Feature","properties":{"name":"<at><openparen>78030961100<closeparen>","STATEFP":"78","COUNTYFP":"030","TRACTCE":"961100","GEOIDFQ":"1400000US78030961100","GEOID":"78030961100","NAME":"9611","NAMELSAD":"Census Tract 9611","STUSPS":"VI","NAMELSADCO":"St. Thomas Island","STATE_NAME":"United States Virgin Islands","LSAD":"CT","ALAND":"3479231","AWATER":"0","jurisdiction":"U.S. Virgin Islands"},"geometry":{"type":"Polygon","coordinates":[[[-64.924546,18.331365],[-64.9245108371909,18.3307412423429],[-64.923007,18.32995],[-64.92147,18.33137],[-64.91939,18.329852],[-64.918458,18.329009],[-64.913094,18.330077],[-64.912054,18.328946],[-64.909897,18.327996],[-64.908497,18.32744],[-64.906163,18.327471],[-64.906363,18.331101],[-64.905379,18.335665],[-64.905306,18.341753],[-64.904759,18.344012],[-64.907568,18.344106],[-64.909708,18.344645],[-64.910011,18.346505],[-64.915039,18.347109],[-64.918273,18.349185],[-64.918558,18.349472],[-64.91918,18.34974],[-64.92136,18.350362],[-64.921841,18.348303],[-64.922788,18.344005],[-64.922926,18.343402],[-64.923501,18.343271],[-64.923639,18.342338],[-64.921285,18.341489],[-64.922189,18.338774],[-64.92269826717,18.3374671044908],[-64.920748,18.336583],[-64.919384,18.334796],[-64.919383187549,18.3345652639231],[-64.919383,18.334512],[-64.923586,18.331999],[-64.924546,18.331365]]]}},{"type":"Feature","properties":{"name":"<at><openparen>78030961200<closeparen>","STATEFP":"78","COUNTYFP":"030","TRACTCE":"961200","GEOIDFQ":"1400000US78030961200","GEOID":"78030961200","NAME":"9612","NAMELSAD":"Census Tract 9612","STUSPS":"VI","NAMELSADCO":"St. Thomas Island","STATE_NAME":"United States Virgin Islands","LSAD":"CT","ALAND":"1101324","AWATER":"802134","jurisdiction":"U.S. Virgin Islands"},"geometry":{"type":"Polygon","coordinates":[[[-64.931285,18.345846],[-64.930929,18.340554],[-64.9305363905154,18.340278792118],[-64.929722,18.339944],[-64.928816,18.340363],[-64.928741773248,18.3403587614988],[-64.9276823916117,18.3402982686145],[-64.927415,18.340283],[-64.926339,18.339824],[-64.925918197258,18.3390205591935],[-64.92549,18.338203],[-64.923876,18.338001],[-64.92269826717,18.3374671044908],[-64.922189,18.338774],[-64.921285,18.341489],[-64.923639,18.342338],[-64.923501,18.343271],[-64.922926,18.343402],[-64.922788,18.344005],[-64.921841,18.348303],[-64.92136,18.350362],[-64.92474,18.35056],[-64.925764,18.351234],[-64.928597,18.351489],[-64.928884,18.348672],[-64.929328,18.344823],[-64.930692,18.345503],[-64.931285,18.345846]]]}}]}